"REPORT_ID","Stats Area","Suburb","Postcode","LGA Name","Total Units","Total Cas","Total Fats","Total SI","Total MI","Year","Month","Day","Time","Area Speed","Position Type","Horizontal Align","Vertical Align","Other Feat","Road Surface","Moisture Cond","Weather Cond","DayNight","Crash Type","Unit Resp","Entity Code","CSEF Severity","Traffic Ctrls","DUI Involved","Drugs Involved","ACCLOC_X","ACCLOC_Y","UNIQUE_LOC"
"2018-966-27/05/2021","2 Metropolitan","SEACOMBE GARDENS","5047","CC MARION.                    ",2,0,0,0,0,2018,"February","Thursday","11:59 am","025","Not Divided","Straight road","Level","Roadworks","Sealed","Dry","Not Raining","Daylight","Side Swipe","02","Driver Rider","1: PDO","No Control","","",1323116.69,1660638.8,"13231171660639"
"2018-967-27/05/2021","2 Metropolitan","NAILSWORTH","5083","CITY OF PROSPECT",2,0,0,0,0,2018,"February","Thursday","05:45 pm","050","T-Junction","Straight road","Level","Not Applicable","Sealed","Dry","Not Raining","Daylight","Right Angle","02","Driver Rider","1: PDO","No Control","","",1329626.44,1675283.37,"13296261675283"
"2018-968-27/05/2021","2 Metropolitan","NORWOOD","5067","CC OF NORWOOD,PAYNEHAM & ST PETERS",2,0,0,0,0,2018,"February","Thursday","04:14 pm","050","Not Divided","Straight road","Level","Not Applicable","Sealed","Dry","Not Raining","Daylight","Side Swipe","01","Driver Rider","1: PDO","No Control","","",1330832.32,1670938.12,"13308321670938"
"2018-969-27/05/2021","3 Country","WHYALLA STUART","5608","CC WHYALLA.                   ",2,0,0,0,0,2018,"February","Thursday","05:50 pm","050","Not Divided","Straight road","Level","Driveway or Entrance","Sealed","Dry","Not Raining","Daylight","Right Angle","02","Driver Rider","1: PDO","No Control","","",1235550.99,1883641.05,"12355511883641"
"2018-970-27/05/2021","2 Metropolitan","WOODSIDE","5244","THE ADELAIDE HILLS COUNCIL",2,1,0,0,1,2018,"February","Thursday","06:01 pm","080","Not Divided","Straight road","Bottom of Hill","Driveway or Entrance","Sealed","Dry","Not Raining","Daylight","Head On","09","Other","2: MI","No Control","","",1355384.96,1666424.01,"13553851666424"
"2018-971-27/05/2021","2 Metropolitan","PARA HILLS","5096","CITY OF SALISBURY",2,0,0,0,0,2018,"February","Friday","12:20 am","050","Not Divided","CURVED, VIEW OPEN","Level","Not Applicable","Sealed","Dry","Not Raining","Night","Hit Fixed Object","01","Driver Rider","1: PDO","No Control","","",1333739.42,1683918.76,"13337391683919"
"2018-972-27/05/2021","2 Metropolitan","MEDINDIE","5081","WALKERVILLE TOWN COUNCIL",2,0,0,0,0,2018,"February","Friday","03:20 am","060","T-Junction","CURVED, VIEW OPEN","Level","Not Applicable","Sealed","Dry","Not Raining","Night","Hit Fixed Object","01","Driver Rider","1: PDO","Traffic Signals","Y","",1328912.72,1674237.63,"13289131674238"
"2018-973-27/05/2021","2 Metropolitan","PORT NOARLUNGA","5167","CITY OF ONKAPARINGA",2,0,0,0,0,2018,"February","Friday","08:45 am","060","Not Divided","Straight road","Slope","Not Applicable","Sealed","Dry","Not Raining","Daylight","Rear End","02","Driver Rider","1: PDO","No Control","","",1316765.57,1646593.19,"13167661646593"
"2018-974-27/05/2021","2 Metropolitan","HAHNDORF","5245","DC MT.BARKER.                 ",2,0,0,0,0,2018,"February","Thursday","12:00 pm","040","Not Divided","Straight road","Level","Not Applicable","Sealed","Dry","Not Raining","Daylight","Hit Parked Vehicle","02","Driver Rider","1: PDO","No Control","","",1347362.21,1658316.2,"13473621658316"
"2018-975-27/05/2021","3 Country","LYNDOCH","5351","THE BAROSSA COUNCIL.",2,2,0,0,2,2018,"February","Friday","09:10 am","090","Not Divided","Straight road","Level","Not Applicable","Sealed","Dry","Not Raining","Daylight","Rear End","01","Driver Rider","2: MI","No Control","","",1355597.5,1706447.9,"13555981706448"
"2018-976-27/05/2021","2 Metropolitan","GLENGOWRIE","5044","CC MARION.                    ",2,2,0,0,2,2018,"February","Friday","10:45 am","060","T-Junction","Straight road","Level","Not Applicable","Sealed","Dry","Not Raining","Daylight","Right Turn","02","Driver Rider","2: MI","Give Way Sign","","",1322668.58,1664197.71,"13226691664198"
"2018-977-27/05/2021","3 Country","NARACOORTE","5271","DC NARACOORTE & LUCINDALE.",2,1,0,0,1,2018,"February","Friday","09:20 am","100","T-Junction","CURVED, VIEW OPEN","Bottom of Hill","Not Applicable","Sealed","Dry","Not Raining","Daylight","Right Angle","02","Driver Rider","2: MI","Give Way Sign","","",1512709.59,1439726,"15127101439726"
"2018-978-27/05/2021","2 Metropolitan","BRIGHTON","5048","CITY OF HOLDFAST BAY",2,0,0,0,0,2018,"February","Friday","10:45 am","060","T-Junction","Straight road","Level","Not Applicable","Sealed","Dry","Not Raining","Daylight","Side Swipe","02","Driver Rider","1: PDO","Traffic Signals","","",1321140.81,1660812.66,"13211411660813"
"2018-979-27/05/2021","2 Metropolitan","WOODVILLE PARK","5011","CITY OF CHARLES STURT",3,1,0,0,1,2018,"January","Sunday","08:00 pm","050","Not Divided","Straight road","Level","Not Applicable","Sealed","Dry","Not Raining","Daylight","Rear End","02","Driver Rider","2: MI","No Control","","",1324115.32,1676143.8,"13241151676144"
"2018-980-27/05/2021","2 Metropolitan","TWO WELLS","5501","DC MALLALA.                   ",2,0,0,0,0,2018,"February","Friday","04:30 am","110","Divided Road","Straight road","Level","Not Applicable","Sealed","Dry","Not Raining","Night","Rear End","01","Driver Rider","1: PDO","No Control","","",1320136.32,1709028.8,"13201361709029"
"2018-981-27/05/2021","2 Metropolitan","CROYDON","5008","CITY OF CHARLES STURT",2,1,0,0,1,2018,"February","Friday","11:00 am","060","Cross Road","CURVED, VIEW OPEN","Level","Not Applicable","Sealed","Dry","Not Raining","Daylight","Rear End","01","Driver Rider","2: MI","Traffic Signals","","",1325500.48,1673450.96,"13255001673451"
"2018-982-27/05/2021","2 Metropolitan","ATHOL PARK","5012","CITY OF CHARLES STURT",2,0,0,0,0,2018,"February","Friday","11:00 am","050","Not Divided","Straight road","Level","Not Applicable","Sealed","Dry","Not Raining","Daylight","Rear End","02","Driver Rider","1: PDO","No Control","","",1323825.62,1678950.45,"13238261678950"
"2018-983-27/05/2021","1 City","ADELAIDE","5000","CITY OF ADELAIDE",2,0,0,0,0,2018,"February","Friday","08:50 am","060","Not Divided","Straight road","Level","Not Applicable","Sealed","Dry","Not Raining","Daylight","Rear End","02","Driver Rider","1: PDO","No Control","","",1329814.33,1670695.94,"13298141670696"
"2018-984-27/05/2021","2 Metropolitan","MAWSON LAKES","5095","CITY OF SALISBURY",2,0,0,0,0,2018,"February","Thursday","03:50 pm","070","Cross Road","Straight road","Level","Not Applicable","Sealed","Dry","Not Raining","Daylight","Rear End","01","Driver Rider","1: PDO","Traffic Signals","","",1329566.06,1684422.81,"13295661684423"
"2018-985-27/05/2021","2 Metropolitan","ELIZABETH VALE","5112","CITY OF PLAYFORD.",2,0,0,0,0,2018,"February","Friday","01:30 pm","080","Divided Road","Straight road","Level","Not Applicable","Sealed","Dry","Not Raining","Daylight","Hit Fixed Object","01","Driver Rider","1: PDO","No Control","","",1336130.46,1690638.69,"13361301690639"
"2018-986-27/05/2021","2 Metropolitan","DUDLEY PARK","5008","CITY OF PORT ADELAIDE ENFIELD",2,0,0,0,0,2018,"February","Friday","12:30 pm","050","T-Junction","Straight road","Level","Not Applicable","Sealed","Dry","Not Raining","Daylight","Hit Fixed Object","01","Driver Rider","1: PDO","No Control","","",1327078.5,1675989.03,"13270791675989"
"2018-987-27/05/2021","2 Metropolitan","GLENELG SOUTH","5045","CITY OF HOLDFAST BAY",2,0,0,0,0,2018,"February","Friday","01:30 pm","060","Divided Road","Straight road","Level","Driveway or Entrance","Sealed","Dry","Not Raining","Daylight","Side Swipe","02","Driver Rider","1: PDO","No Control","","",1321054.65,1663690.7,"13210551663691"
"2018-988-27/05/2021","3 Country","BARMERA","5345","THE BERRI BARMERA COUNCIL",2,2,0,0,2,2018,"February","Friday","01:25 pm","080","Not Divided","Straight road","Level","Not Applicable","Sealed","Dry","Not Raining","Daylight","Right Angle","01","Driver Rider","2: MI","No Control","","",1501866.96,1737705.86,"15018671737706"
"2018-989-27/05/2021","2 Metropolitan","REGENCY PARK","5010","CITY OF PORT ADELAIDE ENFIELD",2,0,0,0,0,2018,"February","Friday","10:40 am","060","Divided Road","Straight road","Level","Not Applicable","Sealed","Dry","Not Raining","Daylight","Rear End","02","Driver Rider","1: PDO","No Control","","",1326053.02,1676805.73,"13260531676806"
"2018-990-27/05/2021","2 Metropolitan","WEST BEACH","5024","CITY OF WEST TORRENS",2,1,0,0,1,2018,"February","Friday","02:51 pm","080","Divided Road","Straight road","Level","Not Applicable","Sealed","Dry","Not Raining","Daylight","Side Swipe","02","Driver Rider","2: MI","No Control","","Y",1320927.23,1668896.1,"13209271668896"
"2018-991-27/05/2021","2 Metropolitan","DAVOREN PARK","5113","CITY OF PLAYFORD.",2,0,0,0,0,2018,"February","Friday","02:40 pm","060","Not Divided","Straight road","Level","Not Applicable","Sealed","Dry","Not Raining","Daylight","Hit Parked Vehicle","01","Driver Rider","1: PDO","No Control","","",1336523.53,1697087.84,"13365241697088"
"2018-992-27/05/2021","2 Metropolitan","SELLICKS HILL","5174","CITY OF ONKAPARINGA",2,0,0,0,0,2018,"February","Friday","03:45 pm","060","Not Divided","Straight road","Level","Roadworks","Sealed","Dry","Not Raining","Daylight","Rear End","02","Driver Rider","1: PDO","No Control","","",1315550.05,1629756.05,"13155501629756"
"2018-993-27/05/2021","2 Metropolitan","WEST BEACH","5024","CITY OF CHARLES STURT",2,0,0,0,0,2018,"February","Thursday","04:00 pm","050","Divided Road","Straight road","Level","Not Applicable","Sealed","Dry","Not Raining","Daylight","Rear End","01","Driver Rider","1: PDO","No Control","","",1319815.32,1668461.77,"13198151668462"
"2018-994-27/05/2021","2 Metropolitan","UNLEY","5061","CITY OF UNLEY",2,0,0,0,0,2018,"February","Friday","04:00 pm","060","Cross Road","Straight road","Level","Not Applicable","Sealed","Dry","Not Raining","Daylight","Hit Pedestrian","02","Pedestrian","1: PDO","Traffic Signals","","",1328494.76,1668964.99,"13284951668965"
"2018-995-27/05/2021","2 Metropolitan","NEWTON","5074","CC CAMPBELLTOWN.              ",2,0,0,0,0,2018,"February","Friday","03:15 pm","060","T-Junction","Straight road","Level","Not Applicable","Sealed","Dry","Not Raining","Daylight","Rear End","02","Driver Rider","1: PDO","Traffic Signals","","",1335398.01,1674978.91,"13353981674979"
"2018-996-27/05/2021","2 Metropolitan","FLAGSTAFF HILL","5159","CITY OF ONKAPARINGA",2,0,0,0,0,2018,"February","Friday","06:30 am","050","Not Divided","Straight road","Level","Not Applicable","Sealed","Dry","Not Raining","Night","Hit Parked Vehicle","01","Driver Rider","1: PDO","No Control","","",1328462.21,1656527.96,"13284621656528"
"2018-997-27/05/2021","2 Metropolitan","LINDEN PARK","5065","CITY OF BURNSIDE",2,0,0,0,0,2018,"February","Friday","03:15 pm","050","Not Divided","Straight road","Slope","Not Applicable","Sealed","Dry","Not Raining","Daylight","Side Swipe","02","Driver Rider","1: PDO","No Control","","",1332714.69,1668156.59,"13327151668157"
"2018-998-27/05/2021","2 Metropolitan","PARK HOLME","5043","CC MARION.                    ",2,1,0,0,1,2018,"February","Friday","04:13 pm","050","Not Divided","Straight road","Level","Not Applicable","Sealed","Dry","Not Raining","Daylight","Hit Parked Vehicle","02","Driver Rider","2: MI","No Control","","",1324128.02,1663795.03,"13241281663795"
"2018-999-27/05/2021","2 Metropolitan","DERNANCOURT","5075","CITY OF TEA TREE GULLY",3,1,0,0,1,2018,"February","Friday","06:00 pm","060","Divided Road","Straight road","Slope","Bridge, Culvert, Causeway","Sealed","Dry","Not Raining","Daylight","Rear End","01","Driver Rider","2: MI","No Control","","",1335709.5,1676822.58,"13357101676823"
"2018-1000-27/05/2021","2 Metropolitan","GLOBE DERBY PARK","5110","CITY OF SALISBURY",2,1,0,0,1,2018,"February","Friday","04:50 pm","080","Divided Road","Straight road","Level","Not Applicable","Sealed","Dry","Not Raining","Daylight","Rear End","02","Driver Rider","2: MI","No Control","","",1328659.97,1685165.29,"13286601685165"
"2018-1001-27/05/2021","2 Metropolitan","MEDINDIE","5081","WALKERVILLE TOWN COUNCIL",2,0,0,0,0,2018,"February","Friday","06:30 pm","060","T-Junction","Straight road","Level","Not Applicable","Sealed","Dry","Not Raining","Daylight","Hit Parked Vehicle","01","Driver Rider","1: PDO","No Control","","",1329352.33,1674240.44,"13293521674240"
"2018-1002-27/05/2021","2 Metropolitan","HOLDEN HILL","5088","CITY OF PORT ADELAIDE ENFIELD",2,1,0,1,0,2018,"February","Friday","08:05 pm","060","Divided Road","Straight road","Slope","Not Applicable","Sealed","Dry","Not Raining","Daylight","Hit Pedestrian","02","Pedestrian","3: SI","No Control","","",1334053.47,1678234.68,"13340531678235"
"2018-1003-27/05/2021","2 Metropolitan","ENFIELD","5085","CITY OF PORT ADELAIDE ENFIELD",2,0,0,0,0,2018,"February","Thursday","08:45 pm","060","Divided Road","Straight road","Level","Driveway or Entrance","Sealed","Dry","Not Raining","Night","Side Swipe","02","Driver Rider","1: PDO","No Control","","",1328841.08,1677420.95,"13288411677421"
"2018-1004-27/05/2021","2 Metropolitan","BANKSIA PARK","5091","CITY OF TEA TREE GULLY",2,0,0,0,0,2018,"February","Friday","07:10 pm","060","T-Junction","Straight road","Slope","Not Applicable","Sealed","Dry","Not Raining","Daylight","Rear End","01","Driver Rider","1: PDO","Roundabout","","",1340264.81,1683622.27,"13402651683622"
"2018-1005-27/05/2021","2 Metropolitan","PROSPECT","5082","CITY OF PROSPECT",2,2,0,0,2,2018,"February","Friday","09:40 pm","060","T-Junction","Straight road","Level","Not Applicable","Sealed","Dry","Not Raining","Night","Hit Fixed Object","01","Driver Rider","2: MI","No Control","","",1327933.2,1676409.88,"13279331676410"
"2018-1006-27/05/2021","2 Metropolitan","MOUNT OSMOND","5064","CC MITCHAM.                   ",2,0,0,0,0,2018,"February","Friday","09:07 pm","100","Freeway","Straight road","Level","Not Applicable","Sealed","Dry","Not Raining","Night","Rear End","02","Driver Rider","1: PDO","No Control","","",1333555.81,1665448.35,"13335561665448"
"2018-1007-27/05/2021","2 Metropolitan","PARACOMBE","5132","THE ADELAIDE HILLS COUNCIL",3,0,0,0,0,2018,"February","Friday","05:15 pm","080","Not Divided","Straight road","Slope","Not Applicable","Sealed","Dry","Not Raining","Daylight","Hit Fixed Object","01","Driver Rider","1: PDO","No Control","","",1342761.82,1680085.4,"13427621680085"
"2018-1008-27/05/2021","1 City","ADELAIDE","5000","CITY OF ADELAIDE",2,0,0,0,0,2018,"February","Friday","09:00 pm","050","Cross Road","Straight road","Level","Not Applicable","Sealed","Dry","Not Raining","Night","Right Angle","01","Driver Rider","1: PDO","Traffic Signals","","",1329607.71,1669605.79,"13296081669606"
"2018-1009-27/05/2021","2 Metropolitan","ATHELSTONE","5076","CC CAMPBELLTOWN.              ",1,2,0,0,2,2018,"February","Saturday","01:00 am","060","Not Divided","CURVED, VIEW OPEN","Slope","Not Applicable","Sealed","Dry","Not Raining","Night","Left Road - Out of Control","01","Driver Rider","2: MI","No Control","","Y",1339784.89,1677608.78,"13397851677609"
"2018-1010-27/05/2021","2 Metropolitan","GAWLER","5118","CT GAWLER.                    ",2,0,0,0,0,2018,"February","Saturday","02:45 am","050","T-Junction","Straight road","Level","Not Applicable","Unsealed","Dry","Not Raining","Night","Rear End","01","Driver Rider","1: PDO","Traffic Signals","Y","",1343359.66,1706705.69,"13433601706706"
"2018-1011-27/05/2021","2 Metropolitan","EASTWOOD","5063","CITY OF BURNSIDE",2,0,0,0,0,2018,"February","Saturday","06:37 am","050","Not Divided","Straight road","Level","Not Applicable","Sealed","Dry","Not Raining","Daylight","Hit Parked Vehicle","01","Driver Rider","1: PDO","No Control","","",1330528.21,1668610.84,"13305281668611"
"2018-1012-27/05/2021","2 Metropolitan","ASCOT PARK","5043","CC MARION.                    ",2,1,0,1,0,2018,"February","Saturday","06:25 am","050","Cross Road","Straight road","Level","Not Applicable","Sealed","Dry","Not Raining","Night","Right Angle","01","Driver Rider","3: SI","Stop Sign","","",1325094.28,1664007.99,"13250941664008"
"2018-1013-27/05/2021","2 Metropolitan","WEST HINDMARSH","5007","CITY OF CHARLES STURT",2,0,0,0,0,2018,"February","Friday","04:55 pm","050","Not Divided","Straight road","Level","Driveway or Entrance","Sealed","Dry","Not Raining","Daylight","Side Swipe","02","Driver Rider","1: PDO","No Control","","",1325293.64,1673353.48,"13252941673353"
"2018-1014-27/05/2021","2 Metropolitan","BURTON","5110","CITY OF SALISBURY",2,2,0,0,2,2018,"February","Saturday","08:30 am","050","Not Divided","Straight road","Level","Driveway or Entrance","Sealed","Dry","Not Raining","Daylight","Right Turn","02","Driver Rider","2: MI","No Control","","",1330651.84,1691449.35,"13306521691449"
"2018-1015-27/05/2021","2 Metropolitan","SAMPSON FLAT","5114","CITY OF PLAYFORD.",2,1,0,1,0,2018,"February","Saturday","10:11 am","080","T-Junction","CURVED, VIEW OPEN","Level","Not Applicable","Sealed","Dry","Not Raining","Daylight","Hit Fixed Object","01","Driver Rider","3: SI","No Control","","",1345500.91,1692640.94,"13455011692641"
"2018-1016-27/05/2021","2 Metropolitan","SEACLIFF PARK","5049","CC MARION.                    ",2,0,0,0,0,2018,"February","Saturday","07:45 am","060","Divided Road","CURVED, VIEW OPEN","Slope","Not Applicable","Sealed","Dry","Not Raining","Daylight","Side Swipe","01","Driver Rider","1: PDO","No Control","","",1321672.16,1658105.04,"13216721658105"
"2018-1017-27/05/2021","2 Metropolitan","ELIZABETH","5112","CITY OF PLAYFORD.",2,0,0,0,0,2018,"February","Saturday","09:00 am","050","Not Divided","Straight road","Level","Driveway or Entrance","Sealed","Dry","Not Raining","Daylight","Right Angle","01","Driver Rider","1: PDO","No Control","","",1335356.14,1692958.17,"13353561692958"
"2018-1018-27/05/2021","2 Metropolitan","GEPPS CROSS","5094","CITY OF PORT ADELAIDE ENFIELD",2,1,0,0,1,2018,"February","Friday","06:30 pm","060","Multiple","Straight road","Level","Not Applicable","Sealed","Dry","Not Raining","Daylight","Rear End","02","Driver Rider","2: MI","Traffic Signals","","",1328797.53,1679280.27,"13287981679280"
"2018-1019-27/05/2021","2 Metropolitan","NAIRNE","5252","DC MT.BARKER.                 ",2,0,0,0,0,2018,"February","Friday","03:30 pm","080","Not Divided","Straight road","Level","Driveway or Entrance","Sealed","Dry","Not Raining","Daylight","Rear End","01","Driver Rider","1: PDO","No Control","","",1354822.06,1656561.68,"13548221656562"
"2018-1020-27/05/2021","2 Metropolitan","SEMAPHORE","5019","CITY OF PORT ADELAIDE ENFIELD",2,1,0,0,1,2018,"February","Saturday","10:00 am","060","T-Junction","Straight road","Level","Not Applicable","Sealed","Dry","Not Raining","Daylight","Rear End","02","Driver Rider","2: MI","No Control","","",1318165.16,1680470.61,"13181651680471"
"2018-1021-27/05/2021","2 Metropolitan","URRBRAE","5064","CC MITCHAM.                   ",2,1,0,0,1,2018,"February","Saturday","07:20 am","060","T-Junction","Straight road","Slope","Not Applicable","Sealed","Dry","Not Raining","Daylight","Right Turn","02","Driver Rider","2: MI","Stop Sign","","",1331592.03,1666315.48,"13315921666315"
"2018-1022-27/05/2021","2 Metropolitan","WINGFIELD","5013","CITY OF PORT ADELAIDE ENFIELD",2,0,0,0,0,2018,"February","Friday","05:00 pm","090","Freeway","Straight road","Level","Not Applicable","Sealed","Dry","Not Raining","Daylight","Side Swipe","02","Driver Rider","1: PDO","No Control","","",1326511.9,1681055.34,"13265121681055"
"2018-1023-27/05/2021","2 Metropolitan","ENFIELD","5085","CITY OF PORT ADELAIDE ENFIELD",2,0,0,0,0,2018,"February","Friday","07:10 pm","060","Divided Road","Straight road","Level","Driveway or Entrance","Sealed","Dry","Not Raining","Daylight","Rear End","02","Driver Rider","1: PDO","No Control","","",1328808.91,1679111.78,"13288091679112"
"2018-1024-27/05/2021","2 Metropolitan","HENDON","5014","CITY OF CHARLES STURT",3,0,0,0,0,2018,"February","Saturday","10:57 am","060","Divided Road","Straight road","Level","Driveway or Entrance","Sealed","Dry","Not Raining","Daylight","Rear End","01","Driver Rider","1: PDO","No Control","","",1320675.43,1677381.92,"13206751677382"
"2018-1025-27/05/2021","2 Metropolitan","FINDON","5023","CITY OF CHARLES STURT",2,1,0,0,1,2018,"February","Saturday","11:10 am","060","T-Junction","Straight road","Level","Not Applicable","Sealed","Dry","Not Raining","Daylight","Right Angle","01","Driver Rider","2: MI","No Control","","",1321765.65,1673100.56,"13217661673101"
"2018-1026-27/05/2021","2 Metropolitan","ROYSTON PARK","5070","CC OF NORWOOD,PAYNEHAM & ST PETERS",3,0,0,0,0,2018,"February","Saturday","11:00 am","060","Cross Road","Straight road","Level","Not Applicable","Sealed","Dry","Not Raining","Daylight","Other","01","Other","1: PDO","Stop Sign","","",1331903.53,1673452.04,"13319041673452"
"2018-1027-27/05/2021","2 Metropolitan","KESWICK TERMINAL","5035","CITY OF WEST TORRENS",3,2,0,0,2,2018,"February","Saturday","12:20 pm","060","Cross Road","Straight road","Level","Not Applicable","Sealed","Dry","Not Raining","Daylight","Rear End","01","Driver Rider","2: MI","Traffic Signals","","",1326197.48,1670102.93,"13261971670103"
"2018-1028-27/05/2021","2 Metropolitan","CHRISTIE DOWNS","5164","CITY OF ONKAPARINGA",2,0,0,0,0,2018,"February","Saturday","06:54 am","060","Not Divided","Straight road","Level","Not Applicable","Sealed","Dry","Not Raining","Daylight","Hit Parked Vehicle","01","Driver Rider","1: PDO","No Control","","",1317953.41,1648035.22,"13179531648035"
"2018-1029-27/05/2021","2 Metropolitan","GEPPS CROSS","5094","CITY OF PORT ADELAIDE ENFIELD",2,0,0,0,0,2018,"February","Saturday","12:50 pm","060","Cross Road","Straight road","Level","Not Applicable","Sealed","Dry","Not Raining","Daylight","Side Swipe","02","Driver Rider","1: PDO","Traffic Signals","","",1330372.74,1679303.24,"13303731679303"
"2018-1030-27/05/2021","2 Metropolitan","ONE TREE HILL","5114","CITY OF PLAYFORD.",2,1,1,0,0,2018,"February","Saturday","10:00 am","050","T-Junction","Straight road","Slope","Not Applicable","Sealed","Dry","Not Raining","Daylight","Side Swipe","01","Driver Rider","4: Fatal","No Control","","Y",1344925.77,1693090.85,"13449261693091"
"2018-1031-27/05/2021","2 Metropolitan","MANNINGHAM","5086","CITY OF PORT ADELAIDE ENFIELD",2,0,0,0,0,2018,"February","Saturday","02:15 pm","060","Cross Road","Straight road","Level","Not Applicable","Sealed","Dry","Not Raining","Daylight","Right Angle","02","Driver Rider","1: PDO","Traffic Signals","","",1330452.56,1676521.37,"13304531676521"
"2018-1032-27/05/2021","2 Metropolitan","GLANVILLE","5015","CITY OF PORT ADELAIDE ENFIELD",2,0,0,0,0,2018,"February","Saturday","03:10 pm","060","Cross Road","Straight road","Level","Not Applicable","Sealed","Dry","Not Raining","Daylight","Right Angle","01","Driver Rider","1: PDO","Stop Sign","","",1318879.39,1679823.55,"13188791679824"
"2018-1033-27/05/2021","2 Metropolitan","SEMAPHORE","5019","CITY OF PORT ADELAIDE ENFIELD",2,0,0,0,0,2018,"February","Saturday","04:00 pm","060","T-Junction","Straight road","Level","Not Applicable","Sealed","Dry","Not Raining","Daylight","Right Angle","02","Driver Rider","1: PDO","No Control","","",1318165.16,1680470.61,"13181651680471"
"2018-1034-27/05/2021","2 Metropolitan","SMITHFIELD","5114","CITY OF PLAYFORD.",2,1,0,0,1,2018,"February","Friday","04:30 pm","050","Not Divided","Straight road","Level","Not Applicable","Sealed","Dry","Not Raining","Daylight","Rear End","02","Driver Rider","2: MI","No Control","","",1337721.43,1697276.88,"13377211697277"
"2018-1035-27/05/2021","2 Metropolitan","WARRADALE","5046","CC MARION.                    ",2,1,0,0,1,2018,"February","Saturday","02:30 pm","060","Cross Road","Straight road","Level","Not Applicable","Sealed","Dry","Not Raining","Daylight","Rear End","01","Driver Rider","2: MI","Give Way Sign","","",1322740.46,1661817.67,"13227401661818"
"2018-1036-27/05/2021","2 Metropolitan","INGLE FARM","5098","CITY OF SALISBURY",2,0,0,0,0,2018,"February","Saturday","03:30 pm","070","T-Junction","Straight road","Slope","Not Applicable","Sealed","Dry","Not Raining","Daylight","Rear End","02","Driver Rider","1: PDO","No Control","","",1332404.49,1681683.09,"13324041681683"
"2018-1037-27/05/2021","2 Metropolitan","BURTON","5110","CITY OF SALISBURY",2,0,0,0,0,2018,"February","Saturday","05:20 pm","070","T-Junction","Straight road","Level","Not Applicable","Sealed","Dry","Not Raining","Daylight","Rear End","02","Driver Rider","1: PDO","No Control","","",1329282.54,1691515.29,"13292831691515"
"2018-1038-27/05/2021","2 Metropolitan","SEAVIEW DOWNS","5049","CC MARION.                    ",2,1,0,0,1,2018,"February","Saturday","05:12 pm","060","Not Divided","Straight road","Level","Driveway or Entrance","Sealed","Dry","Not Raining","Daylight","Side Swipe","01","Driver Rider","2: MI","No Control","","",1322094.64,1659356.36,"13220951659356"
"2018-1039-27/05/2021","2 Metropolitan","MANNINGHAM","5086","CITY OF PORT ADELAIDE ENFIELD",2,0,0,0,0,2018,"February","Saturday","05:50 pm","060","Not Divided","Straight road","Level","Not Applicable","Sealed","Dry","Not Raining","Daylight","Hit Fixed Object","01","Driver Rider","1: PDO","No Control","","",1330459.28,1676090.43,"13304591676090"
"2018-1040-27/05/2021","2 Metropolitan","PARALOWIE","5108","CITY OF SALISBURY",2,0,0,0,0,2018,"February","Friday","06:05 pm","050","Not Divided","CURVED, VIEW OPEN","Level","Not Applicable","Sealed","Dry","Not Raining","Daylight","Head On","01","Driver Rider","1: PDO","No Control","","",1329527.17,1688944.19,"13295271688944"
"2018-1041-27/05/2021","2 Metropolitan","GEPPS CROSS","5094","CITY OF PORT ADELAIDE ENFIELD",2,0,0,0,0,2018,"February","Friday","06:00 pm","070","Divided Road","Straight road","Level","Not Applicable","Sealed","Dry","Not Raining","Daylight","Rear End","02","Driver Rider","1: PDO","No Control","","",1328745.83,1680787.3,"13287461680787"
"2018-1042-27/05/2021","2 Metropolitan","MORPHETT VALE","5162","CITY OF ONKAPARINGA",2,0,0,0,0,2018,"February","Saturday","04:00 pm","060","Not Divided","Straight road","Slope","Not Applicable","Sealed","Dry","Not Raining","Daylight","Hit Parked Vehicle","01","Driver Rider","1: PDO","No Control","","",1319602.81,1649994.73,"13196031649995"
"2018-1043-27/05/2021","2 Metropolitan","MORPHETT VALE","5162","CITY OF ONKAPARINGA",2,0,0,0,0,2018,"February","Saturday","05:41 pm","060","T-Junction","CURVED, VIEW OPEN","Level","Not Applicable","Sealed","Dry","Not Raining","Daylight","Hit Fixed Object","01","Driver Rider","1: PDO","No Control","","",1319250.64,1648575.04,"13192511648575"
"2018-1044-27/05/2021","2 Metropolitan","TORRENS PARK","5062","CC MITCHAM.                   ",3,0,0,0,0,2018,"February","Friday","03:30 am","060","Not Divided","Straight road","Slope","Not Applicable","Sealed","Dry","Not Raining","Night","Hit Fixed Object","01","Driver Rider","1: PDO","No Control","","",1329205.42,1663695.73,"13292051663696"
"2018-1045-27/05/2021","3 Country","PORT AUGUSTA","5700","CC PT.AUGUSTA.                ",2,0,0,0,0,2018,"February","Saturday","09:30 pm","050","Not Divided","Straight road","Level","Not Applicable","Sealed","Dry","Not Raining","Night","Hit Fixed Object","01","Driver Rider","1: PDO","No Control","Y","",1260500.16,1941973.98,"12605001941974"