"REPORT_ID","Stats Area","Suburb","Postcode","LGA Name","Total Units","Total Cas","Total Fats","Total SI","Total MI","Year","Month","Day","Time","Area Speed","Position Type","Horizontal Align","Vertical Align","Other Feat","Road Surface","Moisture Cond","Weather Cond","DayNight","Crash Type","Unit Resp","Entity Code","CSEF Severity","Traffic Ctrls","DUI Involved","Drugs Involved","ACCLOC_X","ACCLOC_Y","UNIQUE_LOC"
"2018-1526-27/05/2021","2 Metropolitan","INGLE FARM","5098","CITY OF SALISBURY",2,1,0,0,1,2018,"February","Friday","10:00 pm","060","T-Junction","Straight road","Level","Not Applicable","Sealed","Dry","Not Raining","Night","Right Turn","02","Driver Rider","2: MI","No Control","","",1332014.26,1681649.92,"13320141681650"
"2018-1527-27/05/2021","2 Metropolitan","REYNELLA","5161","CITY OF ONKAPARINGA",2,0,0,0,0,2018,"February","Friday","08:55 pm","060","T-Junction","Straight road","Slope","Not Applicable","Sealed","Dry","Not Raining","Night","Hit Fixed Object","01","Driver Rider","1: PDO","No Control","","",1321894.63,1651813.26,"13218951651813"
"2018-1528-27/05/2021","1 City","ADELAIDE","5000","CITY OF ADELAIDE",2,0,0,0,0,2018,"February","Saturday","01:46 am","050","Cross Road","Straight road","Slope","Not Applicable","Sealed","Dry","Not Raining","Night","Side Swipe","01","Driver Rider","1: PDO","Traffic Signals","","",1327914.39,1670964.22,"13279141670964"
"2018-1529-27/05/2021","2 Metropolitan","HIGHBURY","5089","CITY OF TEA TREE GULLY",2,0,0,0,0,2018,"February","Saturday","08:00 am","050","Not Divided","Straight road","Level","Not Applicable","Sealed","Dry","Not Raining","Daylight","Hit Parked Vehicle","01","Driver Rider","1: PDO","No Control","","",1336859.98,1677623.46,"13368601677623"
"2018-1530-27/05/2021","2 Metropolitan","CLAPHAM","5062","CC MITCHAM.                   ",2,0,0,0,0,2018,"February","Friday","05:30 pm","060","T-Junction","Straight road","Level","Not Applicable","Sealed","Dry","Not Raining","Daylight","Right Angle","01","Driver Rider","1: PDO","No Control","","",1328492.6,1663513.43,"13284931663513"
"2018-1531-27/05/2021","2 Metropolitan","MORPHETT VALE","5162","CITY OF ONKAPARINGA",2,0,0,0,0,2018,"February","Friday","07:30 pm","060","Not Divided","Straight road","Slope","Not Applicable","Sealed","Dry","Not Raining","Daylight","Right Turn","01","Driver Rider","1: PDO","No Control","","",1321958.56,1648965,"13219591648965"
"2018-1532-27/05/2021","2 Metropolitan","WATERLOO CORNER","5110","CITY OF SALISBURY",2,1,0,0,1,2018,"February","Saturday","09:25 am","090","T-Junction","Straight road","Level","Not Applicable","Sealed","Dry","Not Raining","Daylight","Rear End","01","Driver Rider","2: MI","Traffic Signals","","",1327645.93,1692118.06,"13276461692118"
"2018-1533-27/05/2021","2 Metropolitan","MORPHETT VALE","5162","CITY OF ONKAPARINGA",2,1,0,0,1,2018,"February","Friday","08:50 am","060","Divided Road","Straight road","Level","Not Applicable","Sealed","Dry","Not Raining","Daylight","Rear End","02","Driver Rider","2: MI","No Control","","",1322043.74,1651054.4,"13220441651054"
"2018-1534-27/05/2021","2 Metropolitan","SOUTH PLYMPTON","5038","CC MARION.                    ",2,1,0,0,1,2018,"February","Friday","03:20 pm","060","T-Junction","Straight road","Level","Not Applicable","Sealed","Dry","Not Raining","Daylight","Rear End","02","Driver Rider","2: MI","Traffic Signals","","",1325053.6,1666133.47,"13250541666133"
"2018-1535-27/05/2021","2 Metropolitan","GOODWOOD","5034","CITY OF UNLEY",1,1,0,0,1,2018,"February","Friday","03:30 pm","050","Divided Road","Straight road","Level","Not Applicable","Sealed","Dry","Not Raining","Daylight","Roll Over","01","Driver Rider","2: MI","No Control","","",1327457.69,1667902.38,"13274581667902"
"2018-1536-27/05/2021","2 Metropolitan","WEST BEACH","5024","CITY OF WEST TORRENS",2,0,0,0,0,2018,"February","Friday","07:15 pm","080","Cross Road","Straight road","Level","Not Applicable","Sealed","Dry","Not Raining","Daylight","Side Swipe","02","Driver Rider","1: PDO","Traffic Signals","","",1320917.14,1668827.15,"13209171668827"
"2018-1537-27/05/2021","2 Metropolitan","ALBERTON","5014","CITY OF PORT ADELAIDE ENFIELD",2,0,0,0,0,2018,"February","Saturday","11:00 am","050","Not Divided","Straight road","Level","Not Applicable","Sealed","Dry","Not Raining","Daylight","Side Swipe","02","Driver Rider","1: PDO","No Control","","",1321298.44,1678325.35,"13212981678325"
"2018-1538-27/05/2021","2 Metropolitan","WOODSIDE","5244","THE ADELAIDE HILLS COUNCIL",2,0,0,0,0,2018,"February","Friday","01:00 pm","050","Not Divided","Straight road","Slope","Driveway or Entrance","Sealed","Dry","Not Raining","Daylight","Rear End","01","Driver Rider","1: PDO","No Control","","",1353660.05,1666135.52,"13536601666136"
"2018-1539-27/05/2021","3 Country","PAGES FLAT","5172","ALEXANDRINA COUNCIL",2,1,0,0,1,2018,"February","Saturday","09:30 am","100","Not Divided","CURVED, VIEW OBSCURED","Slope","Not Applicable","Unsealed","Dry","Not Raining","Daylight","Hit Animal","02","Animal","2: MI","No Control","","",1321700.41,1626301.84,"13217001626302"
"2018-1540-27/05/2021","3 Country","STOCKWELL","5355","THE BAROSSA COUNCIL.",2,1,0,0,1,2018,"February","Friday","07:00 pm","080","Not Divided","Straight road","Level","Not Applicable","Sealed","Dry","Not Raining","Daylight","Side Swipe","02","Driver Rider","2: MI","No Control","","",1371567.05,1723694.66,"13715671723695"
"2018-1541-27/05/2021","2 Metropolitan","EVANSTON SOUTH","5116","CT GAWLER.                    ",2,0,0,0,0,2018,"February","Saturday","11:03 am","090","Divided Road","Straight road","Level","Not Applicable","Sealed","Dry","Not Raining","Daylight","Hit Fixed Object","01","Driver Rider","1: PDO","No Control","","",1340458.67,1701342.05,"13404591701342"
"2018-1542-27/05/2021","2 Metropolitan","ONKAPARINGA HILLS","5163","CITY OF ONKAPARINGA",2,0,0,0,0,2018,"February","Saturday","12:28 pm","080","Not Divided","Straight road","Slope","Not Applicable","Sealed","Dry","Not Raining","Daylight","Hit Fixed Object","01","Driver Rider","1: PDO","No Control","","Y",1322192.4,1645755.61,"13221921645756"
"2018-1543-27/05/2021","2 Metropolitan","BLEWITT SPRINGS","5171","CITY OF ONKAPARINGA",1,1,0,0,1,2018,"February","Saturday","09:41 am","080","Not Divided","CURVED, VIEW OPEN","Crest of Hill","Not Applicable","Sealed","Dry","Not Raining","Daylight","Roll Over","01","Driver Rider","2: MI","No Control","","",1329989.51,1643511.75,"13299901643512"
"2018-1544-27/05/2021","2 Metropolitan","PENNINGTON","5013","CITY OF CHARLES STURT",2,0,0,0,0,2018,"February","Saturday","12:20 pm","060","Not Divided","Straight road","Level","Not Applicable","Sealed","Dry","Not Raining","Daylight","Side Swipe","01","Driver Rider","1: PDO","No Control","","",1322283.59,1678206.86,"13222841678207"
"2018-1545-27/05/2021","2 Metropolitan","BRIGHTON","5048","CITY OF HOLDFAST BAY",2,0,0,0,0,2018,"February","Saturday","12:38 pm","060","Divided Road","Straight road","Level","Not Applicable","Sealed","Dry","Not Raining","Daylight","Rear End","01","Driver Rider","1: PDO","No Control","","",1321146.47,1660618.99,"13211461660619"
"2018-1546-27/05/2021","2 Metropolitan","EDWARDSTOWN","5039","CC MARION.                    ",2,1,0,0,1,2018,"February","Saturday","12:30 pm","050","T-Junction","Straight road","Level","Not Applicable","Sealed","Dry","Not Raining","Daylight","Right Turn","01","Driver Rider","2: MI","No Control","","",1325720.43,1664386.48,"13257201664386"
"2018-1547-27/05/2021","2 Metropolitan","MOUNT BARKER","5251","DC MT.BARKER.                 ",2,1,0,0,1,2018,"February","Saturday","12:50 pm","060","Not Divided","Straight road","Slope","Driveway or Entrance","Sealed","Dry","Not Raining","Daylight","Rear End","02","Driver Rider","2: MI","No Control","","",1351363.14,1654175.84,"13513631654176"
"2018-1548-27/05/2021","3 Country","MOONTA","5558","COPPER COAST DISTRICT COUNCIL",2,0,0,0,0,2018,"February","Saturday","12:00 pm","050","Cross Road","Straight road","Level","Not Applicable","Sealed","Dry","Not Raining","Daylight","Right Angle","02","Driver Rider","1: PDO","Stop Sign","","",1238857.39,1768157.52,"12388571768158"
"2018-1549-27/05/2021","2 Metropolitan","ELIZABETH NORTH","5113","CITY OF PLAYFORD.",3,2,0,0,2,2018,"February","Saturday","11:00 am","080","Cross Road","Straight road","Level","Not Applicable","Sealed","Dry","Not Raining","Daylight","Rear End","01","Driver Rider","2: MI","Traffic Signals","","",1336972.07,1695458.34,"13369721695458"
"2018-1550-27/05/2021","2 Metropolitan","MILLBROOK","5231","THE ADELAIDE HILLS COUNCIL",2,2,0,1,1,2018,"February","Saturday","10:52 am","080","Not Divided","CURVED, VIEW OBSCURED","Slope","Not Applicable","Sealed","Dry","Not Raining","Daylight","Head On","02","Driver Rider","3: SI","No Control","","",1348890.66,1681393.92,"13488911681394"
"2018-1551-27/05/2021","2 Metropolitan","HENLEY BEACH","5022","CITY OF CHARLES STURT",1,1,0,0,1,2018,"February","Saturday","09:10 am","040","Not Divided","Straight road","Level","Not Applicable","Sealed","Dry","Not Raining","Daylight","Roll Over","01","Driver Rider","2: MI","No Control","","",1318898.88,1671579.17,"13188991671579"
"2018-1552-27/05/2021","2 Metropolitan","FULHAM GARDENS","5024","CITY OF CHARLES STURT",2,0,0,0,0,2018,"February","Friday","04:00 pm","060","Divided Road","Straight road","Level","Not Applicable","Sealed","Dry","Not Raining","Daylight","Rear End","01","Driver Rider","1: PDO","No Control","","",1320626.65,1672250.62,"13206271672251"
"2018-1553-27/05/2021","2 Metropolitan","KIDMAN PARK","5025","CITY OF CHARLES STURT",2,0,0,0,0,2018,"February","Saturday","02:30 am","050","Not Divided","Straight road","Level","Not Applicable","Sealed","Dry","Not Raining","Night","Hit Parked Vehicle","02","Driver Rider","1: PDO","No Control","","",1321941.18,1672604.39,"13219411672604"
"2018-1554-27/05/2021","2 Metropolitan","WISTOW","5251","DC MT.BARKER.                 ",1,1,0,0,1,2018,"February","Friday","10:00 pm","060","T-Junction","Straight road","Crest of Hill","Not Applicable","Sealed","Dry","Not Raining","Night","Left Road - Out of Control","01","Driver Rider","2: MI","No Control","","",1354182.46,1648999.01,"13541821648999"
"2018-1555-27/05/2021","2 Metropolitan","ELIZABETH NORTH","5113","CITY OF PLAYFORD.",3,0,0,0,0,2018,"February","Saturday","02:25 pm","080","Divided Road","Straight road","Level","Not Applicable","Sealed","Dry","Not Raining","Daylight","Other","01","Other","1: PDO","No Control","","",1336742.14,1695120.59,"13367421695121"
"2018-1556-27/05/2021","2 Metropolitan","SALISBURY","5108","CITY OF SALISBURY",2,1,0,0,1,2018,"February","Saturday","04:06 pm","060","Cross Road","CURVED, VIEW OPEN","Level","Not Applicable","Sealed","Dry","Not Raining","Daylight","Rear End","02","Driver Rider","2: MI","Traffic Signals","","",1332782.42,1688511.32,"13327821688511"
"2018-1557-27/05/2021","3 Country","PENONG","5690",,2,0,0,0,0,2018,"February","Saturday","11:30 am","110","Not Divided","Straight road","Level","Not Applicable","Sealed","Dry","Not Raining","Daylight","Hit Fixed Object","01","Driver Rider","1: PDO","No Control","","",797039.31,2014011.64,"07970392014012"
"2018-1558-27/05/2021","2 Metropolitan","VERDUN","5245","THE ADELAIDE HILLS COUNCIL",3,2,0,0,2,2018,"February","Saturday","04:20 pm","110","Ramp On","Straight road","Slope","Not Applicable","Sealed","Dry","Not Raining","Daylight","Rear End","01","Driver Rider","2: MI","No Control","","",1344857.91,1660220.75,"13448581660221"
"2018-1559-27/05/2021","2 Metropolitan","CHELTENHAM","5014","CITY OF CHARLES STURT",2,1,0,0,1,2018,"February","Saturday","05:50 pm","060","T-Junction","Straight road","Level","Not Applicable","Sealed","Dry","Not Raining","Daylight","Side Swipe","01","Driver Rider","2: MI","Give Way Sign","","",1321457.27,1676998.96,"13214571676999"
"2018-1560-27/05/2021","2 Metropolitan","SHEIDOW PARK","5158","CC MARION.                    ",1,1,0,1,0,2018,"February","Saturday","04:40 pm","050","Not Divided","Straight road","Slope","Not Applicable","Sealed","Dry","Not Raining","Daylight","Roll Over","01","Driver Rider","3: SI","No Control","","",1322026.04,1654616.59,"13220261654617"
"2018-1561-27/05/2021","1 City","ADELAIDE","5000","CITY OF ADELAIDE",2,2,0,0,2,2018,"February","Saturday","11:20 am","060","Divided Road","Straight road","Level","Not Applicable","Sealed","Dry","Not Raining","Daylight","Rear End","02","Driver Rider","2: MI","No Control","","",1327399.68,1669882.89,"13274001669883"
"2018-1562-27/05/2021","2 Metropolitan","ELIZABETH GROVE","5112","CITY OF PLAYFORD.",2,1,0,0,1,2018,"February","Saturday","07:15 pm","080","Cross Road","Straight road","Level","Not Applicable","Sealed","Dry","Not Raining","Daylight","Rear End","01","Driver Rider","2: MI","Traffic Signals","","",1336080.31,1692236.44,"13360801692236"
"2018-1563-27/05/2021","1 City","ADELAIDE","5000","CITY OF ADELAIDE",2,0,0,0,0,2018,"February","Saturday","10:58 pm","050","Cross Road","Straight road","Level","Not Applicable","Sealed","Dry","Not Raining","Night","Hit Pedestrian","01","Driver Rider","1: PDO","Traffic Signals","","",1327546.59,1670795.98,"13275471670796"
"2018-1564-27/05/2021","2 Metropolitan","GOODWOOD","5034","CITY OF UNLEY",2,0,0,0,0,2018,"February","Saturday","10:04 pm","040","Divided Road","Straight road","Level","Not Applicable","Sealed","Dry","Not Raining","Night","Hit Parked Vehicle","01","Driver Rider","1: PDO","No Control","Y","",1327970.06,1668057.63,"13279701668058"
"2018-1565-27/05/2021","2 Metropolitan","DRY CREEK","5094","CITY OF SALISBURY",2,0,0,0,0,2018,"February","Sunday","12:00 am","080","T-Junction","Straight road","Level","Not Applicable","Sealed","Dry","Not Raining","Night","Rear End","02","Driver Rider","1: PDO","Traffic Signals","","",1328672.58,1683237.82,"13286731683238"
"2018-1566-27/05/2021","2 Metropolitan","UPPER STURT","5156","THE ADELAIDE HILLS COUNCIL",2,0,0,0,0,2018,"February","Sunday","01:20 am","060","Not Divided","CURVED, VIEW OBSCURED","Slope","Not Applicable","Sealed","Dry","Not Raining","Night","Hit Fixed Object","01","Driver Rider","1: PDO","No Control","","",1336920.67,1659797.75,"13369211659798"
"2018-1567-27/05/2021","2 Metropolitan","OAKDEN","5086","CITY OF PORT ADELAIDE ENFIELD",2,0,0,0,0,2018,"February","Sunday","01:29 am","050","Not Divided","CURVED, VIEW OBSCURED","Level","Not Applicable","Sealed","Dry","Not Raining","Night","Hit Fixed Object","01","Driver Rider","1: PDO","No Control","Y","",1332139.59,1678094.12,"13321401678094"
"2018-1568-27/05/2021","2 Metropolitan","FULHAM","5024","CITY OF WEST TORRENS",2,0,0,0,0,2018,"February","Sunday","02:00 am","050","Not Divided","Straight road","Level","Not Applicable","Sealed","Dry","Not Raining","Night","Hit Parked Vehicle","01","Driver Rider","1: PDO","No Control","","",1321244.14,1670792.44,"13212441670792"
"2018-1569-27/05/2021","3 Country","NURIOOTPA","5355","THE BAROSSA COUNCIL.",2,0,0,0,0,2018,"February","Sunday","04:40 am","050","Not Divided","Straight road","Level","Not Applicable","Sealed","Dry","Not Raining","Night","Hit Fixed Object","01","Driver Rider","1: PDO","No Control","","",1367056.98,1721057.76,"13670571721058"
"2018-1570-27/05/2021","2 Metropolitan","ROSTREVOR","5073","CC CAMPBELLTOWN.              ",2,0,0,0,0,2018,"February","Sunday","09:14 am","050","Not Divided","Straight road","Level","Not Applicable","Sealed","Dry","Not Raining","Daylight","Hit Fixed Object","01","Driver Rider","1: PDO","No Control","","",1336409.31,1673218.79,"13364091673219"
"2018-1571-27/05/2021","2 Metropolitan","NORWOOD","5067","CC OF NORWOOD,PAYNEHAM & ST PETERS",2,0,0,0,0,2018,"February","Friday","09:20 am","050","Not Divided","Straight road","Level","Not Applicable","Sealed","Dry","Not Raining","Daylight","Hit Parked Vehicle","01","Driver Rider","1: PDO","No Control","","",1331646.26,1671361.87,"13316461671362"
"2018-1572-27/05/2021","2 Metropolitan","CHRISTIE DOWNS","5164","CITY OF ONKAPARINGA",2,2,0,0,2,2018,"February","Sunday","10:30 am","100","Freeway","Straight road","Level","Not Applicable","Sealed","Dry","Not Raining","Daylight","Rear End","02","Driver Rider","2: MI","No Control","","",1319092.71,1648176.01,"13190931648176"
"2018-1573-27/05/2021","2 Metropolitan","FINDON","5023","CITY OF CHARLES STURT",3,1,0,0,1,2018,"February","Sunday","12:31 pm","060","T-Junction","Straight road","Level","Not Applicable","Sealed","Dry","Not Raining","Daylight","Right Turn","01","Driver Rider","2: MI","No Control","","",1322390.81,1674423.31,"13223911674423"
"2018-1574-27/05/2021","2 Metropolitan","GAWLER WEST","5118","CT GAWLER.                    ",2,0,0,0,0,2018,"February","Sunday","12:45 am","050","T-Junction","CURVED, VIEW OPEN","Level","Not Applicable","Sealed","Dry","Not Raining","Night","Hit Fixed Object","09","Other","1: PDO","No Control","","",1342368.59,1705777.83,"13423691705778"
"2018-1575-27/05/2021","2 Metropolitan","KILBURN","5084","CITY OF PORT ADELAIDE ENFIELD",2,1,0,0,1,2018,"February","Sunday","01:20 pm","060","T-Junction","Straight road","Level","Not Applicable","Sealed","Wet","Raining","Daylight","Hit Fixed Object","01","Driver Rider","2: MI","No Control","","",1327219.26,1676909.72,"13272191676910"
"2018-1576-27/05/2021","2 Metropolitan","GILLMAN","5013","CITY OF PORT ADELAIDE ENFIELD",2,0,0,0,0,2018,"February","Sunday","01:27 pm","050","Not Divided","CURVED, VIEW OPEN","Level","Not Applicable","Sealed","Wet","Raining","Daylight","Hit Fixed Object","01","Driver Rider","1: PDO","No Control","","",1321437.21,1679768.43,"13214371679768"
"2018-1577-27/05/2021","2 Metropolitan","SOUTH PLYMPTON","5038","CC MARION.                    ",2,0,0,0,0,2018,"February","Sunday","01:15 pm","060","Divided Road","Straight road","Level","Not Applicable","Sealed","Wet","Raining","Daylight","Rear End","02","Driver Rider","1: PDO","No Control","","",1324252.65,1665975.53,"13242531665976"
"2018-1578-27/05/2021","2 Metropolitan","ALBERT PARK","5014","CITY OF CHARLES STURT",3,3,0,0,3,2018,"February","Sunday","03:01 pm","060","Not Divided","CURVED, VIEW OPEN","Level","Not Applicable","Sealed","Wet","Raining","Daylight","Head On","01","Driver Rider","2: MI","No Control","","Y",1322087.58,1676271.5,"13220881676272"
"2018-1579-27/05/2021","2 Metropolitan","DRY CREEK","5094","CITY OF SALISBURY",3,0,0,0,0,2018,"February","Sunday","01:30 pm","080","T-Junction","Straight road","Level","Not Applicable","Sealed","Wet","Raining","Daylight","Rear End","01","Driver Rider","1: PDO","Traffic Signals","","",1328672.58,1683237.82,"13286731683238"
"2018-1580-27/05/2021","2 Metropolitan","GLENELG EAST","5045","CITY OF HOLDFAST BAY",2,0,0,0,0,2018,"February","Sunday","02:45 pm","060","Divided Road","Straight road","Level","Not Applicable","Sealed","Wet","Raining","Daylight","Rear End","01","Driver Rider","1: PDO","No Control","","",1321014.09,1665162.49,"13210141665162"
"2018-1581-27/05/2021","2 Metropolitan","ELIZABETH NORTH","5113","CITY OF PLAYFORD.",2,1,0,0,1,2018,"February","Sunday","03:41 pm","060","Cross Road","Straight road","Level","Not Applicable","Sealed","Wet","Raining","Daylight","Right Angle","02","Driver Rider","2: MI","Give Way Sign","","",1336436.19,1694658.79,"13364361694659"
"2018-1582-27/05/2021","2 Metropolitan","DARLINGTON","5047","CITY OF ONKAPARINGA",2,0,0,0,0,2018,"February","Saturday","09:45 pm","080","T-Junction","CURVED, VIEW OPEN","Slope","Not Applicable","Sealed","Dry","Not Raining","Night","Hit Fixed Object","01","Driver Rider","1: PDO","No Control","","",1324490.23,1658497.97,"13244901658498"
"2018-1583-27/05/2021","2 Metropolitan","OLD REYNELLA","5161","CITY OF ONKAPARINGA",2,0,0,0,0,2018,"February","Sunday","03:57 pm","060","T-Junction","Straight road","Slope","Not Applicable","Sealed","Wet","Raining","Daylight","Hit Fixed Object","01","Driver Rider","1: PDO","No Control","","",1321793.48,1651700.05,"13217931651700"
"2018-1584-27/05/2021","2 Metropolitan","PROSPECT","5082","CITY OF PROSPECT",4,1,0,0,1,2018,"February","Sunday","03:45 pm","060","Divided Road","Straight road","Level","Not Applicable","Sealed","Wet","Raining","Daylight","Rear End","01","Driver Rider","2: MI","No Control","","",1328865.45,1676384.93,"13288651676385"
"2018-1585-27/05/2021","2 Metropolitan","MODBURY","5092","CITY OF TEA TREE GULLY",3,2,0,0,2,2018,"February","Sunday","04:33 pm","060","Cross Road","Straight road","Slope","Not Applicable","Sealed","Wet","Raining","Daylight","Rear End","02","Driver Rider","2: MI","Traffic Signals","","",1336418.41,1680603.46,"13364181680603"
"2018-1586-27/05/2021","2 Metropolitan","GREENHILL","5140","THE ADELAIDE HILLS COUNCIL",2,0,0,0,0,2018,"February","Sunday","05:00 pm","050","Not Divided","CURVED, VIEW OPEN","Slope","Driveway or Entrance","Sealed","Wet","Raining","Daylight","Hit Fixed Object","01","Driver Rider","1: PDO","No Control","","",1336477.92,1667753.13,"13364781667753"
"2018-1587-27/05/2021","2 Metropolitan","TROTT PARK","5158","CC MARION.                    ",2,1,0,0,1,2018,"February","Friday","07:30 pm","070","T-Junction","Straight road","Level","Not Applicable","Sealed","Dry","Not Raining","Daylight","Rear End","01","Driver Rider","2: MI","Give Way Sign","","",1322900.83,1656577.1,"13229011656577"
"2018-1588-27/05/2021","2 Metropolitan","NORTHFIELD","5085","CITY OF PORT ADELAIDE ENFIELD",2,1,0,0,1,2018,"February","Sunday","05:21 pm","060","T-Junction","Straight road","Slope","Not Applicable","Sealed","Wet","Raining","Daylight","Hit Fixed Object","01","Driver Rider","2: MI","No Control","","",1330859.68,1680068.64,"13308601680069"
"2018-1589-27/05/2021","2 Metropolitan","MORPHETT VALE","5162","CITY OF ONKAPARINGA",2,0,0,0,0,2018,"February","Sunday","03:40 pm","080","T-Junction","Straight road","Level","Not Applicable","Sealed","Wet","Raining","Daylight","Hit Fixed Object","01","Driver Rider","1: PDO","Roundabout","","",1319650.97,1650821.49,"13196511650821"
"2018-1590-27/05/2021","2 Metropolitan","BURTON","5110","CITY OF SALISBURY",2,0,0,0,0,2018,"February","Sunday","04:10 pm","090","Divided Road","Straight road","Level","Not Applicable","Sealed","Wet","Raining","Daylight","Hit Fixed Object","01","Driver Rider","1: PDO","No Control","","",1327958.16,1690675.7,"13279581690676"
"2018-1591-27/05/2021","2 Metropolitan","CRAFERS WEST","5152","THE ADELAIDE HILLS COUNCIL",1,1,0,0,1,2018,"February","Sunday","05:45 pm","060","Not Divided","CURVED, VIEW OPEN","Slope","Not Applicable","Sealed","Wet","Not Raining","Daylight","Roll Over","01","Driver Rider","2: MI","No Control","","",1337118.43,1661051.04,"13371181661051"
"2018-1592-27/05/2021","2 Metropolitan","WATERLOO CORNER","5110","CITY OF SALISBURY",2,1,0,0,1,2018,"February","Sunday","05:30 pm","090","Not Divided","Straight road","Level","Not Applicable","Sealed","Wet","Raining","Daylight","Roll Over","01","Driver Rider","2: MI","No Control","","",1328386.62,1692340.04,"13283871692340"
"2018-1593-27/05/2021","2 Metropolitan","MONTACUTE","5134","THE ADELAIDE HILLS COUNCIL",2,0,0,0,0,2018,"February","Sunday","05:40 pm","080","Not Divided","CURVED, VIEW OBSCURED","Slope","Driveway or Entrance","Sealed","Wet","Raining","Daylight","Hit Fixed Object","01","Driver Rider","1: PDO","No Control","","",1342150.68,1674402.46,"13421511674402"
"2018-1594-27/05/2021","2 Metropolitan","SURREY DOWNS","5126","CITY OF TEA TREE GULLY",2,0,0,0,0,2018,"February","Sunday","08:59 pm","050","T-Junction","Straight road","Level","Not Applicable","Sealed","Dry","Not Raining","Night","Hit Fixed Object","01","Driver Rider","1: PDO","No Control","","",1339566.14,1684436.41,"13395661684436"
"2018-1595-27/05/2021","2 Metropolitan","ECHUNGA","5153","DC MT.BARKER.                 ",2,0,0,0,0,2018,"February","Sunday","06:10 pm","080","Not Divided","CURVED, VIEW OBSCURED","Slope","Not Applicable","Sealed","Wet","Raining","Daylight","Head On","02","Driver Rider","1: PDO","No Control","","",1348257.46,1651301.14,"13482571651301"
"2018-1596-27/05/2021","3 Country","PASKEVILLE","5552","BARUNGA WEST DISTRICT COUNCIL",2,0,0,0,0,2018,"February","Sunday","10:59 pm","080","Not Divided","Straight road","Level","Roadworks","Unsealed","Dry","Not Raining","Night","Roll Over","01","Driver Rider","1: PDO","No Control","Y","",1270994.43,1770102.39,"12709941770102"
"2018-1597-27/05/2021","3 Country","MAMBRAY CREEK","5495","DC MT.REMARKABLE.             ",3,3,0,0,3,2018,"February","Sunday","04:20 pm","110","Not Divided","Straight road","Level","Not Applicable","Sealed","Wet","Raining","Daylight","Head On","01","Driver Rider","2: MI","No Control","","",1278431.77,1903272.38,"12784321903272"
"2018-1598-27/05/2021","2 Metropolitan","SALISBURY EAST","5109","CITY OF SALISBURY",3,1,0,0,1,2018,"February","Sunday","03:30 pm","080","Cross Road","Straight road","Level","Not Applicable","Sealed","Wet","Raining","Daylight","Right Angle","01","Driver Rider","2: MI","Traffic Signals","","",1333277.7,1685371.45,"13332781685371"
"2018-1599-27/05/2021","2 Metropolitan","STEPNEY","5069","CC OF NORWOOD,PAYNEHAM & ST PETERS",2,1,0,0,1,2018,"February","Monday","06:40 am","060","Not Divided","Straight road","Level","Not Applicable","Sealed","Dry","Not Raining","Night","Hit Parked Vehicle","01","Driver Rider","2: MI","No Control","","",1331387.9,1671738.27,"13313881671738"
"2018-1600-27/05/2021","2 Metropolitan","WAYVILLE","5034","CITY OF UNLEY",4,1,0,0,1,2018,"February","Monday","08:30 am","060","Divided Road","Straight road","Level","Not Applicable","Sealed","Dry","Not Raining","Daylight","Rear End","01","Driver Rider","2: MI","No Control","","",1327839.81,1668926.97,"13278401668927"
"2018-1601-27/05/2021","2 Metropolitan","INGLE FARM","5098","CITY OF SALISBURY",2,0,0,0,0,2018,"February","Monday","07:40 am","050","T-Junction","CURVED, VIEW OBSCURED","Slope","Not Applicable","Sealed","Dry","Not Raining","Daylight","Hit Fixed Object","01","Driver Rider","1: PDO","No Control","","",1332994.09,1681717.33,"13329941681717"
"2018-1602-27/05/2021","1 City","NORTH ADELAIDE","5006","CITY OF ADELAIDE",2,0,0,0,0,2018,"February","Sunday","12:33 pm","050","Cross Road","Straight road","Level","Not Applicable","Sealed","Dry","Not Raining","Daylight","Side Swipe","02","Driver Rider","1: PDO","Traffic Signals","","",1328428.41,1671809.75,"13284281671810"
"2018-1603-27/05/2021","2 Metropolitan","MOUNT BARKER","5251","DC MT.BARKER.                 ",2,1,0,0,1,2018,"February","Monday","10:00 am","050","Cross Road","Straight road","Level","Not Applicable","Sealed","Dry","Not Raining","Daylight","Right Angle","02","Driver Rider","2: MI","Stop Sign","","",1351413.86,1654498.06,"13514141654498"
"2018-1604-27/05/2021","3 Country","FREELING","5372","LIGHT REGIONAL COUNCIL",2,1,0,1,0,2018,"February","Thursday","11:10 pm","100","Not Divided","Straight road","Slope","Not Applicable","Sealed","Dry","Not Raining","Night","Hit Fixed Object","01","Driver Rider","3: SI","No Control","","",1350236.94,1721308.22,"13502371721308"
"2018-1605-27/05/2021","2 Metropolitan","OAKLANDS PARK","5046","CC MARION.                    ",2,0,0,0,0,2018,"February","Monday","11:50 am","060","T-Junction","Straight road","Level","Driveway or Entrance","Sealed","Dry","Not Raining","Daylight","Right Turn","02","Passenger","1: PDO","Traffic Signals","","",1322768.82,1660878.17,"13227691660878"