"REPORT_ID","Stats Area","Suburb","Postcode","LGA Name","Total Units","Total Cas","Total Fats","Total SI","Total MI","Year","Month","Day","Time","Area Speed","Position Type","Horizontal Align","Vertical Align","Other Feat","Road Surface","Moisture Cond","Weather Cond","DayNight","Crash Type","Unit Resp","Entity Code","CSEF Severity","Traffic Ctrls","DUI Involved","Drugs Involved","ACCLOC_X","ACCLOC_Y","UNIQUE_LOC"
"2018-1846-27/05/2021","2 Metropolitan","SAMPSON FLAT","5114","CITY OF PLAYFORD.",2,4,0,0,4,2018,"February","Sunday","10:50 am","080","Not Divided","Straight road","Crest of Hill","Not Applicable","Sealed","Dry","Not Raining","Daylight","Head On","02","Driver Rider","2: MI","No Control","","",1345347.39,1691996.77,"13453471691997"
"2018-1847-27/05/2021","2 Metropolitan","GUMERACHA","5233","THE ADELAIDE HILLS COUNCIL",2,0,0,0,0,2018,"February","Sunday","06:30 am","080","Not Divided","CURVED, VIEW OBSCURED","Level","Not Applicable","Sealed","Dry","Not Raining","Night","Hit Fixed Object","01","Driver Rider","1: PDO","No Control","","",1356618.6,1681447.28,"13566191681447"
"2018-1848-27/05/2021","2 Metropolitan","SOUTH PLYMPTON","5038","CC MARION.                    ",2,1,0,0,1,2018,"February","Sunday","01:26 pm","060","Cross Road","Straight road","Level","Driveway or Entrance","Sealed","Dry","Not Raining","Daylight","Rear End","01","Driver Rider","2: MI","Traffic Signals","","",1324247.86,1666104.37,"13242481666104"
"2018-1849-27/05/2021","2 Metropolitan","BEVERLEY","5009","CITY OF CHARLES STURT",2,2,0,0,2,2018,"February","Sunday","12:45 pm","060","T-Junction","Straight road","Level","Not Applicable","Sealed","Dry","Not Raining","Daylight","Hit Fixed Object","01","Driver Rider","2: MI","No Control","","",1324171.7,1674189.28,"13241721674189"
"2018-1850-27/05/2021","2 Metropolitan","KILBURN","5084","CITY OF PORT ADELAIDE ENFIELD",2,0,0,0,0,2018,"February","Saturday","06:00 pm","050","Not Divided","Straight road","Level","Not Applicable","Sealed","Dry","Not Raining","Daylight","Hit Parked Vehicle","02","Driver Rider","1: PDO","No Control","","",1328021.42,1678344.83,"13280211678345"
"2018-1851-27/05/2021","2 Metropolitan","PARAFIELD GARDENS","5107","CITY OF SALISBURY",2,1,0,0,1,2018,"February","Saturday","04:20 pm","050","T-Junction","Straight road","Level","Driveway or Entrance","Sealed","Dry","Not Raining","Daylight","Hit Fixed Object","01","Driver Rider","2: MI","No Control","","",1330661.11,1687147.56,"13306611687148"
"2018-1852-27/05/2021","2 Metropolitan","WINDSOR GARDENS","5087","CITY OF PORT ADELAIDE ENFIELD",2,0,0,0,0,2018,"February","Tuesday","05:40 pm","050","T-Junction","Straight road","Level","Not Applicable","Sealed","Dry","Not Raining","Daylight","Right Angle","02","Driver Rider","1: PDO","No Control","","",1332824.13,1676222.78,"13328241676223"
"2018-1853-27/05/2021","2 Metropolitan","DARLINGTON","5047","CITY OF ONKAPARINGA",2,0,0,0,0,2018,"February","Sunday","02:45 pm","060","Divided Road","Straight road","Level","Roadworks","Sealed","Dry","Not Raining","Daylight","Rear End","01","Driver Rider","1: PDO","No Control","","",1324586.37,1659822.79,"13245861659823"
"2018-1854-27/05/2021","2 Metropolitan","CHANDLERS HILL","5159","CITY OF ONKAPARINGA",2,1,0,0,1,2018,"February","Sunday","02:15 pm","080","Cross Road","CURVED, VIEW OPEN","Slope","Not Applicable","Sealed","Dry","Not Raining","Daylight","Right Turn","01","Driver Rider","2: MI","Stop Sign","","",1327909.8,1651221.09,"13279101651221"
"2018-1855-27/05/2021","2 Metropolitan","SEACOMBE HEIGHTS","5047","CC MARION.                    ",2,0,0,0,0,2018,"February","Sunday","03:20 pm","060","Not Divided","Straight road","Level","Not Applicable","Sealed","Dry","Not Raining","Daylight","Hit Parked Vehicle","01","Driver Rider","1: PDO","No Control","","",1323281.42,1659413.75,"13232811659414"
"2018-1856-27/05/2021","2 Metropolitan","GUMERACHA","5233","THE ADELAIDE HILLS COUNCIL",2,1,0,0,1,2018,"February","Sunday","02:05 pm","080","Not Divided","CURVED, VIEW OPEN","Level","Not Applicable","Sealed","Dry","Not Raining","Daylight","Hit Fixed Object","01","Driver Rider","2: MI","No Control","","Y",1356938.45,1681265.94,"13569381681266"
"2018-1857-27/05/2021","2 Metropolitan","TONSLEY","5042","CC MITCHAM.                   ",2,0,0,0,0,2018,"February","Sunday","05:36 pm","060","Divided Road","Straight road","Level","Driveway or Entrance","Sealed","Dry","Not Raining","Daylight","Right Angle","01","Driver Rider","1: PDO","No Control","","",1325989.41,1662044.52,"13259891662045"
"2018-1858-27/05/2021","3 Country","SNOWTOWN","5520","WAKEFIELD REGIONAL COUNCIL",2,0,0,0,0,2018,"February","Sunday","03:05 pm","100","Not Divided","CURVED, VIEW OPEN","Level","Not Applicable","Sealed","Dry","Not Raining","Daylight","Hit Fixed Object","01","Driver Rider","1: PDO","No Control","","",1293023.52,1794171.51,"12930241794172"
"2018-1859-27/05/2021","2 Metropolitan","PAYNEHAM SOUTH","5070","CC OF NORWOOD,PAYNEHAM & ST PETERS",2,1,0,0,1,2018,"February","Sunday","04:00 pm","060","Cross Road","Straight road","Level","Not Applicable","Sealed","Dry","Not Raining","Daylight","Right Angle","02","Driver Rider","2: MI","Stop Sign","","",1332213.35,1672708.61,"13322131672709"
"2018-1860-27/05/2021","3 Country","WILLIAMSTOWN","5351","THE BAROSSA COUNCIL.",3,1,0,0,1,2018,"February","Sunday","04:40 pm","080","Not Divided","CURVED, VIEW OPEN","Slope","Not Applicable","Sealed","Dry","Not Raining","Daylight","Hit Fixed Object","01","Driver Rider","2: MI","No Control","","",1358459,1703091.04,"13584591703091"
"2018-1861-27/05/2021","2 Metropolitan","NETHERBY","5062","CC MITCHAM.                   ",2,1,0,0,1,2018,"February","Sunday","05:59 pm","060","Divided Road","Straight road","Level","Not Applicable","Sealed","Dry","Not Raining","Daylight","Hit Fixed Object","01","Driver Rider","2: MI","No Control","Y","Y",1330787.89,1665566.33,"13307881665566"
"2018-1862-27/05/2021","2 Metropolitan","SALISBURY","5108","CITY OF SALISBURY",2,2,0,1,1,2018,"February","Sunday","06:42 pm","060","T-Junction","CURVED, VIEW OPEN","Level","Not Applicable","Sealed","Dry","Not Raining","Daylight","Right Angle","02","Driver Rider","3: SI","Traffic Signals","","",1333126.64,1688469.42,"13331271688469"
"2018-1863-27/05/2021","2 Metropolitan","WATERLOO CORNER","5110","CITY OF PLAYFORD.",2,0,0,0,0,2018,"February","Sunday","07:00 pm","080","Not Divided","Straight road","Level","Not Applicable","Sealed","Dry","Not Raining","Daylight","Hit Pedestrian","02","Pedestrian","1: PDO","No Control","","",1325697.4,1696516.55,"13256971696517"
"2018-1864-27/05/2021","2 Metropolitan","POORAKA","5095","CITY OF SALISBURY",2,0,0,0,0,2018,"February","Sunday","05:59 pm","070","Cross Road","Straight road","Level","Not Applicable","Sealed","Dry","Not Raining","Daylight","Hit Fixed Object","01","Driver Rider","1: PDO","Traffic Signals","Y","",1330499.62,1681832.25,"13305001681832"
"2018-1865-27/05/2021","3 Country","MYPONGA","5202","DC YANKALILLA.                ",2,0,0,0,0,2018,"February","Sunday","04:30 pm","080","T-Junction","CURVED, VIEW OPEN","Level","Not Applicable","Sealed","Dry","Not Raining","Daylight","Right Angle","02","Driver Rider","1: PDO","Give Way Sign","","",1314947.99,1620123.92,"13149481620124"
"2018-1866-27/05/2021","2 Metropolitan","ECHUNGA","5153","DC MT.BARKER.                 ",2,0,0,0,0,2018,"February","Monday","12:45 am","050","Not Divided","Straight road","Slope","Not Applicable","Sealed","Dry","Not Raining","Night","Hit Fixed Object","01","Driver Rider","1: PDO","No Control","","",1347942.24,1653000.09,"13479421653000"
"2018-1867-27/05/2021","2 Metropolitan","MOUNT BARKER","5251","DC MT.BARKER.                 ",2,1,0,0,1,2018,"February","Monday","07:10 am","050","T-Junction","Straight road","Level","Not Applicable","Sealed","Dry","Not Raining","Daylight","Right Turn","01","Driver Rider","2: MI","Give Way Sign","","",1352927.55,1653156.23,"13529281653156"
"2018-1868-27/05/2021","2 Metropolitan","SOUTH PLYMPTON","5038","CC MARION.                    ",3,0,0,0,0,2018,"February","Sunday","08:17 am","060","Cross Road","Straight road","Level","Not Applicable","Sealed","Dry","Not Raining","Daylight","Right Turn","01","Driver Rider","1: PDO","Traffic Signals","","",1324291.75,1664735.62,"13242921664736"
"2018-1869-27/05/2021","3 Country","WANDILO","5291","DISTRICT COUNCIL OF GRANT",1,1,0,1,0,2018,"February","Monday","06:30 am","110","Not Divided","CURVED, VIEW OPEN","Level","Not Applicable","Sealed","Dry","Not Raining","Night","Roll Over","01","Driver Rider","3: SI","No Control","","Y",1511641.06,1351649.95,"15116411351650"
"2018-1870-27/05/2021","3 Country","STANSBURY","5582","YORKE PENINSULA COUNCIL",2,0,0,0,0,2018,"February","Saturday","05:30 am","100","Not Divided","CURVED, VIEW OBSCURED","Level","Not Applicable","Unsealed","Dry","Not Raining","Night","Hit Animal","02","Animal","1: PDO","No Control","","",1254204.92,1672281.25,"12542051672281"
"2018-1871-27/05/2021","2 Metropolitan","PARA HILLS WEST","5096","CITY OF SALISBURY",2,0,0,0,0,2018,"February","Monday","06:30 am","060","Divided Road","Straight road","Level","Not Applicable","Sealed","Dry","Not Raining","Night","Rear End","02","Driver Rider","1: PDO","No Control","","",1333250.46,1683452.98,"13332501683453"
"2018-1872-27/05/2021","2 Metropolitan","MITCHELL PARK","5043","CC MARION.                    ",3,0,0,0,0,2018,"February","Monday","06:50 am","060","Divided Road","Straight road","Level","Not Applicable","Sealed","Dry","Not Raining","Night","Rear End","02","Driver Rider","1: PDO","No Control","","",1324348.77,1662575.58,"13243491662576"
"2018-1873-27/05/2021","2 Metropolitan","HENLEY BEACH","5022","CITY OF CHARLES STURT",2,0,0,0,0,2018,"February","Monday","08:30 am","060","Divided Road","Straight road","Level","Not Applicable","Sealed","Dry","Not Raining","Daylight","Rear End","02","Driver Rider","1: PDO","No Control","","",1319479.18,1673041.66,"13194791673042"
"2018-1874-27/05/2021","2 Metropolitan","MILE END","5031","CITY OF WEST TORRENS",2,1,0,0,1,2018,"February","Sunday","09:29 pm","060","Not Divided","Straight road","Level","Not Applicable","Sealed","Dry","Not Raining","Night","Hit Fixed Object","01","Driver Rider","2: MI","No Control","Y","",1326592.85,1671289.98,"13265931671290"
"2018-1875-27/05/2021","3 Country","MOUNT GAMBIER","5290","CC MT.GAMBIER.                ",2,0,0,0,0,2018,"February","Monday","08:05 am","050","Cross Road","Straight road","Level","Not Applicable","Sealed","Dry","Not Raining","Daylight","Right Angle","01","Driver Rider","1: PDO","Traffic Signals","","",1510531.12,1339730.78,"15105311339731"
"2018-1876-27/05/2021","2 Metropolitan","WINGFIELD","5013","CITY OF PORT ADELAIDE ENFIELD",2,0,0,0,0,2018,"February","Monday","08:20 am","050","T-Junction","Straight road","Level","Not Applicable","Sealed","Dry","Not Raining","Daylight","Right Turn","02","Driver Rider","1: PDO","No Control","","",1323907.75,1679313.97,"13239081679314"
"2018-1877-27/05/2021","3 Country","TUNGKILLO","5236","MID MURRAY DISTRICT COUNCIL",2,1,0,0,1,2018,"February","Sunday","06:30 pm","100","Not Divided","Straight road","Level","Bridge, Culvert, Causeway","Unsealed","Dry","Not Raining","Daylight","Hit Fixed Object","01","Driver Rider","2: MI","No Control","","",1372794.08,1674239.53,"13727941674240"
"2018-1878-27/05/2021","3 Country","MOORAK","5291","DISTRICT COUNCIL OF GRANT",3,1,0,1,0,2018,"February","Monday","07:48 am","100","Not Divided","Straight road","Slope","Not Applicable","Unsealed","Dry","Not Raining","Daylight","Hit Pedestrian","01","Driver Rider","3: SI","No Control","","",1504592.71,1333229.98,"15045931333230"
"2018-1879-27/05/2021","2 Metropolitan","LOCKLEYS","5032","CITY OF WEST TORRENS",2,0,0,0,0,2018,"February","Friday","02:45 pm","025","Not Divided","Unknown","Unknown","Roadworks","Sealed","Dry","Not Raining","Daylight","Hit Pedestrian","02","Driver Rider","1: PDO","No Control","","",1322770.26,1671548.05,"13227701671548"
"2018-1880-27/05/2021","2 Metropolitan","GUMERACHA","5233","THE ADELAIDE HILLS COUNCIL",2,0,0,0,0,2018,"February","Monday","07:00 am","080","Not Divided","Straight road","Crest of Hill","Not Applicable","Sealed","Dry","Not Raining","Daylight","Rear End","02","Driver Rider","1: PDO","No Control","","",1356062.28,1681380.75,"13560621681381"
"2018-1881-27/05/2021","2 Metropolitan","ROSTREVOR","5073","CC CAMPBELLTOWN.              ",2,0,0,0,0,2018,"February","Monday","09:45 am","060","T-Junction","Straight road","Level","Not Applicable","Sealed","Dry","Not Raining","Daylight","Right Angle","02","Driver Rider","1: PDO","No Control","","",1335415.79,1674379.67,"13354161674380"
"2018-1882-27/05/2021","2 Metropolitan","NOARLUNGA DOWNS","5168","CITY OF ONKAPARINGA",2,0,0,0,0,2018,"February","Monday","08:34 am","060","Cross Road","CURVED, VIEW OPEN","Level","Not Applicable","Sealed","Dry","Not Raining","Daylight","Right Angle","02","Driver Rider","1: PDO","Traffic Signals","","",1318544.62,1646725.5,"13185451646726"
"2018-1883-27/05/2021","2 Metropolitan","INGLE FARM","5098","CITY OF SALISBURY",2,1,0,0,1,2018,"February","Monday","08:30 am","070","Cross Road","Straight road","Slope","Not Applicable","Sealed","Dry","Not Raining","Daylight","Rear End","02","Driver Rider","2: MI","Traffic Signals","","",1332120.96,1681780.41,"13321211681780"
"2018-1884-27/05/2021","2 Metropolitan","PARALOWIE","5108","CITY OF SALISBURY",2,1,0,0,1,2018,"February","Sunday","04:00 pm","090","Divided Road","Straight road","Level","Not Applicable","Sealed","Dry","Not Raining","Daylight","Side Swipe","02","Driver Rider","2: MI","No Control","","",1328444.53,1688747.44,"13284451688747"
"2018-1885-27/05/2021","2 Metropolitan","URRBRAE","5064","CC MITCHAM.                   ",2,1,0,0,1,2018,"February","Monday","05:50 am","060","Cross Road","Straight road","Slope","Not Applicable","Sealed","Dry","Not Raining","Night","Right Turn","01","Driver Rider","2: MI","Traffic Signals","","",1332373.16,1666370.92,"13323731666371"
"2018-1886-27/05/2021","2 Metropolitan","BELAIR","5052","CC MITCHAM.                   ",3,0,0,0,0,2018,"February","Monday","08:37 am","050","Not Divided","CURVED, VIEW OBSCURED","Bottom of Hill","Not Applicable","Sealed","Dry","Not Raining","Daylight","Hit Parked Vehicle","01","Driver Rider","1: PDO","No Control","","",1329396.25,1661812.61,"13293961661813"
"2018-1887-27/05/2021","2 Metropolitan","NORWOOD","5067","CC OF NORWOOD,PAYNEHAM & ST PETERS",2,1,0,0,1,2018,"February","Monday","11:00 am","060","T-Junction","Straight road","Slope","Not Applicable","Sealed","Dry","Not Raining","Daylight","Right Angle","01","Driver Rider","2: MI","No Control","","",1330619.39,1671380.83,"13306191671381"
"2018-1888-27/05/2021","2 Metropolitan","MANNINGHAM","5086","CITY OF PORT ADELAIDE ENFIELD",2,0,0,0,0,2018,"February","Monday","01:02 pm","060","T-Junction","CURVED, VIEW OPEN","Level","Not Applicable","Sealed","Dry","Not Raining","Daylight","Side Swipe","02","Driver Rider","1: PDO","Traffic Signals","","",1330468.73,1675456.59,"13304691675457"
"2018-1889-27/05/2021","3 Country","YAMBA","5340","DC RENMARK PARINGA            ",2,1,0,0,1,2018,"February","Monday","11:50 am","110","Not Divided","CURVED, VIEW OPEN","Level","Not Applicable","Sealed","Dry","Not Raining","Daylight","Hit Fixed Object","01","Driver Rider","2: MI","No Control","","",1542502.8,1734054.64,"15425031734055"
"2018-1890-27/05/2021","2 Metropolitan","ABERFOYLE PARK","5159","CITY OF ONKAPARINGA",2,0,0,0,0,2018,"February","Monday","08:30 am","025","Not Divided","Straight road","Bottom of Hill","Additional Control Operating","Sealed","Dry","Not Raining","Daylight","Hit Pedestrian","02","Driver Rider","1: PDO","No Control","","",1327047.99,1654301.76,"13270481654302"
"2018-1891-27/05/2021","2 Metropolitan","SOUTH PLYMPTON","5038","CC MARION.                    ",2,1,0,0,1,2018,"February","Monday","07:55 am","060","Cross Road","Straight road","Level","Not Applicable","Sealed","Dry","Not Raining","Daylight","Right Turn","02","Driver Rider","2: MI","Stop Sign","","",1324250.89,1665702.92,"13242511665703"
"2018-1892-27/05/2021","2 Metropolitan","PARAFIELD GARDENS","5108","CITY OF SALISBURY",2,0,0,0,0,2018,"February","Monday","03:15 pm","060","T-Junction","Straight road","Level","Not Applicable","Sealed","Dry","Not Raining","Daylight","Rear End","02","Driver Rider","1: PDO","Give Way Sign","","",1331659.45,1686666.57,"13316591686667"
"2018-1893-27/05/2021","3 Country","SPRINGTON","5235","THE BAROSSA COUNCIL.",2,0,0,0,0,2018,"February","Thursday","12:50 pm","100","Not Divided","CURVED, VIEW OPEN","Level","Not Applicable","Sealed","Dry","Not Raining","Daylight","Hit Fixed Object","01","Driver Rider","1: PDO","No Control","","",1372956.88,1693539.42,"13729571693539"
"2018-1894-27/05/2021","1 City","ADELAIDE","5000","CITY OF ADELAIDE",2,0,0,0,0,2018,"February","Monday","08:45 am","050","Divided Road","Straight road","Level","Not Applicable","Sealed","Dry","Not Raining","Daylight","Side Swipe","02","Driver Rider","1: PDO","No Control","","",1327643.72,1670806.89,"13276441670807"
"2018-1895-27/05/2021","3 Country","WAITPINGA","5211","DC VICTOR HARBOR.             ",2,1,0,0,1,2018,"February","Monday","01:15 pm","100","Not Divided","CURVED, VIEW OPEN","Slope","Driveway or Entrance","Sealed","Dry","Not Raining","Daylight","Rear End","02","Driver Rider","2: MI","No Control","","",1315433.85,1599978.11,"13154341599978"
"2018-1896-27/05/2021","2 Metropolitan","LEWISTON","5501","DC MALLALA.                   ",2,2,0,0,2,2018,"February","Monday","05:12 pm","100","Not Divided","Straight road","Level","Not Applicable","Sealed","Dry","Not Raining","Daylight","Hit Fixed Object","01","Driver Rider","2: MI","No Control","","Y",1326904.83,1704113.76,"13269051704114"
"2018-1897-27/05/2021","2 Metropolitan","BELAIR","5052","CC MITCHAM.                   ",2,0,0,0,0,2018,"February","Wednesday","11:00 am","060","Not Divided","CURVED, VIEW OPEN","Slope","Not Applicable","Sealed","Dry","Not Raining","Daylight","Roll Over","01","Driver Rider","1: PDO","No Control","","",1330949.81,1662898.81,"13309501662899"
"2018-1898-27/05/2021","2 Metropolitan","SEAFORD","5169","CITY OF ONKAPARINGA",2,0,0,0,0,2018,"February","Monday","02:42 pm","070","Divided Road","Straight road","Level","Not Applicable","Sealed","Dry","Not Raining","Daylight","Rear End","02","Driver Rider","1: PDO","No Control","","",1316343.86,1642735,"13163441642735"
"2018-1899-27/05/2021","2 Metropolitan","BLAIR ATHOL","5084","CITY OF PORT ADELAIDE ENFIELD",2,0,0,0,0,2018,"February","Monday","04:27 pm","060","T-Junction","Straight road","Slope","Not Applicable","Sealed","Dry","Not Raining","Daylight","Rear End","02","Driver Rider","1: PDO","No Control","","",1328842.68,1677755.27,"13288431677755"
"2018-1900-27/05/2021","2 Metropolitan","GLENELG EAST","5045","CITY OF HOLDFAST BAY",2,0,0,0,0,2018,"February","Monday","08:40 am","060","Divided Road","Straight road","Level","Driveway or Entrance","Sealed","Dry","Not Raining","Daylight","Side Swipe","01","Driver Rider","1: PDO","No Control","","",1321102.68,1664308.13,"13211031664308"
"2018-1901-27/05/2021","1 City","NORTH ADELAIDE","5006","CITY OF ADELAIDE",2,1,0,0,1,2018,"February","Monday","07:40 am","050","Divided Road","Straight road","Level","Driveway or Entrance","Sealed","Dry","Not Raining","Daylight","Right Angle","02","Driver Rider","2: MI","No Control","","",1328093.78,1673244.89,"13280941673245"
"2018-1902-27/05/2021","2 Metropolitan","DRY CREEK","5094","CITY OF SALISBURY",3,1,0,0,1,2018,"February","Monday","06:32 pm","080","T-Junction","Straight road","Level","Not Applicable","Sealed","Dry","Not Raining","Daylight","Rear End","01","Driver Rider","2: MI","Traffic Signals","","",1328672.58,1683237.82,"13286731683238"
"2018-1903-27/05/2021","2 Metropolitan","HINDMARSH","5007","CITY OF CHARLES STURT",2,0,0,0,0,2018,"February","Monday","07:27 pm","060","Divided Road","Straight road","Level","Not Applicable","Sealed","Dry","Not Raining","Daylight","Rear End","01","Driver Rider","1: PDO","No Control","","",1326193.38,1672906.64,"13261931672907"
"2018-1904-27/05/2021","2 Metropolitan","NORWOOD","5067","CC OF NORWOOD,PAYNEHAM & ST PETERS",2,0,0,0,0,2018,"February","Monday","06:23 pm","050","Cross Road","Straight road","Level","Not Applicable","Sealed","Dry","Not Raining","Daylight","Right Turn","01","Driver Rider","1: PDO","Traffic Signals","","",1331433.61,1671057.72,"13314341671058"
"2018-1905-27/05/2021","2 Metropolitan","MITCHELL PARK","5043","CC MARION.                    ",2,0,0,0,0,2018,"February","Monday","02:00 pm","060","Divided Road","Straight road","Level","Not Applicable","Sealed","Dry","Not Raining","Daylight","Rear End","01","Driver Rider","1: PDO","No Control","","",1324340.51,1662834.35,"13243411662834"
"2018-1906-27/05/2021","2 Metropolitan","FULHAM GARDENS","5024","CITY OF CHARLES STURT",2,0,0,0,0,2018,"February","Monday","08:26 pm","060","Divided Road","Straight road","Level","Not Applicable","Sealed","Dry","Not Raining","Night","Hit Parked Vehicle","01","Driver Rider","1: PDO","No Control","","",1320742.13,1672860.66,"13207421672861"
"2018-1907-27/05/2021","3 Country","WHYALLA BARSON","5601","CC WHYALLA.                   ",2,0,0,0,0,2018,"February","Monday","06:30 pm","110","Not Divided","Straight road","Level","Not Applicable","Sealed","Dry","Not Raining","Daylight","Head On","02","Driver Rider","1: PDO","No Control","","",1240517.32,1889810.9,"12405171889811"
"2018-1908-27/05/2021","2 Metropolitan","NORTON SUMMIT","5136","THE ADELAIDE HILLS COUNCIL",2,0,0,0,0,2018,"February","Monday","02:55 pm","060","Not Divided","Straight road","Slope","Not Applicable","Sealed","Dry","Not Raining","Daylight","Rear End","01","Driver Rider","1: PDO","No Control","","",1339847.83,1670578.09,"13398481670578"
"2018-1909-27/05/2021","2 Metropolitan","MUNNO PARA","5115","CITY OF PLAYFORD.",2,1,0,0,1,2018,"February","Monday","08:24 pm","060","Not Divided","Straight road","Level","Not Applicable","Sealed","Dry","Not Raining","Night","Head On","02","Driver Rider","2: MI","No Control","","Y",1337241.58,1698213.37,"13372421698213"
"2018-1910-27/05/2021","2 Metropolitan","MITCHELL PARK","5043","CC MARION.                    ",2,0,0,0,0,2018,"February","Monday","01:45 pm","060","Divided Road","Straight road","Level","Not Applicable","Sealed","Dry","Not Raining","Daylight","Rear End","02","Driver Rider","1: PDO","No Control","","",1324361.43,1662147.86,"13243611662148"
"2018-1911-27/05/2021","2 Metropolitan","BOLIVAR","5110","CITY OF SALISBURY",2,1,0,0,1,2018,"February","Monday","10:15 pm","090","T-Junction","CURVED, VIEW OBSCURED","Level","Not Applicable","Sealed","Dry","Not Raining","Night","Rear End","01","Driver Rider","2: MI","Traffic Signals","","",1328457.27,1688613.24,"13284571688613"
"2018-1912-27/05/2021","1 City","ADELAIDE","5000","CITY OF ADELAIDE",4,2,0,0,2,2018,"February","Monday","10:30 pm","025","T-Junction","Straight road","Level","Roadworks","Sealed","Dry","Not Raining","Night","Hit Object on Road","01","Driver Rider","2: MI","Traffic Signals","","",1329012.15,1671159.87,"13290121671160"
"2018-1913-27/05/2021","2 Metropolitan","PROSPECT","5082","CITY OF PROSPECT",2,0,0,0,0,2018,"February","Tuesday","12:45 am","050","T-Junction","Straight road","Level","Not Applicable","Sealed","Dry","Not Raining","Night","Right Angle","02","Passenger","1: PDO","No Control","","",1328073.36,1675753.47,"13280731675753"
"2018-1914-27/05/2021","2 Metropolitan","HINDMARSH","5007","CITY OF CHARLES STURT",2,0,0,0,0,2018,"February","Tuesday","05:35 am","060","T-Junction","Straight road","Level","Not Applicable","Sealed","Dry","Not Raining","Night","Right Angle","02","Driver Rider","1: PDO","Traffic Signals","","",1326024.21,1672989.41,"13260241672989"
"2018-1915-27/05/2021","2 Metropolitan","GEPPS CROSS","5094","CITY OF PORT ADELAIDE ENFIELD",1,0,0,0,0,2018,"February","Monday","11:45 am","060","Divided Road","Straight road","Level","Not Applicable","Sealed","Dry","Not Raining","Daylight","Other","01","Driver Rider","1: PDO","No Control","","",1328682.57,1679276.76,"13286831679277"
"2018-1916-27/05/2021","1 City","ADELAIDE","5000","CITY OF ADELAIDE",2,0,0,0,0,2018,"February","Tuesday","07:40 am","050","Cross Road","Straight road","Level","Not Applicable","Sealed","Dry","Not Raining","Daylight","Side Swipe","02","Driver Rider","1: PDO","Traffic Signals","","",1328509.64,1669574.68,"13285101669575"
"2018-1917-27/05/2021","2 Metropolitan","DRY CREEK","5094","CITY OF SALISBURY",2,1,0,0,1,2018,"February","Tuesday","07:35 am","090","Divided Road","Straight road","Crest of Hill","Bridge, Culvert, Causeway","Sealed","Dry","Not Raining","Daylight","Rear End","01","Driver Rider","2: MI","No Control","","",1328663.66,1683285.74,"13286641683286"
"2018-1918-27/05/2021","2 Metropolitan","GOLDEN GROVE","5125","CITY OF TEA TREE GULLY",2,1,0,0,1,2018,"February","Tuesday","08:45 am","060","Divided Road","Straight road","Level","Not Applicable","Sealed","Dry","Not Raining","Daylight","Rear End","01","Driver Rider","2: MI","No Control","","",1338020.15,1685381.09,"13380201685381"
"2018-1919-27/05/2021","2 Metropolitan","BELAIR","5052","CC MITCHAM.                   ",2,0,0,0,0,2018,"February","Thursday","07:50 am","060","T-Junction","CURVED, VIEW OPEN","Slope","Not Applicable","Sealed","Dry","Not Raining","Daylight","Right Angle","02","Driver Rider","1: PDO","Stop Sign","","",1330556.85,1663179.26,"13305571663179"
"2018-1920-27/05/2021","2 Metropolitan","EDEN HILLS","5050","CC MITCHAM.                   ",2,1,0,0,1,2018,"February","Tuesday","07:38 am","060","T-Junction","Straight road","Bottom of Hill","Not Applicable","Sealed","Dry","Not Raining","Daylight","Right Angle","01","Driver Rider","2: MI","No Control","","",1326030.61,1660866.9,"13260311660867"
"2018-1921-27/05/2021","3 Country","CALLINGTON","5254","RC MURRAY BRIDGE.             ",2,1,0,0,1,2018,"February","Tuesday","08:25 am","100","T-Junction","Straight road","Level","Not Applicable","Sealed","Dry","Not Raining","Daylight","Right Angle","01","Driver Rider","2: MI","No Control","","",1368581.65,1648956.76,"13685821648957"
"2018-1922-27/05/2021","2 Metropolitan","BLACKWOOD","5051","CC MITCHAM.                   ",2,1,0,0,1,2018,"February","Monday","10:20 am","060","Not Divided","Straight road","Level","Not Applicable","Sealed","Dry","Not Raining","Daylight","Rear End","02","Driver Rider","2: MI","No Control","","",1330240.05,1661069.94,"13302401661070"
"2018-1923-27/05/2021","2 Metropolitan","HAZELWOOD PARK","5066","CITY OF BURNSIDE",2,1,0,0,1,2018,"February","Tuesday","08:30 am","050","Not Divided","Straight road","Level","Not Applicable","Sealed","Dry","Not Raining","Daylight","Hit Parked Vehicle","02","Driver Rider","2: MI","No Control","","",1333795.15,1669245.54,"13337951669246"
"2018-1924-27/05/2021","2 Metropolitan","HAPPY VALLEY","5159","CITY OF ONKAPARINGA",2,1,0,0,1,2018,"February","Tuesday","07:40 am","080","Cross Road","Straight road","Level","Median Opening (not at I/S)","Sealed","Dry","Not Raining","Daylight","Rear End","02","Driver Rider","2: MI","Traffic Signals","","",1323022.38,1653415.82,"13230221653416"
"2018-1925-27/05/2021","1 City","ADELAIDE","5000","CITY OF ADELAIDE",2,0,0,0,0,2018,"February","Tuesday","09:50 am","050","Divided Road","Straight road","Level","Not Applicable","Sealed","Dry","Not Raining","Daylight","Side Swipe","02","Driver Rider","1: PDO","No Control","","",1328748.7,1670828.99,"13287491670829"