"REPORT_ID","Stats Area","Suburb","Postcode","LGA Name","Total Units","Total Cas","Total Fats","Total SI","Total MI","Year","Month","Day","Time","Area Speed","Position Type","Horizontal Align","Vertical Align","Other Feat","Road Surface","Moisture Cond","Weather Cond","DayNight","Crash Type","Unit Resp","Entity Code","CSEF Severity","Traffic Ctrls","DUI Involved","Drugs Involved","ACCLOC_X","ACCLOC_Y","UNIQUE_LOC"
"2018-2652-27/05/2021","2 Metropolitan","DRY CREEK","5094","CITY OF SALISBURY",2,0,0,0,0,2018,"March","Friday","04:10 pm","090","T-Junction","Straight road","Level","Not Applicable","Sealed","Wet","Raining","Daylight","Right Angle","01","Driver Rider","1: PDO","No Control","","",1327950.41,1682416.07,"13279501682416"
"2018-2653-27/05/2021","2 Metropolitan","GEPPS CROSS","5094","CITY OF PORT ADELAIDE ENFIELD",2,0,0,0,0,2018,"March","Friday","04:00 pm","060","Divided Road","Straight road","Level","Not Applicable","Sealed","Wet","Raining","Daylight","Rear End","02","Driver Rider","1: PDO","No Control","","",1327617.48,1679246.97,"13276171679247"
"2018-2654-27/05/2021","2 Metropolitan","DRY CREEK","5094","CITY OF SALISBURY",3,0,0,0,0,2018,"March","Friday","04:20 pm","090","Freeway","CURVED, VIEW OBSCURED","Crest of Hill","Bridge, Culvert, Causeway","Sealed","Wet","Raining","Daylight","Rear End","02","Driver Rider","1: PDO","No Control","","",1328644.21,1683260.61,"13286441683261"
"2018-2655-27/05/2021","2 Metropolitan","MODBURY","5092","CITY OF TEA TREE GULLY",2,0,0,0,0,2018,"March","Friday","03:50 pm","060","T-Junction","Straight road","Level","Not Applicable","Sealed","Wet","Raining","Daylight","Rear End","02","Driver Rider","1: PDO","Traffic Signals","","",1337318.97,1681180.05,"13373191681180"
"2018-2656-27/05/2021","2 Metropolitan","SALISBURY","5108","CITY OF SALISBURY",2,0,0,0,0,2018,"March","Friday","03:35 pm","060","Not Divided","Straight road","Level","Not Applicable","Sealed","Wet","Raining","Daylight","Rear End","02","Driver Rider","1: PDO","No Control","","",1332425.04,1688962.86,"13324251688963"
"2018-2657-27/05/2021","2 Metropolitan","KANGARILLA","5157","CITY OF ONKAPARINGA",2,3,0,0,3,2018,"March","Friday","03:05 pm","080","T-Junction","CURVED, VIEW OPEN","Level","Not Applicable","Sealed","Dry","Not Raining","Daylight","Right Angle","02","Driver Rider","2: MI","No Control","","",1331459,1645861.83,"13314591645862"
"2018-2658-27/05/2021","2 Metropolitan","KLEMZIG","5087","CITY OF PORT ADELAIDE ENFIELD",3,0,0,0,0,2018,"March","Friday","04:00 pm","060","Not Divided","Straight road","Slope","Not Applicable","Sealed","Wet","Raining","Daylight","Rear End","02","Driver Rider","1: PDO","No Control","","",1332113.59,1675104.09,"13321141675104"
"2018-2659-27/05/2021","2 Metropolitan","SEACLIFF PARK","5049","CITY OF HOLDFAST BAY",2,0,0,0,0,2018,"March","Friday","04:35 pm","060","Not Divided","Straight road","Slope","Not Applicable","Sealed","Wet","Not Raining","Daylight","Rear End","02","Driver Rider","1: PDO","No Control","","",1321192.66,1659083.14,"13211931659083"
"2018-2660-27/05/2021","2 Metropolitan","ST AGNES","5097","CITY OF TEA TREE GULLY",2,0,0,0,0,2018,"March","Friday","05:54 pm","060","Not Divided","Straight road","Level","Driveway or Entrance","Sealed","Dry","Not Raining","Daylight","Right Angle","01","Driver Rider","1: PDO","No Control","","",1338839.82,1681548.13,"13388401681548"
"2018-2661-27/05/2021","2 Metropolitan","MORPHETT VALE","5162","CITY OF ONKAPARINGA",2,0,0,0,0,2018,"March","Friday","04:55 pm","060","Not Divided","Straight road","Level","Not Applicable","Sealed","Wet","Not Raining","Daylight","Hit Fixed Object","01","Driver Rider","1: PDO","No Control","Y","",1321850.6,1649888.14,"13218511649888"
"2018-2662-27/05/2021","2 Metropolitan","MEDINDIE","5081","WALKERVILLE TOWN COUNCIL",2,1,0,1,0,2018,"March","Friday","02:50 pm","060","T-Junction","Straight road","Level","Not Applicable","Sealed","Wet","Raining","Daylight","Right Turn","01","Driver Rider","3: SI","No Control","","",1329459.65,1673964.96,"13294601673965"
"2018-2663-27/05/2021","2 Metropolitan","KINGS PARK","5034","CITY OF UNLEY",3,0,0,0,0,2018,"March","Friday","03:05 pm","060","Not Divided","Straight road","Level","Driveway or Entrance","Sealed","Wet","Raining","Daylight","Right Angle","01","Driver Rider","1: PDO","No Control","","",1327501.43,1666423.11,"13275011666423"
"2018-2664-27/05/2021","2 Metropolitan","KESWICK TERMINAL","5035","CITY OF WEST TORRENS",6,2,0,2,0,2018,"March","Friday","05:30 pm","060","Not Divided","Straight road","Level","Not Applicable","Sealed","Dry","Not Raining","Daylight","Rear End","01","Driver Rider","3: SI","No Control","","",1326421.54,1669062.72,"13264221669063"
"2018-2665-27/05/2021","2 Metropolitan","SALISBURY","5108","CITY OF SALISBURY",3,0,0,0,0,2018,"March","Friday","08:30 pm","060","Divided Road","CURVED, VIEW OPEN","Bottom of Hill","Bridge, Culvert, Causeway","Sealed","Wet","Raining","Night","Rear End","01","Driver Rider","1: PDO","No Control","","",1332978.14,1688886.57,"13329781688887"
"2018-2666-27/05/2021","3 Country","GLOSSOP","5344","THE BERRI BARMERA COUNCIL",1,2,0,0,2,2018,"March","Friday","06:14 pm","090","Not Divided","CURVED, VIEW OPEN","Level","Not Applicable","Sealed","Wet","Raining","Daylight","Roll Over","01","Driver Rider","2: MI","No Control","","",1506914.34,1736465.86,"15069141736466"
"2018-2667-27/05/2021","1 City","ADELAIDE","5000","CITY OF ADELAIDE",2,1,0,0,1,2018,"March","Friday","05:52 pm","050","Cross Road","Straight road","Slope","Not Applicable","Sealed","Dry","Not Raining","Daylight","Rear End","01","Driver Rider","2: MI","Traffic Signals","","Y",1328466.25,1671147.66,"13284661671148"
"2018-2668-27/05/2021","3 Country","KINGSCOTE","5223","KANGAROO ISLAND COUNCIL",1,0,0,0,0,2018,"March","Friday","01:20 am","050","Not Divided","Straight road","Level","Not Applicable","Sealed","Dry","Not Raining","Night","Roll Over","01","Driver Rider","1: PDO","No Control","","",1237329.54,1591445.61,"12373301591446"
"2018-2669-27/05/2021","2 Metropolitan","NORTH PLYMPTON","5037","CITY OF WEST TORRENS",2,0,0,0,0,2018,"March","Friday","10:00 pm","050","Not Divided","Straight road","Level","Not Applicable","Sealed","Dry","Not Raining","Night","Hit Parked Vehicle","02","Driver Rider","1: PDO","No Control","","",1324250.37,1667308.25,"13242501667308"
"2018-2670-27/05/2021","2 Metropolitan","GAWLER SOUTH","5118","CT GAWLER.                    ",2,1,0,0,1,2018,"March","Friday","11:00 am","050","Not Divided","Straight road","Level","Not Applicable","Sealed","Dry","Not Raining","Daylight","Side Swipe","02","Driver Rider","2: MI","No Control","","",1343070.88,1705781.62,"13430711705782"
"2018-2671-27/05/2021","2 Metropolitan","TORRENS PARK","5062","CC MITCHAM.                   ",2,1,0,0,1,2018,"March","Friday","11:18 pm","060","Not Divided","CURVED, VIEW OPEN","Slope","Not Applicable","Sealed","Dry","Not Raining","Night","Roll Over","01","Driver Rider","2: MI","No Control","","",1329297,1663919.74,"13292971663920"
"2018-2672-27/05/2021","2 Metropolitan","ENFIELD","5085","CITY OF PORT ADELAIDE ENFIELD",2,0,0,0,0,2018,"March","Friday","06:00 pm","060","Divided Road","Straight road","Level","Driveway or Entrance","Sealed","Dry","Not Raining","Daylight","Right Angle","02","Driver Rider","1: PDO","No Control","","",1328841.47,1677804.11,"13288411677804"
"2018-2673-27/05/2021","2 Metropolitan","FELIXSTOW","5070","CC OF NORWOOD,PAYNEHAM & ST PETERS",2,0,0,0,0,2018,"March","Saturday","04:40 am","050","Not Divided","Straight road","Level","Not Applicable","Sealed","Dry","Not Raining","Night","Hit Fixed Object","01","Driver Rider","1: PDO","No Control","","",1332752.3,1674818.47,"13327521674818"
"2018-2674-27/05/2021","2 Metropolitan","MITCHELL PARK","5043","CC MARION.                    ",2,1,0,0,1,2018,"March","Friday","02:45 pm","060","Divided Road","Straight road","Level","Not Applicable","Sealed","Wet","Raining","Daylight","Rear End","02","Driver Rider","2: MI","No Control","","",1324367.23,1661962.78,"13243671661963"
"2018-2675-27/05/2021","3 Country","NACKARA","5440","DC OF PETERBOROUGH",2,0,0,0,0,2018,"March","Friday","07:45 am","110","Not Divided","Straight road","Level","Not Applicable","Sealed","Dry","Not Raining","Daylight","Hit Animal","02","Animal","1: PDO","No Control","","",1388836.65,1898379.99,"13888371898380"
"2018-2676-27/05/2021","3 Country","BRINKLEY","5253","RC MURRAY BRIDGE.             ",3,0,0,0,0,2018,"March","Saturday","06:20 am","100","Not Divided","CURVED, VIEW OBSCURED","Level","Not Applicable","Sealed","Dry","Not Raining","Night","Hit Animal","02","Animal","1: PDO","No Control","","",1389871.85,1636306.18,"13898721636306"
"2018-2677-27/05/2021","2 Metropolitan","DIREK","5110","CITY OF SALISBURY",1,0,0,0,0,2018,"March","Saturday","09:00 am","080","T-Junction","Straight road","Level","Not Applicable","Sealed","Dry","Not Raining","Daylight","Roll Over","01","Driver Rider","1: PDO","Give Way Sign","","",1329309.25,1693341.87,"13293091693342"
"2018-2678-27/05/2021","2 Metropolitan","KURRALTA PARK","5037","CITY OF WEST TORRENS",2,0,0,0,0,2018,"March","Friday","08:20 am","060","Divided Road","Straight road","Level","Not Applicable","Sealed","Dry","Not Raining","Daylight","Rear End","02","Driver Rider","1: PDO","No Control","","",1325688.93,1667649.91,"13256891667650"
"2018-2679-27/05/2021","2 Metropolitan","MALVERN","5061","CITY OF UNLEY",2,0,0,0,0,2018,"March","Friday","05:30 pm","040","Cross Road","Straight road","Level","Not Applicable","Sealed","Dry","Not Raining","Daylight","Right Angle","02","Driver Rider","1: PDO","Stop Sign","","",1329320.21,1666671.22,"13293201666671"
"2018-2680-27/05/2021","2 Metropolitan","WINGFIELD","5013","CITY OF PORT ADELAIDE ENFIELD",2,0,0,0,0,2018,"March","Friday","11:50 am","090","Freeway","Straight road","Level","Not Applicable","Sealed","Dry","Not Raining","Daylight","Side Swipe","02","Driver Rider","1: PDO","No Control","","",1326010.04,1681085.72,"13260101681086"
"2018-2681-27/05/2021","2 Metropolitan","PROSPECT","5082","CITY OF PROSPECT",2,0,0,0,0,2018,"March","Friday","01:45 pm","060","Divided Road","Straight road","Level","Driveway or Entrance","Sealed","Dry","Not Raining","Daylight","Rear End","02","Driver Rider","1: PDO","No Control","","",1328675.07,1676436.75,"13286751676437"
"2018-2682-27/05/2021","1 City","ADELAIDE","5000","CITY OF ADELAIDE",2,1,0,0,1,2018,"March","Friday","10:30 pm","050","Cross Road","Straight road","Level","Not Applicable","Sealed","Dry","Not Raining","Night","Rear End","02","Driver Rider","2: MI","Traffic Signals","","",1328476.8,1670821.45,"13284771670821"
"2018-2683-27/05/2021","2 Metropolitan","SOMERTON PARK","5044","CITY OF HOLDFAST BAY",2,0,0,0,0,2018,"March","Saturday","10:55 am","050","Not Divided","Straight road","Level","Not Applicable","Sealed","Wet","Raining","Daylight","Hit Fixed Object","01","Driver Rider","1: PDO","No Control","","",1320862.02,1663409.34,"13208621663409"
"2018-2684-27/05/2021","2 Metropolitan","GLENELG NORTH","5045","CITY OF WEST TORRENS",2,1,0,0,1,2018,"March","Saturday","10:40 am","050","Not Divided","Straight road","Level","Not Applicable","Sealed","Dry","Not Raining","Daylight","Rear End","02","Driver Rider","2: MI","No Control","","",1321439.84,1666563.17,"13214401666563"
"2018-2685-27/05/2021","2 Metropolitan","THEBARTON","5031","CITY OF WEST TORRENS",3,2,0,0,2,2018,"March","Saturday","09:46 am","060","T-Junction","Straight road","Level","Not Applicable","Sealed","Dry","Not Raining","Daylight","Rear End","01","Driver Rider","2: MI","Traffic Signals","","",1326511.33,1672105.66,"13265111672106"
"2018-2686-27/05/2021","3 Country","HAMLEY BRIDGE","5401","LIGHT REGIONAL COUNCIL",1,1,0,0,1,2018,"March","Saturday","11:30 am","100","Not Divided","CURVED, VIEW OPEN","Slope","Not Applicable","Sealed","Dry","Not Raining","Daylight","Left Road - Out of Control","01","Driver Rider","2: MI","No Control","","",1338213.49,1732306.69,"13382131732307"
"2018-2687-27/05/2021","2 Metropolitan","ELIZABETH PARK","5113","CITY OF PLAYFORD.",2,0,0,0,0,2018,"March","Saturday","11:45 am","060","T-Junction","Straight road","Level","Not Applicable","Sealed","Dry","Not Raining","Daylight","Right Angle","02","Driver Rider","1: PDO","No Control","","",1337522.85,1694589.52,"13375231694590"
"2018-2688-27/05/2021","2 Metropolitan","GAWLER SOUTH","5118","CT GAWLER.                    ",2,0,0,0,0,2018,"March","Saturday","11:30 am","050","T-Junction","Straight road","Level","Not Applicable","Sealed","Dry","Not Raining","Daylight","Rear End","02","Driver Rider","1: PDO","Give Way Sign","","",1342773.48,1705185.97,"13427731705186"
"2018-2689-27/05/2021","2 Metropolitan","MAGILL","5072","CC CAMPBELLTOWN.              ",2,1,0,0,1,2018,"March","Friday","03:30 pm","050","Cross Road","Straight road","Level","Not Applicable","Sealed","Wet","Raining","Daylight","Right Angle","02","Driver Rider","2: MI","Give Way Sign","","",1335223.76,1673416.91,"13352241673417"
"2018-2690-27/05/2021","2 Metropolitan","PROSPECT","5082","CITY OF PROSPECT",2,1,0,0,1,2018,"March","Friday","05:38 pm","050","Cross Road","Straight road","Level","Not Applicable","Sealed","Dry","Not Raining","Daylight","Rear End","02","Driver Rider","2: MI","Traffic Signals","","",1328059.62,1676423.15,"13280601676423"
"2018-2691-27/05/2021","2 Metropolitan","CLOVELLY PARK","5042","CC MARION.                    ",2,0,0,0,0,2018,"March","Saturday","12:10 pm","060","Divided Road","Straight road","Slope","Not Applicable","Sealed","Dry","Not Raining","Daylight","Right Angle","02","Driver Rider","1: PDO","No Control","","",1325867.68,1663321.29,"13258681663321"
"2018-2692-27/05/2021","2 Metropolitan","TATACHILLA","5171","CITY OF ONKAPARINGA",2,2,0,1,1,2018,"March","Friday","03:30 pm","090","Cross Road","Straight road","Bottom of Hill","Not Applicable","Sealed","Dry","Not Raining","Daylight","Right Angle","01","Driver Rider","3: SI","Stop Sign","","",1317646.97,1638169.75,"13176471638170"
"2018-2693-27/05/2021","2 Metropolitan","BOLIVAR","5110","CITY OF SALISBURY",2,1,0,0,1,2018,"March","Friday","03:45 pm","090","Divided Road","Straight road","Level","Not Applicable","Sealed","Wet","Raining","Daylight","Rear End","02","Driver Rider","2: MI","No Control","","",1328383.46,1688997.76,"13283831688998"
"2018-2694-27/05/2021","3 Country","MURRAY BRIDGE","5253","RC MURRAY BRIDGE.             ",2,0,0,0,0,2018,"March","Friday","04:00 pm","050","T-Junction","Straight road","Level","Not Applicable","Sealed","Dry","Not Raining","Daylight","Rear End","02","Driver Rider","1: PDO","No Control","","",1390119.05,1643498.8,"13901191643499"
"2018-2695-27/05/2021","2 Metropolitan","HENLEY BEACH","5022","CITY OF CHARLES STURT",2,0,0,0,0,2018,"March","Friday","09:25 pm","050","Not Divided","Straight road","Level","Not Applicable","Sealed","Dry","Not Raining","Night","Hit Parked Vehicle","01","Driver Rider","1: PDO","No Control","Y","",1319086.29,1671213.5,"13190861671214"
"2018-2696-27/05/2021","1 City","ADELAIDE","5000","CITY OF ADELAIDE",2,0,0,0,0,2018,"March","Friday","05:20 pm","050","Divided Road","Straight road","Level","Not Applicable","Sealed","Wet","Raining","Daylight","Side Swipe","02","Driver Rider","1: PDO","No Control","","",1328384.56,1671146.07,"13283851671146"
"2018-2697-27/05/2021","2 Metropolitan","PORT ADELAIDE","5015","CITY OF PORT ADELAIDE ENFIELD",2,0,0,0,0,2018,"March","Saturday","03:00 pm","050","Multiple","Straight road","Level","Not Applicable","Sealed","Dry","Not Raining","Daylight","Right Angle","01","Driver Rider","1: PDO","Traffic Signals","","",1319866.72,1679909.05,"13198671679909"
"2018-2698-27/05/2021","2 Metropolitan","CHRISTIE DOWNS","5164","CITY OF ONKAPARINGA",2,0,0,0,0,2018,"March","Saturday","03:40 pm","050","Not Divided","Straight road","Slope","Driveway or Entrance","Sealed","Dry","Not Raining","Daylight","Rear End","01","Driver Rider","1: PDO","No Control","","",1317912.87,1648068.65,"13179131648069"
"2018-2699-27/05/2021","2 Metropolitan","HAHNDORF","5245","DC MT.BARKER.                 ",2,0,0,0,0,2018,"March","Saturday","03:58 pm","040","T-Junction","Straight road","Level","Not Applicable","Sealed","Dry","Not Raining","Daylight","Right Turn","01","Driver Rider","1: PDO","No Control","","",1347049.59,1658903.31,"13470501658903"
"2018-2700-27/05/2021","2 Metropolitan","HAHNDORF","5245","DC MT.BARKER.                 ",2,0,0,0,0,2018,"March","Saturday","03:10 pm","080","Not Divided","CURVED, VIEW OPEN","Slope","Not Applicable","Sealed","Dry","Not Raining","Daylight","Hit Fixed Object","01","Driver Rider","1: PDO","No Control","","",1348634.36,1657004.53,"13486341657005"
"2018-2701-27/05/2021","3 Country","BALAKLAVA","5461","WAKEFIELD REGIONAL COUNCIL",2,0,0,0,0,2018,"March","Saturday","12:00 pm","050","Not Divided","Straight road","Level","Not Applicable","Sealed","Dry","Not Raining","Daylight","Hit Fixed Object","01","Driver Rider","1: PDO","No Control","","",1314644.47,1757940.42,"13146441757940"
"2018-2702-27/05/2021","2 Metropolitan","URRBRAE","5064","CITY OF UNLEY",3,1,0,0,1,2018,"March","Saturday","08:55 pm","060","Not Divided","Straight road","Slope","Not Applicable","Sealed","Dry","Not Raining","Night","Head On","01","Driver Rider","2: MI","No Control","","",1330858.96,1666294.95,"13308591666295"
"2018-2703-27/05/2021","3 Country","CURRENCY CREEK","5214","ALEXANDRINA COUNCIL",2,4,0,0,4,2018,"March","Saturday","07:11 pm","100","T-Junction","Straight road","Level","Not Applicable","Sealed","Dry","Not Raining","Daylight","Hit Fixed Object","01","Driver Rider","2: MI","No Control","","Y",1337759.47,1612400.25,"13377591612400"
"2018-2704-27/05/2021","2 Metropolitan","SOUTH PLYMPTON","5038","CC MARION.                    ",2,0,0,0,0,2018,"March","Saturday","10:03 pm","050","Not Divided","Straight road","Level","Not Applicable","Sealed","Dry","Not Raining","Night","Hit Parked Vehicle","01","Driver Rider","1: PDO","No Control","","",1324615.45,1664733.63,"13246151664734"
"2018-2705-27/05/2021","2 Metropolitan","MOUNT TORRENS","5244","THE ADELAIDE HILLS COUNCIL",2,0,0,0,0,2018,"March","Saturday","10:30 pm","080","Not Divided","CURVED, VIEW OPEN","Slope","Not Applicable","Sealed","Dry","Not Raining","Night","Hit Animal","01","Driver Rider","1: PDO","No Control","","",1363029.38,1674946.42,"13630291674946"
"2018-2706-27/05/2021","2 Metropolitan","SOUTH PLYMPTON","5038","CC MARION.                    ",3,0,0,0,0,2018,"March","Saturday","11:37 pm","060","Cross Road","Straight road","Level","Not Applicable","Sealed","Wet","Raining","Night","Right Turn","01","Driver Rider","1: PDO","Traffic Signals","","",1324281.85,1664736.96,"13242821664737"
"2018-2707-27/05/2021","2 Metropolitan","CAMPBELLTOWN","5074","CC CAMPBELLTOWN.              ",3,1,0,1,0,2018,"March","Saturday","09:10 pm","050","Not Divided","Straight road","Level","Not Applicable","Sealed","Dry","Not Raining","Night","Hit Fixed Object","01","Driver Rider","3: SI","No Control","","",1333776.84,1675351.17,"13337771675351"
"2018-2708-27/05/2021","3 Country","MOUNT GAMBIER","5290","CC MT.GAMBIER.                ",2,0,0,0,0,2018,"March","Sunday","10:05 am","050","Not Divided","Straight road","Crest of Hill","Not Applicable","Sealed","Wet","Raining","Daylight","Hit Fixed Object","01","Driver Rider","1: PDO","No Control","","",1510273.61,1342052.2,"15102741342052"
"2018-2709-27/05/2021","2 Metropolitan","LOWER MITCHAM","5062","CC MITCHAM.                   ",2,0,0,0,0,2018,"March","Sunday","10:15 am","060","T-Junction","Straight road","Level","Not Applicable","Sealed","Dry","Not Raining","Daylight","Side Swipe","02","Driver Rider","1: PDO","Traffic Signals","","",1329170.96,1665061.71,"13291711665062"
"2018-2710-27/05/2021","2 Metropolitan","PORT ADELAIDE","5015","CITY OF PORT ADELAIDE ENFIELD",2,0,0,0,0,2018,"March","Sunday","11:10 am","050","Not Divided","CURVED, VIEW OPEN","Level","Not Applicable","Sealed","Dry","Not Raining","Daylight","Head On","02","Driver Rider","1: PDO","No Control","","",1319806.32,1679803.95,"13198061679804"
"2018-2711-27/05/2021","2 Metropolitan","ELIZABETH","5112","CITY OF PLAYFORD.",2,2,0,0,2,2018,"March","Sunday","11:35 am","060","Divided Road","Straight road","Level","Not Applicable","Sealed","Dry","Not Raining","Daylight","Rear End","01","Driver Rider","2: MI","No Control","","",1335562.68,1693035.62,"13355631693036"
"2018-2712-27/05/2021","2 Metropolitan","CHERRYVILLE","5134","THE ADELAIDE HILLS COUNCIL",2,1,0,0,1,2018,"March","Sunday","11:45 am","080","Not Divided","CURVED, VIEW OBSCURED","Slope","Not Applicable","Sealed","Dry","Not Raining","Daylight","Head On","01","Driver Rider","2: MI","No Control","","",1342859.2,1671631.92,"13428591671632"
"2018-2713-27/05/2021","2 Metropolitan","SALISBURY PLAIN","5109","CITY OF SALISBURY",2,0,0,0,0,2018,"March","Sunday","01:00 pm","050","Not Divided","Straight road","Level","Not Applicable","Sealed","Dry","Not Raining","Daylight","Side Swipe","02","Driver Rider","1: PDO","No Control","","",1334146.95,1688352.1,"13341471688352"
"2018-2714-27/05/2021","2 Metropolitan","ELIZABETH GROVE","5112","CITY OF PLAYFORD.",2,1,0,0,1,2018,"March","Sunday","07:45 am","080","Cross Road","Straight road","Level","Not Applicable","Sealed","Dry","Not Raining","Daylight","Right Angle","01","Driver Rider","2: MI","Traffic Signals","","",1336080.31,1692236.44,"13360801692236"
"2018-2715-27/05/2021","2 Metropolitan","SALISBURY NORTH","5108","CITY OF SALISBURY",2,0,0,0,0,2018,"March","Sunday","03:25 pm","060","Not Divided","Straight road","Level","Not Applicable","Sealed","Dry","Not Raining","Daylight","Hit Parked Vehicle","01","Driver Rider","1: PDO","No Control","","",1330366.29,1690654.23,"13303661690654"
"2018-2716-27/05/2021","2 Metropolitan","STURT","5047","CC MARION.                    ",2,0,0,0,0,2018,"March","Sunday","12:40 pm","050","Not Divided","Straight road","Level","Not Applicable","Sealed","Dry","Not Raining","Daylight","Hit Parked Vehicle","01","Driver Rider","1: PDO","No Control","","",1324135.81,1660199,"13241361660199"
"2018-2717-27/05/2021","2 Metropolitan","FINDON","5023","CITY OF CHARLES STURT",2,0,0,0,0,2018,"March","Sunday","04:40 pm","060","T-Junction","Straight road","Level","Not Applicable","Sealed","Dry","Not Raining","Daylight","Right Angle","01","Driver Rider","1: PDO","No Control","","",1323481.37,1673329.33,"13234811673329"
"2018-2718-27/05/2021","2 Metropolitan","SEMAPHORE","5019","CITY OF PORT ADELAIDE ENFIELD",2,0,0,0,0,2018,"March","Sunday","01:30 pm","040","Divided Road","Straight road","Level","Not Applicable","Sealed","Dry","Not Raining","Daylight","Hit Pedestrian","02","Driver Rider","1: PDO","No Control","","",1318078.49,1680669.43,"13180781680669"
"2018-2719-27/05/2021","2 Metropolitan","INGLE FARM","5098","CITY OF SALISBURY",2,1,0,0,1,2018,"March","Sunday","07:15 pm","050","Not Divided","CURVED, VIEW OPEN","Level","Not Applicable","Sealed","Dry","Not Raining","Daylight","Hit Fixed Object","01","Driver Rider","2: MI","No Control","","",1332645.46,1681711.5,"13326451681712"
"2018-2720-27/05/2021","2 Metropolitan","ST MORRIS","5068","CC OF NORWOOD,PAYNEHAM & ST PETERS",2,0,0,0,0,2018,"March","Sunday","06:00 pm","050","Not Divided","Straight road","Level","Not Applicable","Sealed","Dry","Not Raining","Daylight","Hit Parked Vehicle","02","Driver Rider","1: PDO","No Control","","",1333081.35,1672262.23,"13330811672262"
"2018-2721-27/05/2021","3 Country","WATTLE FLAT","5203","DC YANKALILLA.                ",2,0,0,0,0,2018,"March","Saturday","09:54 pm","100","Not Divided","Straight road","Slope","Not Applicable","Sealed","Wet","Raining","Night","Hit Animal","01","Driver Rider","1: PDO","No Control","","",1307610,1615389.27,"13076101615389"
"2018-2722-27/05/2021","2 Metropolitan","MUNNO PARA","5115","CITY OF PLAYFORD.",2,0,0,0,0,2018,"March","Sunday","06:25 pm","090","Divided Road","Straight road","Level","Not Applicable","Sealed","Dry","Not Raining","Daylight","Hit Fixed Object","01","Driver Rider","1: PDO","No Control","","",1338494.74,1698230.52,"13384951698231"
"2018-2723-27/05/2021","2 Metropolitan","HAPPY VALLEY","5159","CITY OF ONKAPARINGA",2,0,0,0,0,2018,"March","Sunday","10:50 pm","080","Not Divided","Straight road","Slope","Not Applicable","Sealed","Dry","Not Raining","Night","Head On","01","Driver Rider","1: PDO","No Control","","",1325657.47,1656737.85,"13256571656738"
"2018-2724-27/05/2021","2 Metropolitan","HOPE VALLEY","5090","CITY OF TEA TREE GULLY",2,0,0,0,0,2018,"March","Sunday","05:15 am","060","T-Junction","Straight road","Level","Not Applicable","Sealed","Dry","Not Raining","Night","Hit Fixed Object","01","Driver Rider","1: PDO","Traffic Signals","Y","",1337389.22,1678140.96,"13373891678141"
"2018-2725-27/05/2021","2 Metropolitan","ANGLE VALE","5117","CITY OF PLAYFORD.",2,1,0,0,1,2018,"March","Monday","07:35 am","110","Freeway","Straight road","Level","Not Applicable","Sealed","Dry","Not Raining","Daylight","Hit Fixed Object","01","Driver Rider","2: MI","No Control","","",1335227.15,1700881.03,"13352271700881"
"2018-2726-27/05/2021","2 Metropolitan","GUMERACHA","5233","THE ADELAIDE HILLS COUNCIL",2,0,0,0,0,2018,"March","Sunday","02:00 am","080","Not Divided","CURVED, VIEW OBSCURED","Slope","Not Applicable","Sealed","Wet","Raining","Night","Hit Fixed Object","01","Driver Rider","1: PDO","No Control","","",1356191.64,1681477.21,"13561921681477"
"2018-2727-27/05/2021","2 Metropolitan","WALKERVILLE","5081","WALKERVILLE TOWN COUNCIL",2,0,0,0,0,2018,"March","Monday","09:01 am","060","Divided Road","Straight road","Level","Not Applicable","Sealed","Dry","Not Raining","Daylight","Rear End","02","Driver Rider","1: PDO","No Control","","",1329777.12,1674597.5,"13297771674598"
"2018-2728-27/05/2021","2 Metropolitan","GREENACRES","5086","CITY OF PORT ADELAIDE ENFIELD",3,1,0,0,1,2018,"March","Monday","08:51 am","060","T-Junction","Straight road","Level","Not Applicable","Sealed","Dry","Not Raining","Daylight","Right Angle","01","Driver Rider","2: MI","No Control","","",1330430.11,1677200.82,"13304301677201"
"2018-2729-27/05/2021","2 Metropolitan","MAYLANDS","5069","CC OF NORWOOD,PAYNEHAM & ST PETERS",2,0,0,0,0,2018,"March","Monday","08:40 am","060","Pedestrian Crossing","Straight road","Slope","Not Applicable","Sealed","Dry","Not Raining","Daylight","Rear End","02","Driver Rider","1: PDO","Traffic Signals","","",1332218.8,1672368.2,"13322191672368"
"2018-2730-27/05/2021","2 Metropolitan","LOCKLEYS","5032","CITY OF WEST TORRENS",2,0,0,0,0,2018,"March","Monday","06:55 am","050","T-Junction","CURVED, VIEW OPEN","Level","Not Applicable","Sealed","Dry","Not Raining","Night","Hit Fixed Object","01","Driver Rider","1: PDO","No Control","","",1322403.66,1671456.26,"13224041671456"
"2018-2731-27/05/2021","2 Metropolitan","PARA HILLS","5096","CITY OF SALISBURY",2,1,0,0,1,2018,"March","Monday","08:40 am","060","Divided Road","Straight road","Slope","Not Applicable","Sealed","Dry","Not Raining","Daylight","Rear End","02","Driver Rider","2: MI","No Control","","",1334203.34,1684620.48,"13342031684620"
"2018-2732-27/05/2021","2 Metropolitan","WARD BELT","5118","LIGHT REGIONAL COUNCIL",2,1,0,0,1,2018,"March","Monday","07:58 am","110","Freeway","Straight road","Level","Not Applicable","Sealed","Dry","Not Raining","Daylight","Hit Fixed Object","01","Driver Rider","2: MI","No Control","","",1340920.33,1706212.41,"13409201706212"