"REPORT_ID","Stats Area","Suburb","Postcode","LGA Name","Total Units","Total Cas","Total Fats","Total SI","Total MI","Year","Month","Day","Time","Area Speed","Position Type","Horizontal Align","Vertical Align","Other Feat","Road Surface","Moisture Cond","Weather Cond","DayNight","Crash Type","Unit Resp","Entity Code","CSEF Severity","Traffic Ctrls","DUI Involved","Drugs Involved","ACCLOC_X","ACCLOC_Y","UNIQUE_LOC"
"2018-2976-27/05/2021","2 Metropolitan","TOORAK GARDENS","5065","CITY OF BURNSIDE",2,0,0,0,0,2018,"March","Saturday","11:20 pm","060","T-Junction","Straight road","Level","Not Applicable","Sealed","Dry","Not Raining","Night","Right Angle","02","Driver Rider","1: PDO","No Control","","",1332284.13,1669916.27,"13322841669916"
"2018-2977-27/05/2021","1 City","NORTH ADELAIDE","5006","CITY OF ADELAIDE",2,0,0,0,0,2018,"March","Sunday","05:54 am","050","Not Divided","CURVED, VIEW OPEN","Level","Not Applicable","Sealed","Wet","Raining","Night","Hit Fixed Object","01","Driver Rider","1: PDO","No Control","","",1328150.52,1671544.48,"13281511671544"
"2018-2978-27/05/2021","3 Country","WHYALLA PLAYFORD","5600","CC WHYALLA.                   ",2,1,0,0,1,2018,"March","Sunday","12:20 am","060","Divided Road","Straight road","Level","Median Opening (not at I/S)","Sealed","Wet","Raining","Night","Side Swipe","01","Driver Rider","2: MI","No Control","","",1239297.89,1883304.32,"12392981883304"
"2018-2979-27/05/2021","2 Metropolitan","LITTLEHAMPTON","5250","DC MT.BARKER.                 ",2,0,0,0,0,2018,"March","Sunday","08:52 am","080","Rail Crossing","CURVED, VIEW OPEN","Level","Not Applicable","Sealed","Wet","Not Raining","Daylight","Hit Fixed Object","01","Driver Rider","1: PDO","Give Way Sign","","",1351912.74,1658422.67,"13519131658423"
"2018-2980-27/05/2021","2 Metropolitan","BELAIR","5052","CC MITCHAM.                   ",3,0,0,0,0,2018,"March","Sunday","08:40 am","060","Not Divided","CURVED, VIEW OBSCURED","Slope","Not Applicable","Sealed","Wet","Not Raining","Daylight","Hit Fixed Object","01","Driver Rider","1: PDO","No Control","","",1332292.09,1660647.01,"13322921660647"
"2018-2981-27/05/2021","2 Metropolitan","CRAFERS","5152","THE ADELAIDE HILLS COUNCIL",2,0,0,0,0,2018,"March","Sunday","09:25 am","100","Freeway","Straight road","Slope","Not Applicable","Sealed","Wet","Unknown","Daylight","Hit Fixed Object","01","Driver Rider","1: PDO","No Control","","",1338086.2,1662298.7,"13380861662299"
"2018-2982-27/05/2021","2 Metropolitan","SEAFORD RISE","5169","CITY OF ONKAPARINGA",2,1,0,0,1,2018,"March","Saturday","12:00 pm","060","Cross Road","Straight road","Level","Not Applicable","Sealed","Dry","Not Raining","Daylight","Hit Parked Vehicle","02","Driver Rider","2: MI","Traffic Signals","","",1317537.2,1641650.26,"13175371641650"
"2018-2983-27/05/2021","2 Metropolitan","KESWICK","5035","CITY OF WEST TORRENS",2,0,0,0,0,2018,"March","Sunday","01:08 pm","060","T-Junction","Straight road","Level","Not Applicable","Sealed","Dry","Not Raining","Daylight","Right Angle","02","Driver Rider","1: PDO","No Control","","",1326575.14,1668490.42,"13265751668490"
"2018-2984-27/05/2021","2 Metropolitan","MOUNT BARKER","5251","DC MT.BARKER.                 ",2,1,0,0,1,2018,"March","Sunday","12:30 pm","050","Not Divided","Straight road","Level","Not Applicable","Sealed","Dry","Not Raining","Daylight","Hit Pedestrian","01","Pedestrian","2: MI","No Control","","",1351545.76,1652308.9,"13515461652309"
"2018-2985-27/05/2021","2 Metropolitan","HIGHBURY","5089","CITY OF TEA TREE GULLY",2,0,0,0,0,2018,"March","Sunday","05:30 am","050","Not Divided","CURVED, VIEW OPEN","Level","Not Applicable","Sealed","Dry","Not Raining","Night","Hit Fixed Object","01","Driver Rider","1: PDO","No Control","","",1339434.62,1678542.76,"13394351678543"
"2018-2986-27/05/2021","2 Metropolitan","SEFTON PARK","5083","CITY OF PROSPECT",2,1,0,0,1,2018,"March","Friday","09:45 pm","060","Divided Road","Straight road","Level","Not Applicable","Sealed","Dry","Not Raining","Night","Side Swipe","01","Driver Rider","2: MI","No Control","","",1328868.15,1676296,"13288681676296"
"2018-2987-27/05/2021","2 Metropolitan","PORT NOARLUNGA SOUTH","5167","CITY OF ONKAPARINGA",2,0,0,0,0,2018,"March","Sunday","03:00 pm","070","Not Divided","Straight road","Level","Not Applicable","Sealed","Dry","Not Raining","Daylight","Side Swipe","01","Driver Rider","1: PDO","No Control","","",1316274.56,1644849.94,"13162751644850"
"2018-2988-27/05/2021","2 Metropolitan","SEACLIFF PARK","5049","CITY OF HOLDFAST BAY",2,0,0,0,0,2018,"April","Tuesday","03:00 pm","060","Divided Road","Straight road","Level","Not Applicable","Sealed","Dry","Not Raining","Daylight","Rear End","01","Driver Rider","1: PDO","No Control","","",1321196.24,1658961.44,"13211961658961"
"2018-2989-27/05/2021","2 Metropolitan","GILLES PLAINS","5086","CITY OF PORT ADELAIDE ENFIELD",2,0,0,0,0,2018,"March","Sunday","02:30 pm","060","T-Junction","Straight road","Level","Not Applicable","Sealed","Dry","Not Raining","Daylight","Right Angle","02","Driver Rider","1: PDO","No Control","","",1333916.76,1678182.21,"13339171678182"
"2018-2990-27/05/2021","3 Country","NURIOOTPA","5355","THE BAROSSA COUNCIL.",2,2,0,0,2,2018,"March","Sunday","04:30 pm","050","Cross Road","Straight road","Level","Not Applicable","Sealed","Dry","Not Raining","Daylight","Rear End","02","Driver Rider","2: MI","Give Way Sign","","",1367078.86,1721110.07,"13670791721110"
"2018-2991-27/05/2021","2 Metropolitan","WINDSOR GARDENS","5087","CITY OF PORT ADELAIDE ENFIELD",2,0,0,0,0,2018,"March","Sunday","12:15 pm","060","T-Junction","Straight road","Level","Not Applicable","Sealed","Dry","Not Raining","Daylight","Rear End","02","Driver Rider","1: PDO","Traffic Signals","","",1333433.85,1677755.39,"13334341677755"
"2018-2992-27/05/2021","3 Country","KONGORONG","5291","DISTRICT COUNCIL OF GRANT",2,0,0,0,0,2018,"March","Saturday","07:45 pm","050","T-Junction","Straight road","Level","Not Applicable","Sealed","Dry","Not Raining","Night","Hit Fixed Object","01","Driver Rider","1: PDO","No Control","","",1489509.62,1333382.09,"14895101333382"
"2018-2993-27/05/2021","2 Metropolitan","GLYNDE","5070","CC OF NORWOOD,PAYNEHAM & ST PETERS",2,0,0,0,0,2018,"March","Sunday","05:40 pm","050","Not Divided","Straight road","Level","Not Applicable","Sealed","Wet","Not Raining","Daylight","Hit Fixed Object","01","Driver Rider","1: PDO","No Control","","",1333304.04,1673364.19,"13333041673364"
"2018-2994-27/05/2021","2 Metropolitan","MARRYATVILLE","5068","CC OF NORWOOD,PAYNEHAM & ST PETERS",2,0,0,0,0,2018,"March","Sunday","05:35 pm","060","Cross Road","Straight road","Level","Not Applicable","Sealed","Dry","Not Raining","Daylight","Rear End","02","Driver Rider","1: PDO","Traffic Signals","Y","",1332269.85,1670409.71,"13322701670410"
"2018-2995-27/05/2021","2 Metropolitan","OTTOWAY","5013","CITY OF PORT ADELAIDE ENFIELD",2,0,0,0,0,2018,"March","Saturday","01:00 pm","060","Cross Road","Straight road","Level","Not Applicable","Sealed","Dry","Not Raining","Daylight","Right Angle","01","Driver Rider","1: PDO","Give Way Sign","","",1322718.98,1679683.43,"13227191679683"
"2018-2996-27/05/2021","2 Metropolitan","STIRLING","5152","THE ADELAIDE HILLS COUNCIL",2,0,0,0,0,2018,"March","Sunday","06:00 pm","110","Freeway","CURVED, VIEW OPEN","Slope","Not Applicable","Sealed","Dry","Not Raining","Daylight","Rear End","02","Driver Rider","1: PDO","No Control","","",1340800.04,1662588.53,"13408001662589"
"2018-2997-27/05/2021","2 Metropolitan","PAYNEHAM","5070","CC OF NORWOOD,PAYNEHAM & ST PETERS",2,0,0,0,0,2018,"March","Sunday","06:40 am","060","Cross Road","Straight road","Level","Not Applicable","Sealed","Wet","Raining","Night","Right Turn","02","Driver Rider","1: PDO","Traffic Signals","","",1332162.99,1673774.81,"13321631673775"
"2018-2998-27/05/2021","2 Metropolitan","CAMDEN PARK","5038","CITY OF WEST TORRENS",2,1,0,0,1,2018,"March","Monday","03:29 am","050","Not Divided","Straight road","Level","Not Applicable","Sealed","Wet","Not Raining","Night","Hit Parked Vehicle","01","Driver Rider","2: MI","No Control","Y","",1322964.1,1665821.39,"13229641665821"
"2018-2999-27/05/2021","2 Metropolitan","EVANSTON PARK","5116","CITY OF PLAYFORD.",2,0,0,0,0,2018,"March","Sunday","01:30 am","080","T-Junction","Straight road","Crest of Hill","Not Applicable","Sealed","Dry","Not Raining","Night","Hit Fixed Object","01","Driver Rider","1: PDO","No Control","Y","",1344465.91,1703160,"13444661703160"
"2018-3000-27/05/2021","3 Country","PORT LINCOLN","5606","CC PT.LINCOLN.                ",2,0,0,0,0,2018,"March","Saturday","01:53 am","050","Not Divided","Straight road","Slope","Not Applicable","Sealed","Dry","Not Raining","Night","Hit Fixed Object","01","Driver Rider","1: PDO","No Control","Y","",1077798.27,1698972.94,"10777981698973"
"2018-3001-27/05/2021","1 City","NORTH ADELAIDE","5006","CITY OF ADELAIDE",2,1,0,0,1,2018,"March","Monday","12:00 am","060","Not Divided","Straight road","Level","Not Applicable","Sealed","Wet","Raining","Night","Hit Fixed Object","01","Driver Rider","2: MI","No Control","","",1326896.96,1672762.09,"13268971672762"
"2018-3002-27/05/2021","2 Metropolitan","POORAKA","5095","CITY OF SALISBURY",3,2,0,0,2,2018,"March","Monday","06:50 am","070","Divided Road","Straight road","Level","Not Applicable","Sealed","Dry","Not Raining","Night","Rear End","01","Driver Rider","2: MI","No Control","","",1330586.1,1681820.88,"13305861681821"
"2018-3003-27/05/2021","2 Metropolitan","DRY CREEK","5094","CITY OF SALISBURY",4,1,0,0,1,2018,"March","Monday","08:30 am","090","Freeway","Straight road","Level","Not Applicable","Sealed","Dry","Not Raining","Daylight","Rear End","02","Driver Rider","2: MI","No Control","","",1328124.74,1682620.67,"13281251682621"
"2018-3004-27/05/2021","2 Metropolitan","ELIZABETH","5112","CITY OF PLAYFORD.",2,0,0,0,0,2018,"March","Monday","09:05 am","050","Divided Road","Straight road","Level","Not Applicable","Sealed","Dry","Not Raining","Daylight","Side Swipe","02","Driver Rider","1: PDO","No Control","","",1335525.69,1693097.07,"13355261693097"
"2018-3005-27/05/2021","2 Metropolitan","SALISBURY EAST","5109","CITY OF SALISBURY",2,0,0,0,0,2018,"March","Monday","08:40 am","050","T-Junction","Straight road","Level","Not Applicable","Sealed","Dry","Not Raining","Daylight","Hit Fixed Object","01","Driver Rider","1: PDO","Roundabout","","",1333734.45,1685262.31,"13337341685262"
"2018-3006-27/05/2021","2 Metropolitan","ALDINGA","5173","CITY OF ONKAPARINGA",2,0,0,0,0,2018,"March","Tuesday","10:00 am","090","Not Divided","Straight road","Slope","Not Applicable","Sealed","Dry","Not Raining","Daylight","Hit Animal","02","Animal","1: PDO","No Control","","",1317195.09,1633755.42,"13171951633755"
"2018-3007-27/05/2021","2 Metropolitan","HILLCREST","5086","CITY OF PORT ADELAIDE ENFIELD",2,0,0,0,0,2018,"March","Monday","09:42 am","060","T-Junction","Straight road","Level","Not Applicable","Sealed","Dry","Not Raining","Daylight","Right Angle","01","Driver Rider","1: PDO","No Control","","",1332948.47,1677348.06,"13329481677348"
"2018-3008-27/05/2021","2 Metropolitan","MCLAREN FLAT","5171","CITY OF ONKAPARINGA",2,0,0,0,0,2018,"March","Monday","08:15 am","050","Not Divided","Straight road","Level","Unknown","Sealed","Dry","Not Raining","Daylight","Hit Parked Vehicle","01","Driver Rider","1: PDO","No Control","","",1325972.9,1639488.85,"13259731639489"
"2018-3009-27/05/2021","3 Country","HAMLEY BRIDGE","5401","WAKEFIELD REGIONAL COUNCIL",2,2,0,0,2,2018,"March","Sunday","12:20 pm","100","Not Divided","CURVED, VIEW OPEN","Level","Not Applicable","Sealed","Dry","Not Raining","Daylight","Hit Fixed Object","01","Driver Rider","2: MI","No Control","","",1338831.52,1733848.3,"13388321733848"
"2018-3010-27/05/2021","2 Metropolitan","CHRISTIE DOWNS","5164","CITY OF ONKAPARINGA",2,1,0,0,1,2018,"March","Monday","11:00 am","060","T-Junction","Straight road","Level","Not Applicable","Sealed","Dry","Not Raining","Daylight","Hit Pedestrian","02","Pedestrian","2: MI","Traffic Signals","","",1318513.27,1647464.88,"13185131647465"
"2018-3011-27/05/2021","2 Metropolitan","WINGFIELD","5013","CITY OF PORT ADELAIDE ENFIELD",2,0,0,0,0,2018,"March","Monday","12:40 pm","060","T-Junction","Straight road","Level","Not Applicable","Sealed","Dry","Not Raining","Daylight","Right Angle","01","Driver Rider","1: PDO","No Control","","",1323882.46,1680690.89,"13238821680691"
"2018-3012-27/05/2021","2 Metropolitan","NORTHFIELD","5085","CITY OF PORT ADELAIDE ENFIELD",2,0,0,0,0,2018,"March","Monday","08:20 am","050","Cross Road","Straight road","Level","Not Applicable","Sealed","Dry","Not Raining","Daylight","Right Angle","02","Driver Rider","1: PDO","No Control","","",1330505.1,1678045.97,"13305051678046"
"2018-3013-27/05/2021","2 Metropolitan","EDWARDSTOWN","5039","CC MARION.                    ",3,0,0,0,0,2018,"March","Monday","01:00 pm","050","Not Divided","Straight road","Level","Driveway or Entrance","Sealed","Dry","Not Raining","Daylight","Right Angle","02","Driver Rider","1: PDO","No Control","","",1325149.69,1664009.62,"13251501664010"
"2018-3014-27/05/2021","3 Country","KORUNYE","5502","DC MALLALA.                   ",2,0,0,0,0,2018,"March","Monday","12:40 pm","100","Not Divided","Straight road","Level","Not Applicable","Sealed","Dry","Not Raining","Daylight","Hit Fixed Object","01","Driver Rider","1: PDO","No Control","","",1321841.58,1719140.74,"13218421719141"
"2018-3015-27/05/2021","2 Metropolitan","REGENCY PARK","5010","CITY OF PORT ADELAIDE ENFIELD",2,0,0,0,0,2018,"March","Monday","12:01 pm","090","Divided Road","Straight road","Level","Not Applicable","Sealed","Dry","Not Raining","Daylight","Side Swipe","02","Driver Rider","1: PDO","No Control","","",1326028.09,1677060.67,"13260281677061"
"2018-3016-27/05/2021","3 Country","MONARTO SOUTH","5254","RC MURRAY BRIDGE.             ",3,0,0,0,0,2018,"March","Monday","02:30 am","100","T-Junction","Straight road","Slope","Not Applicable","Sealed","Dry","Not Raining","Night","Rear End","02","Driver Rider","1: PDO","No Control","","",1375771.94,1645697.84,"13757721645698"
"2018-3017-27/05/2021","2 Metropolitan","MILLBROOK","5231","THE ADELAIDE HILLS COUNCIL",2,0,0,0,0,2018,"March","Sunday","03:15 pm","080","Not Divided","CURVED, VIEW OBSCURED","Slope","Not Applicable","Sealed","Dry","Not Raining","Daylight","Hit Fixed Object","01","Driver Rider","1: PDO","No Control","","",1347463.21,1682092.58,"13474631682093"
"2018-3018-27/05/2021","2 Metropolitan","WOODCROFT","5162","CITY OF ONKAPARINGA",2,0,0,0,0,2018,"March","Wednesday","07:00 am","050","Not Divided","Straight road","Level","Not Applicable","Sealed","Dry","Not Raining","Night","Hit Parked Vehicle","02","Driver Rider","1: PDO","No Control","","",1323500.84,1651348.93,"13235011651349"
"2018-3019-27/05/2021","2 Metropolitan","HIGHBURY","5089","CITY OF TEA TREE GULLY",2,0,0,0,0,2018,"March","Monday","07:40 am","060","Divided Road","Straight road","Level","Not Applicable","Sealed","Dry","Not Raining","Daylight","Side Swipe","01","Driver Rider","1: PDO","No Control","","",1339141.7,1678672.36,"13391421678672"
"2018-3020-27/05/2021","2 Metropolitan","ASHTON","5137","THE ADELAIDE HILLS COUNCIL",2,1,0,0,1,2018,"March","Monday","02:33 pm","080","Not Divided","CURVED, VIEW OPEN","Level","Not Applicable","Sealed","Dry","Not Raining","Daylight","Hit Fixed Object","01","Driver Rider","2: MI","No Control","","",1341644.07,1669373.06,"13416441669373"
"2018-3021-27/05/2021","2 Metropolitan","LARGS BAY","5016","CITY OF PORT ADELAIDE ENFIELD",3,0,0,0,0,2018,"March","Monday","03:45 pm","060","Divided Road","Straight road","Level","Not Applicable","Sealed","Dry","Not Raining","Daylight","Rear End","01","Driver Rider","1: PDO","No Control","","",1319793.31,1682527.39,"13197931682527"
"2018-3022-27/05/2021","3 Country","MYPONGA","5202","DC YANKALILLA.                ",2,0,0,0,0,2018,"March","Sunday","05:30 pm","100","Not Divided","CURVED, VIEW OBSCURED","Crest of Hill","Not Applicable","Unsealed","Dry","Not Raining","Daylight","Hit Fixed Object","01","Driver Rider","1: PDO","No Control","","",1310418.73,1617480.29,"13104191617480"
"2018-3023-27/05/2021","2 Metropolitan","BELAIR","5052","CC MITCHAM.                   ",2,0,0,0,0,2018,"March","Monday","01:00 pm","060","Not Divided","CURVED, VIEW OPEN","Slope","Not Applicable","Sealed","Dry","Not Raining","Daylight","Head On","02","Driver Rider","1: PDO","No Control","","",1330779.73,1663102.42,"13307801663102"
"2018-3024-27/05/2021","2 Metropolitan","ELIZABETH SOUTH","5112","CITY OF PLAYFORD.",2,1,0,0,1,2018,"March","Monday","05:25 pm","060","T-Junction","Straight road","Level","Not Applicable","Sealed","Dry","Not Raining","Daylight","Rear End","02","Driver Rider","2: MI","No Control","","",1334383.29,1691378.99,"13343831691379"
"2018-3025-27/05/2021","2 Metropolitan","EVANSTON SOUTH","5116","CT GAWLER.                    ",2,0,0,0,0,2018,"March","Monday","02:45 pm","090","Cross Road","Straight road","Level","Not Applicable","Sealed","Dry","Not Raining","Daylight","Right Angle","02","Driver Rider","1: PDO","Stop Sign","","",1339551.26,1700125.05,"13395511700125"
"2018-3026-27/05/2021","2 Metropolitan","HALLETT COVE","5158","CC MARION.                    ",3,1,0,0,1,2018,"March","Thursday","03:15 pm","100","Divided Road","Straight road","Slope","Not Applicable","Sealed","Dry","Not Raining","Daylight","Other","02","Driver Rider","2: MI","No Control","","",1319061.24,1653214.14,"13190611653214"
"2018-3027-27/05/2021","2 Metropolitan","NORWOOD","5067","CC OF NORWOOD,PAYNEHAM & ST PETERS",2,1,0,0,1,2018,"March","Monday","05:45 pm","060","Cross Road","Straight road","Level","Not Applicable","Sealed","Dry","Not Raining","Daylight","Right Turn","01","Driver Rider","2: MI","Traffic Signals","","",1331433.13,1671069.06,"13314331671069"
"2018-3028-27/05/2021","2 Metropolitan","MORPHETT VALE","5162","CITY OF ONKAPARINGA",2,0,0,0,0,2018,"March","Monday","03:53 pm","060","Cross Road","Straight road","Level","Not Applicable","Sealed","Dry","Not Raining","Daylight","Rear End","02","Driver Rider","1: PDO","Roundabout","","",1321901.02,1651049.42,"13219011651049"
"2018-3029-27/05/2021","2 Metropolitan","BELAIR","5052","CC MITCHAM.                   ",2,0,0,0,0,2018,"March","Monday","02:50 pm","060","T-Junction","CURVED, VIEW OPEN","Slope","Not Applicable","Sealed","Dry","Not Raining","Daylight","Right Angle","01","Driver Rider","1: PDO","Give Way Sign","","",1330512.93,1662840.71,"13305131662841"
"2018-3030-27/05/2021","2 Metropolitan","WINDSOR GARDENS","5087","CITY OF PORT ADELAIDE ENFIELD",4,0,0,0,0,2018,"March","Monday","06:42 pm","060","Cross Road","Straight road","Level","Not Applicable","Sealed","Dry","Not Raining","Daylight","Right Turn","02","Driver Rider","1: PDO","Give Way Sign","","",1333302.14,1677653.52,"13333021677654"
"2018-3031-27/05/2021","2 Metropolitan","WOODVILLE WEST","5011","CITY OF CHARLES STURT",2,0,0,0,0,2018,"March","Monday","07:22 pm","060","Multiple","Straight road","Level","Not Applicable","Sealed","Dry","Not Raining","Night","Hit Fixed Object","01","Driver Rider","1: PDO","Traffic Signals","","",1322387.2,1676199.15,"13223871676199"
"2018-3032-27/05/2021","2 Metropolitan","DARLINGTON","5047","CITY OF ONKAPARINGA",2,1,0,0,1,2018,"March","Monday","06:40 pm","080","T-Junction","CURVED, VIEW OPEN","Slope","Not Applicable","Sealed","Dry","Not Raining","Daylight","Hit Fixed Object","01","Driver Rider","2: MI","No Control","","",1324490.23,1658497.97,"13244901658498"
"2018-3033-27/05/2021","2 Metropolitan","HINDMARSH","5007","CITY OF CHARLES STURT",2,0,0,0,0,2018,"March","Monday","06:00 pm","060","T-Junction","Straight road","Level","Not Applicable","Sealed","Dry","Not Raining","Daylight","Rear End","01","Driver Rider","1: PDO","No Control","","",1326272.12,1672838.58,"13262721672839"
"2018-3034-27/05/2021","2 Metropolitan","TAPEROO","5017","CITY OF PORT ADELAIDE ENFIELD",2,0,0,0,0,2018,"March","Monday","06:52 pm","060","Cross Road","Straight road","Level","Not Applicable","Sealed","Dry","Not Raining","Daylight","Hit Fixed Object","01","Driver Rider","1: PDO","Give Way Sign","","",1319520.66,1684791.18,"13195211684791"
"2018-3035-27/05/2021","2 Metropolitan","WEST CROYDON","5008","CITY OF CHARLES STURT",3,0,0,0,0,2018,"March","Monday","02:05 pm","060","Divided Road","Straight road","Level","Not Applicable","Sealed","Dry","Not Raining","Daylight","Rear End","01","Driver Rider","1: PDO","No Control","","",1324247.96,1674591.41,"13242481674591"
"2018-3036-27/05/2021","3 Country","NARACOORTE","5271","DC NARACOORTE & LUCINDALE.",3,0,0,0,0,2018,"March","Monday","08:10 pm","050","Not Divided","Straight road","Level","Not Applicable","Sealed","Dry","Not Raining","Night","Hit Parked Vehicle","01","Driver Rider","1: PDO","No Control","","",1510994.38,1437455.4,"15109941437455"
"2018-3037-27/05/2021","3 Country","ANGASTON","5353","THE BAROSSA COUNCIL.",2,0,0,0,0,2018,"March","Monday","03:38 pm","025","Not Divided","Straight road","Level","Not Applicable","Sealed","Dry","Not Raining","Daylight","Hit Pedestrian","02","Pedestrian","1: PDO","No Control","","",1371298.17,1716441.26,"13712981716441"
"2018-3038-27/05/2021","3 Country","DINGABLEDINGA","5172","ALEXANDRINA COUNCIL",2,1,0,0,1,2018,"March","Monday","04:07 pm","100","Divided Road","CURVED, VIEW OPEN","Level","Not Applicable","Sealed","Dry","Not Raining","Daylight","Hit Fixed Object","01","Driver Rider","2: MI","No Control","","",1332174.33,1633095.94,"13321741633096"
"2018-3039-27/05/2021","3 Country","GOMERSAL","5352","LIGHT REGIONAL COUNCIL",2,1,0,1,0,2018,"March","Monday","06:15 pm","090","Not Divided","Straight road","Level","Not Applicable","Sealed","Dry","Not Raining","Daylight","Hit Fixed Object","01","Driver Rider","3: SI","No Control","","",1358144.2,1713170.48,"13581441713170"
"2018-3040-27/05/2021","2 Metropolitan","BELAIR","5052","CC MITCHAM.                   ",2,0,0,0,0,2018,"March","Tuesday","03:15 am","060","Not Divided","CURVED, VIEW OPEN","Slope","Not Applicable","Sealed","Dry","Not Raining","Night","Hit Fixed Object","01","Driver Rider","1: PDO","No Control","","Y",1330744.51,1663114.1,"13307451663114"
"2018-3041-27/05/2021","2 Metropolitan","WOODVILLE PARK","5011","CITY OF CHARLES STURT",2,0,0,0,0,2018,"March","Tuesday","06:51 am","060","T-Junction","Straight road","Level","Not Applicable","Sealed","Dry","Not Raining","Night","Rear End","02","Driver Rider","1: PDO","Give Way Sign","","",1323994.24,1675290.01,"13239941675290"
"2018-3042-27/05/2021","2 Metropolitan","MORPHETTVILLE","5043","CC MARION.                    ",2,0,0,0,0,2018,"March","Monday","08:35 am","060","T-Junction","Straight road","Level","Not Applicable","Sealed","Dry","Not Raining","Daylight","Right Angle","02","Driver Rider","1: PDO","No Control","","",1322678.43,1663907.53,"13226781663908"
"2018-3043-27/05/2021","1 City","ADELAIDE","5000","CITY OF ADELAIDE",2,1,0,0,1,2018,"March","Monday","07:00 am","050","Divided Road","Straight road","Level","Not Applicable","Sealed","Dry","Not Raining","Night","Right Turn","01","Driver Rider","2: MI","No Control","","",1328776.58,1670679.61,"13287771670680"
"2018-3044-27/05/2021","2 Metropolitan","CAMDEN PARK","5038","CITY OF WEST TORRENS",2,0,0,0,0,2018,"March","Tuesday","07:30 am","060","Divided Road","Straight road","Level","Not Applicable","Sealed","Dry","Not Raining","Daylight","Hit Pedestrian","01","Pedestrian","1: PDO","No Control","","",1323396.81,1665967.8,"13233971665968"
"2018-3045-27/05/2021","2 Metropolitan","GAWLER","5118","CT GAWLER.                    ",2,0,0,0,0,2018,"March","Tuesday","06:50 am","050","Not Divided","Straight road","Level","Not Applicable","Sealed","Dry","Not Raining","Night","Hit Parked Vehicle","02","Driver Rider","1: PDO","No Control","","",1343363.36,1705881.17,"13433631705881"
"2018-3046-27/05/2021","2 Metropolitan","MOUNT BARKER","5251","DC MT.BARKER.                 ",3,0,0,0,0,2018,"March","Tuesday","08:40 am","050","Not Divided","Straight road","Level","Not Applicable","Sealed","Dry","Not Raining","Daylight","Hit Parked Vehicle","01","Driver Rider","1: PDO","No Control","","",1351546.52,1654196.61,"13515471654197"
"2018-3047-27/05/2021","2 Metropolitan","HENLEY BEACH","5022","CITY OF CHARLES STURT",2,0,0,0,0,2018,"March","Tuesday","09:25 am","060","T-Junction","Straight road","Level","Not Applicable","Sealed","Dry","Not Raining","Daylight","Right Angle","02","Driver Rider","1: PDO","No Control","","",1319601.9,1673044.65,"13196021673045"
"2018-3048-27/05/2021","2 Metropolitan","PLYMPTON","5038","CITY OF WEST TORRENS",2,0,0,0,0,2018,"March","Tuesday","09:23 am","060","Divided Road","Straight road","Level","Not Applicable","Sealed","Dry","Not Raining","Daylight","Rear End","02","Driver Rider","1: PDO","No Control","","",1323519.56,1666056.99,"13235201666057"
"2018-3049-27/05/2021","2 Metropolitan","PORT NOARLUNGA SOUTH","5167","CITY OF ONKAPARINGA",2,0,0,0,0,2018,"March","Tuesday","10:10 am","060","T-Junction","Straight road","Level","Not Applicable","Sealed","Dry","Not Raining","Daylight","Right Angle","02","Driver Rider","1: PDO","Roundabout","","",1316258.26,1645179.99,"13162581645180"
"2018-3050-27/05/2021","1 City","ADELAIDE","5000","CITY OF ADELAIDE",2,0,0,0,0,2018,"March","Saturday","08:50 am","060","Divided Road","Straight road","Level","Not Applicable","Sealed","Dry","Not Raining","Daylight","Rear End","02","Driver Rider","1: PDO","No Control","","",1327379.38,1669828.68,"13273791669829"
"2018-3051-27/05/2021","2 Metropolitan","PARALOWIE","5108","CITY OF SALISBURY",2,1,0,0,1,2018,"March","Tuesday","10:45 am","060","T-Junction","Straight road","Level","Not Applicable","Sealed","Dry","Not Raining","Daylight","Right Angle","01","Driver Rider","2: MI","No Control","","",1332028.44,1689340.85,"13320281689341"
"2018-3052-27/05/2021","3 Country","WAIKERIE","5330","LOXTON WAIKERIE DISTRICT COUNCIL",2,0,0,0,0,2018,"March","Monday","09:30 am","060","T-Junction","Straight road","Level","Not Applicable","Sealed","Dry","Not Raining","Daylight","Right Angle","02","Driver Rider","1: PDO","Give Way Sign","","",1458220.97,1748652.87,"14582211748653"
"2018-3053-27/05/2021","2 Metropolitan","PARADISE","5075","CC CAMPBELLTOWN.              ",3,0,0,0,0,2018,"March","Tuesday","07:30 am","060","Divided Road","Straight road","Level","Not Applicable","Sealed","Dry","Not Raining","Daylight","Rear End","01","Driver Rider","1: PDO","No Control","","",1334614.94,1675946.79,"13346151675947"
"2018-3054-27/05/2021","2 Metropolitan","MARLESTON","5033","CITY OF WEST TORRENS",2,0,0,0,0,2018,"March","Tuesday","11:15 am","050","Not Divided","Straight road","Level","Not Applicable","Sealed","Dry","Not Raining","Daylight","Hit Parked Vehicle","02","Driver Rider","1: PDO","No Control","","",1324724.1,1668897.72,"13247241668898"
"2018-3055-27/05/2021","1 City","NORTH ADELAIDE","5006","CITY OF ADELAIDE",2,0,0,0,0,2018,"March","Monday","12:20 pm","050","Not Divided","Straight road","Level","Not Applicable","Sealed","Dry","Not Raining","Daylight","Side Swipe","01","Driver Rider","1: PDO","No Control","","",1328563.65,1671973.59,"13285641671974"