"REPORT_ID","Stats Area","Suburb","Postcode","LGA Name","Total Units","Total Cas","Total Fats","Total SI","Total MI","Year","Month","Day","Time","Area Speed","Position Type","Horizontal Align","Vertical Align","Other Feat","Road Surface","Moisture Cond","Weather Cond","DayNight","Crash Type","Unit Resp","Entity Code","CSEF Severity","Traffic Ctrls","DUI Involved","Drugs Involved","ACCLOC_X","ACCLOC_Y","UNIQUE_LOC"
"2018-3056-27/05/2021","2 Metropolitan","PARAFIELD GARDENS","5107","CITY OF SALISBURY",2,1,0,0,1,2018,"March","Tuesday","11:15 am","060","T-Junction","Straight road","Level","Not Applicable","Sealed","Dry","Not Raining","Daylight","Right Turn","02","Driver Rider","2: MI","Traffic Signals","","",1330688.17,1685868.15,"13306881685868"
"2018-3057-27/05/2021","2 Metropolitan","MITCHAM","5062","CC MITCHAM.                   ",3,1,0,0,1,2018,"March","Monday","05:55 pm","060","Divided Road","Straight road","Slope","Not Applicable","Sealed","Dry","Not Raining","Daylight","Rear End","01","Driver Rider","2: MI","No Control","","",1330443.37,1664668.89,"13304431664669"
"2018-3058-27/05/2021","3 Country","WILLIAMSTOWN","5351","THE BAROSSA COUNCIL.",1,1,0,0,1,2018,"March","Tuesday","10:55 am","100","Not Divided","CURVED, VIEW OBSCURED","Slope","Not Applicable","Sealed","Dry","Not Raining","Daylight","Roll Over","01","Driver Rider","2: MI","No Control","","",1352019.55,1697102.09,"13520201697102"
"2018-3059-27/05/2021","2 Metropolitan","WINGFIELD","5013","CITY OF PORT ADELAIDE ENFIELD",2,1,0,0,1,2018,"March","Tuesday","12:45 pm","060","T-Junction","Straight road","Level","Not Applicable","Sealed","Dry","Not Raining","Daylight","Hit Fixed Object","01","Driver Rider","2: MI","No Control","","",1325946.21,1679500.13,"13259461679500"
"2018-3060-27/05/2021","2 Metropolitan","MARDEN","5070","CC OF NORWOOD,PAYNEHAM & ST PETERS",2,0,0,0,0,2018,"March","Monday","05:30 pm","060","T-Junction","Straight road","Level","Not Applicable","Sealed","Dry","Not Raining","Daylight","Rear End","02","Driver Rider","1: PDO","No Control","","",1331873.74,1674116.49,"13318741674116"
"2018-3061-27/05/2021","2 Metropolitan","MODBURY","5092","CITY OF TEA TREE GULLY",2,0,0,0,0,2018,"March","Monday","06:05 pm","060","Cross Road","Straight road","Level","Not Applicable","Sealed","Dry","Not Raining","Daylight","Rear End","02","Driver Rider","1: PDO","Traffic Signals","","",1336876.73,1680834.99,"13368771680835"
"2018-3062-27/05/2021","2 Metropolitan","BRIGHTON","5048","CITY OF HOLDFAST BAY",3,0,0,0,0,2018,"March","Tuesday","12:35 pm","060","T-Junction","Straight road","Level","Not Applicable","Sealed","Dry","Not Raining","Daylight","Rear End","01","Driver Rider","1: PDO","Traffic Signals","","",1321140.97,1660807.29,"13211411660807"
"2018-3063-27/05/2021","2 Metropolitan","HOPE VALLEY","5090","CITY OF TEA TREE GULLY",2,1,0,0,1,2018,"March","Tuesday","11:40 am","060","T-Junction","Straight road","Level","Not Applicable","Sealed","Dry","Not Raining","Daylight","Right Angle","02","Driver Rider","2: MI","No Control","","Y",1337566.52,1679488.01,"13375671679488"
"2018-3064-27/05/2021","2 Metropolitan","MARDEN","5070","CC OF NORWOOD,PAYNEHAM & ST PETERS",2,0,0,0,0,2018,"March","Tuesday","12:15 pm","060","Divided Road","Straight road","Level","Not Applicable","Sealed","Dry","Not Raining","Daylight","Side Swipe","02","Driver Rider","1: PDO","No Control","","",1332089.64,1673696.71,"13320901673697"
"2018-3065-27/05/2021","2 Metropolitan","GLEN OSMOND","5064","CITY OF BURNSIDE",2,0,0,0,0,2018,"March","Monday","08:50 pm","050","T-Junction","Straight road","Slope","Not Applicable","Sealed","Dry","Not Raining","Night","Hit Fixed Object","01","Driver Rider","1: PDO","Give Way Sign","","",1332606.87,1666532.96,"13326071666533"
"2018-3066-27/05/2021","2 Metropolitan","CHAIN OF PONDS","5231","THE ADELAIDE HILLS COUNCIL",2,0,0,0,0,2018,"March","Sunday","03:00 pm","080","Not Divided","CURVED, VIEW OPEN","Level","Not Applicable","Sealed","Wet","Not Raining","Daylight","Hit Fixed Object","01","Driver Rider","1: PDO","No Control","","",1350599.18,1681212.79,"13505991681213"
"2018-3067-27/05/2021","3 Country","PORT LINCOLN","5606","CC PT.LINCOLN.                ",2,0,0,0,0,2018,"March","Tuesday","03:25 pm","050","Not Divided","Straight road","Level","Not Applicable","Sealed","Dry","Not Raining","Daylight","Hit Fixed Object","01","Driver Rider","1: PDO","No Control","","",1078907.75,1698124.11,"10789081698124"
"2018-3068-27/05/2021","2 Metropolitan","NOARLUNGA CENTRE","5168","CITY OF ONKAPARINGA",2,1,0,1,0,2018,"March","Tuesday","03:01 pm","060","T-Junction","Straight road","Level","Not Applicable","Sealed","Dry","Not Raining","Daylight","Hit Pedestrian","02","Pedestrian","3: SI","Traffic Signals","","",1318337.56,1647460.97,"13183381647461"
"2018-3069-27/05/2021","2 Metropolitan","ST MORRIS","5068","CC OF NORWOOD,PAYNEHAM & ST PETERS",2,0,0,0,0,2018,"March","Monday","07:00 pm","060","Not Divided","Straight road","Level","Not Applicable","Sealed","Dry","Not Raining","Daylight","Side Swipe","01","Driver Rider","1: PDO","No Control","","",1333299.26,1671789.92,"13332991671790"
"2018-3070-27/05/2021","2 Metropolitan","KENT TOWN","5067","CC OF NORWOOD,PAYNEHAM & ST PETERS",2,1,0,0,1,2018,"March","Tuesday","04:04 pm","060","T-Junction","Straight road","Level","Not Applicable","Sealed","Dry","Not Raining","Daylight","Right Angle","02","Driver Rider","2: MI","No Control","","",1330454.83,1670510.91,"13304551670511"
"2018-3071-27/05/2021","2 Metropolitan","GOLDEN GROVE","5125","CITY OF TEA TREE GULLY",2,0,0,0,0,2018,"March","Tuesday","04:25 pm","060","Cross Road","Straight road","Level","Not Applicable","Sealed","Dry","Not Raining","Daylight","Right Turn","01","Driver Rider","1: PDO","Traffic Signals","","",1337848.99,1685515,"13378491685515"
"2018-3072-27/05/2021","2 Metropolitan","BLAKEVIEW","5114","CITY OF PLAYFORD.",2,1,0,0,1,2018,"March","Tuesday","05:02 pm","050","Cross Road","Straight road","Level","Not Applicable","Sealed","Dry","Not Raining","Daylight","Hit Fixed Object","01","Driver Rider","2: MI","Roundabout","","",1339410.91,1697310.56,"13394111697311"
"2018-3073-27/05/2021","2 Metropolitan","HAMPSTEAD GARDENS","5086","CITY OF PORT ADELAIDE ENFIELD",2,0,0,0,0,2018,"March","Tuesday","05:18 pm","060","Cross Road","Straight road","Level","Not Applicable","Sealed","Dry","Not Raining","Daylight","Right Angle","01","Driver Rider","1: PDO","Give Way Sign","","",1331810.03,1676603.26,"13318101676603"
"2018-3074-27/05/2021","3 Country","STOCKYARD PLAIN","5330","LOXTON WAIKERIE DISTRICT COUNCIL",2,0,0,0,0,2018,"March","Monday","08:30 pm","110","Not Divided","Straight road","Level","Not Applicable","Sealed","Dry","Not Raining","Night","Hit Animal","02","Animal","1: PDO","No Control","","",1450681.7,1743196.88,"14506821743197"
"2018-3075-27/05/2021","2 Metropolitan","BRIGHTON","5048","CITY OF HOLDFAST BAY",2,0,0,0,0,2018,"March","Tuesday","07:20 am","060","Divided Road","Straight road","Level","Not Applicable","Sealed","Dry","Not Raining","Night","Side Swipe","02","Driver Rider","1: PDO","No Control","","",1321138.25,1660874.53,"13211381660875"
"2018-3076-27/05/2021","2 Metropolitan","CHELTENHAM","5014","CITY OF CHARLES STURT",2,0,0,0,0,2018,"March","Tuesday","07:20 am","060","Not Divided","Straight road","Level","Not Applicable","Sealed","Dry","Not Raining","Night","Side Swipe","02","Driver Rider","1: PDO","No Control","","",1322160.36,1676708.21,"13221601676708"
"2018-3077-27/05/2021","3 Country","MOONTA","5558","COPPER COAST DISTRICT COUNCIL",2,2,0,1,1,2018,"March","Tuesday","06:45 pm","050","Not Divided","Straight road","Level","Not Applicable","Sealed","Dry","Not Raining","Daylight","Side Swipe","01","Driver Rider","3: SI","No Control","","",1238553.34,1768498.31,"12385531768498"
"2018-3078-27/05/2021","2 Metropolitan","HOLDEN HILL","5088","CITY OF PORT ADELAIDE ENFIELD",2,1,0,0,1,2018,"March","Tuesday","07:25 pm","060","Divided Road","Straight road","Level","Not Applicable","Sealed","Dry","Not Raining","Night","Hit Pedestrian","02","Driver Rider","2: MI","No Control","","",1334134.93,1678263.86,"13341351678264"
"2018-3079-27/05/2021","2 Metropolitan","POORAKA","5095","CITY OF SALISBURY",2,0,0,0,0,2018,"March","Tuesday","05:25 pm","070","Divided Road","Straight road","Level","Not Applicable","Sealed","Dry","Not Raining","Daylight","Rear End","02","Driver Rider","1: PDO","No Control","","",1332101.21,1681800.48,"13321011681800"
"2018-3080-27/05/2021","2 Metropolitan","STEPNEY","5069","CC OF NORWOOD,PAYNEHAM & ST PETERS",2,1,0,0,1,2018,"March","Tuesday","05:30 pm","060","T-Junction","Straight road","Level","Not Applicable","Sealed","Dry","Not Raining","Daylight","Hit Pedestrian","01","Driver Rider","2: MI","No Control","","",1331239.23,1672118.9,"13312391672119"
"2018-3081-27/05/2021","3 Country","COULTA","5607","DC LOWER EYRE PENINSULA       ",1,1,0,0,1,2018,"March","Tuesday","05:19 pm","110","Not Divided","Straight road","Level","Not Applicable","Sealed","Dry","Not Raining","Daylight","Roll Over","01","Driver Rider","2: MI","No Control","","",1041983.1,1728049.72,"10419831728050"
"2018-3082-27/05/2021","2 Metropolitan","GREENACRES","5086","CITY OF PORT ADELAIDE ENFIELD",2,0,0,0,0,2018,"March","Tuesday","08:38 pm","050","Cross Road","Straight road","Level","Not Applicable","Sealed","Dry","Not Raining","Night","Right Angle","02","Driver Rider","1: PDO","Give Way Sign","","",1331495.8,1677033.25,"13314961677033"
"2018-3083-27/05/2021","2 Metropolitan","NORTHFIELD","5085","CITY OF PORT ADELAIDE ENFIELD",2,1,0,0,1,2018,"March","Tuesday","09:02 pm","060","T-Junction","Straight road","Level","Not Applicable","Sealed","Dry","Not Raining","Night","Right Turn","01","Driver Rider","2: MI","Traffic Signals","","",1330407.78,1678042.15,"13304081678042"
"2018-3084-27/05/2021","3 Country","WEETULTA","5573","YORKE PENINSULA COUNCIL",2,0,0,0,0,2018,"March","Tuesday","06:08 pm","080","Not Divided","Straight road","Slope","Not Applicable","Sealed","Dry","Not Raining","Daylight","Hit Fixed Object","01","Driver Rider","1: PDO","No Control","","",1242972.93,1748961.36,"12429731748961"
"2018-3085-27/05/2021","1 City","ADELAIDE","5000","CITY OF ADELAIDE",2,0,0,0,0,2018,"March","Wednesday","12:30 am","050","Cross Road","Straight road","Level","Not Applicable","Sealed","Dry","Not Raining","Night","Right Angle","02","Driver Rider","1: PDO","Traffic Signals","","",1327978.27,1670807.29,"13279781670807"
"2018-3086-27/05/2021","2 Metropolitan","UPPER STURT","5156","THE ADELAIDE HILLS COUNCIL",1,0,0,0,0,2018,"March","Wednesday","01:40 am","080","Not Divided","CURVED, VIEW OBSCURED","Slope","Not Applicable","Sealed","Dry","Not Raining","Night","Roll Over","01","Driver Rider","1: PDO","No Control","","",1336354.8,1658971.42,"13363551658971"
"2018-3087-27/05/2021","2 Metropolitan","CAREY GULLY","5144","THE ADELAIDE HILLS COUNCIL",2,0,0,0,0,2018,"March","Wednesday","04:40 am","080","Not Divided","CURVED, VIEW OPEN","Slope","Not Applicable","Sealed","Dry","Not Raining","Night","Hit Fixed Object","01","Driver Rider","1: PDO","No Control","","",1344832.72,1665209.67,"13448331665210"
"2018-3088-27/05/2021","2 Metropolitan","VIRGINIA","5120","CITY OF PLAYFORD.",2,5,0,1,4,2018,"March","Wednesday","06:55 am","080","Cross Road","Straight road","Level","Not Applicable","Sealed","Dry","Not Raining","Night","Right Angle","02","Driver Rider","3: SI","Give Way Sign","","",1327795.16,1698211.19,"13277951698211"
"2018-3089-27/05/2021","2 Metropolitan","BROOKLYN PARK","5032","CITY OF WEST TORRENS",2,0,0,0,0,2018,"March","Wednesday","07:53 am","060","Divided Road","Straight road","Level","Not Applicable","Sealed","Dry","Not Raining","Daylight","Side Swipe","02","Driver Rider","1: PDO","No Control","","",1322602.9,1670072.72,"13226031670073"
"2018-3090-27/05/2021","3 Country","WOODCHESTER","5255","ALEXANDRINA COUNCIL",2,0,0,0,0,2018,"March","Wednesday","07:30 am","080","Not Divided","Straight road","Level","Not Applicable","Sealed","Dry","Not Raining","Daylight","Hit Fixed Object","01","Driver Rider","1: PDO","No Control","","",1360637.69,1638686.64,"13606381638687"
"2018-3091-27/05/2021","2 Metropolitan","ELIZABETH","5112","CITY OF PLAYFORD.",2,0,0,0,0,2018,"March","Wednesday","08:00 am","060","Cross Road","Straight road","Level","Not Applicable","Sealed","Dry","Not Raining","Daylight","Right Angle","02","Driver Rider","1: PDO","Roundabout","","",1335641.82,1693876.23,"13356421693876"
"2018-3092-27/05/2021","2 Metropolitan","FORESTVILLE","5035","CITY OF UNLEY",2,0,0,0,0,2018,"March","Wednesday","06:50 am","040","Not Divided","Straight road","Level","Not Applicable","Sealed","Dry","Not Raining","Night","Hit Fixed Object","01","Driver Rider","1: PDO","No Control","","",1326833.91,1667958.19,"13268341667958"
"2018-3093-27/05/2021","2 Metropolitan","QUEENSTOWN","5014","CITY OF PORT ADELAIDE ENFIELD",2,0,0,0,0,2018,"March","Wednesday","08:18 am","060","T-Junction","Straight road","Level","Not Applicable","Sealed","Dry","Not Raining","Daylight","Right Angle","02","Driver Rider","1: PDO","Give Way Sign","","",1320501.37,1678834.96,"13205011678835"
"2018-3094-27/05/2021","2 Metropolitan","CHRISTIE DOWNS","5164","CITY OF ONKAPARINGA",2,1,0,0,1,2018,"March","Wednesday","09:30 am","070","Divided Road","CURVED, VIEW OPEN","Level","Not Applicable","Sealed","Dry","Not Raining","Daylight","Hit Fixed Object","01","Driver Rider","2: MI","No Control","","",1317891.79,1648596.62,"13178921648597"
"2018-3095-27/05/2021","2 Metropolitan","WARRADALE","5046","CC MARION.                    ",2,1,0,0,1,2018,"March","Tuesday","05:10 pm","060","Rail Crossing","Straight road","Level","Not Applicable","Sealed","Dry","Not Raining","Daylight","Rear End","02","Driver Rider","2: MI","Rail Xing - Boom","","",1322727.14,1661491.7,"13227271661492"
"2018-3096-27/05/2021","2 Metropolitan","LIGHTSVIEW","5085","CITY OF PORT ADELAIDE ENFIELD",2,1,0,0,1,2018,"March","Wednesday","08:10 am","060","T-Junction","Straight road","Level","Not Applicable","Sealed","Dry","Not Raining","Daylight","Right Angle","01","Driver Rider","2: MI","No Control","","",1330422.53,1677555.38,"13304231677555"
"2018-3097-27/05/2021","2 Metropolitan","HAMPSTEAD GARDENS","5086","CITY OF PORT ADELAIDE ENFIELD",2,0,0,0,0,2018,"March","Tuesday","02:00 pm","060","Divided Road","Straight road","Level","Driveway or Entrance","Sealed","Dry","Not Raining","Daylight","Right Turn","01","Driver Rider","1: PDO","No Control","","",1331962.98,1676598.26,"13319631676598"
"2018-3098-27/05/2021","3 Country","INGOMAR","5723",,2,0,0,0,0,2018,"March","Tuesday","09:00 pm","110","Not Divided","Straight road","Level","Not Applicable","Sealed","Dry","Not Raining","Night","Hit Animal","02","Animal","1: PDO","No Control","","",1010551.37,2264606.52,"10105512264607"
"2018-3099-27/05/2021","2 Metropolitan","WEST BEACH","5024","CITY OF WEST TORRENS",2,1,0,0,1,2018,"March","Monday","04:10 pm","080","Divided Road","Straight road","Level","Not Applicable","Sealed","Dry","Not Raining","Daylight","Rear End","02","Driver Rider","2: MI","No Control","","",1320922.81,1669055.1,"13209231669055"
"2018-3100-27/05/2021","1 City","ADELAIDE","5000","CITY OF ADELAIDE",2,0,0,0,0,2018,"March","Wednesday","09:25 am","050","Divided Road","CURVED, VIEW OPEN","Level","Median Opening (not at I/S)","Sealed","Dry","Not Raining","Daylight","Side Swipe","01","Driver Rider","1: PDO","No Control","","",1327872.96,1670846.85,"13278731670847"
"2018-3101-27/05/2021","2 Metropolitan","ROSEWATER","5013","CITY OF PORT ADELAIDE ENFIELD",2,0,0,0,0,2018,"March","Wednesday","08:45 am","060","Divided Road","Straight road","Level","Not Applicable","Sealed","Dry","Not Raining","Daylight","Rear End","02","Driver Rider","1: PDO","No Control","","",1321511.5,1679097.49,"13215121679097"
"2018-3102-27/05/2021","2 Metropolitan","SALISBURY EAST","5109","CITY OF SALISBURY",2,0,0,0,0,2018,"March","Wednesday","10:50 am","060","Not Divided","Straight road","Level","Not Applicable","Sealed","Dry","Not Raining","Daylight","Rear End","01","Driver Rider","1: PDO","No Control","","",1334618.95,1685208.3,"13346191685208"
"2018-3103-27/05/2021","2 Metropolitan","BEDFORD PARK","5042","CC MITCHAM.                   ",2,2,0,0,2,2018,"March","Wednesday","11:41 am","050","Divided Road","Straight road","Slope","Driveway or Entrance","Sealed","Dry","Not Raining","Daylight","Right Angle","02","Driver Rider","2: MI","No Control","","",1325319.28,1659659.12,"13253191659659"
"2018-3104-27/05/2021","2 Metropolitan","PARALOWIE","5108","CITY OF SALISBURY",2,1,0,0,1,2018,"March","Wednesday","11:30 am","050","T-Junction","Straight road","Level","Not Applicable","Sealed","Dry","Not Raining","Daylight","Right Angle","02","Driver Rider","2: MI","Roundabout","","",1331214.34,1688375.77,"13312141688376"
"2018-3105-27/05/2021","2 Metropolitan","PORT ADELAIDE","5015","CITY OF PORT ADELAIDE ENFIELD",2,0,0,0,0,2018,"March","Tuesday","01:00 pm","050","T-Junction","Straight road","Level","Not Applicable","Sealed","Dry","Not Raining","Daylight","Hit Parked Vehicle","01","Driver Rider","1: PDO","No Control","","",1320182.27,1679312.53,"13201821679313"
"2018-3106-27/05/2021","1 City","ADELAIDE","5000","CITY OF ADELAIDE",2,0,0,0,0,2018,"March","Wednesday","11:55 am","050","Divided Road","Straight road","Level","Not Applicable","Sealed","Dry","Not Raining","Daylight","Side Swipe","01","Driver Rider","1: PDO","No Control","","",1329386.78,1670856.24,"13293871670856"
"2018-3107-27/05/2021","1 City","ADELAIDE","5000","CITY OF ADELAIDE",2,0,0,0,0,2018,"March","Wednesday","07:40 am","050","Cross Road","Straight road","Level","Not Applicable","Sealed","Dry","Not Raining","Daylight","Right Angle","02","Driver Rider","1: PDO","Traffic Signals","","",1327947.46,1669708.15,"13279471669708"
"2018-3108-27/05/2021","3 Country","NAPPERBY","5540","PT.PIRIE CITY & DIST. COUNCIL ",2,1,0,0,1,2018,"March","Tuesday","11:50 am","100","Cross Road","CURVED, VIEW OPEN","Level","Not Applicable","Sealed","Dry","Not Raining","Daylight","Rear End","02","Driver Rider","2: MI","Stop Sign","","",1285474.81,1866762.6,"12854751866763"
"2018-3109-27/05/2021","2 Metropolitan","POORAKA","5095","CITY OF SALISBURY",2,1,0,0,1,2018,"March","Tuesday","03:00 pm","050","Not Divided","Straight road","Level","Not Applicable","Sealed","Dry","Not Raining","Daylight","Hit Parked Vehicle","02","Driver Rider","2: MI","No Control","","",1329973.05,1680961.98,"13299731680962"
"2018-3110-27/05/2021","2 Metropolitan","PORT ADELAIDE","5015","CITY OF PORT ADELAIDE ENFIELD",3,0,0,0,0,2018,"March","Sunday","01:20 pm","040","Not Divided","Straight road","Crest of Hill","Bridge, Culvert, Causeway","Sealed","Dry","Not Raining","Daylight","Rear End","01","Driver Rider","1: PDO","No Control","","",1319835.43,1680174.39,"13198351680174"
"2018-3111-27/05/2021","3 Country","CULBURRA","5261","COORONG DISTRICT COUNCIL",2,0,0,0,0,2018,"March","Tuesday","11:00 pm","110","Not Divided","Straight road","Level","Not Applicable","Sealed","Dry","Not Raining","Night","Hit Fixed Object","01","Driver Rider","1: PDO","No Control","","",1447846.23,1568019.59,"14478461568020"
"2018-3112-27/05/2021","3 Country","NURIOOTPA","5355","THE BAROSSA COUNCIL.",2,0,0,0,0,2018,"March","Wednesday","11:30 am","050","Not Divided","Straight road","Level","Driveway or Entrance","Sealed","Dry","Not Raining","Daylight","Side Swipe","02","Driver Rider","1: PDO","No Control","","",1366379.23,1719345.2,"13663791719345"
"2018-3113-27/05/2021","2 Metropolitan","BROMPTON","5007","CITY OF CHARLES STURT",3,2,0,0,2,2018,"March","Wednesday","03:15 pm","040","Cross Road","Straight road","Level","Not Applicable","Sealed","Dry","Not Raining","Daylight","Right Angle","01","Driver Rider","2: MI","Stop Sign","","",1326399.8,1673628.84,"13264001673629"
"2018-3114-27/05/2021","2 Metropolitan","TWO WELLS","5501","DC MALLALA.                   ",1,1,0,0,1,2018,"March","Wednesday","02:40 pm","110","Divided Road","CURVED, VIEW OPEN","Level","Not Applicable","Sealed","Dry","Not Raining","Daylight","Roll Over","01","Driver Rider","2: MI","No Control","","",1321577.5,1707463.79,"13215781707464"
"2018-3115-27/05/2021","1 City","ADELAIDE","5000","CITY OF ADELAIDE",2,1,0,1,0,2018,"March","Wednesday","01:30 pm","050","Not Divided","Straight road","Level","Not Applicable","Sealed","Dry","Not Raining","Daylight","Hit Pedestrian","02","Pedestrian","3: SI","No Control","","",1329042.58,1670070.44,"13290431670070"
"2018-3116-27/05/2021","2 Metropolitan","GLENUNGA","5064","CITY OF UNLEY",2,0,0,0,0,2018,"March","Wednesday","02:45 pm","060","Not Divided","Straight road","Level","Not Applicable","Sealed","Dry","Not Raining","Daylight","Rear End","01","Driver Rider","1: PDO","No Control","","",1331694.69,1667442.86,"13316951667443"
"2018-3117-27/05/2021","2 Metropolitan","BROADVIEW","5083","CITY OF PROSPECT",2,2,0,0,2,2018,"March","Wednesday","03:50 pm","050","Not Divided","Straight road","Level","Not Applicable","Sealed","Dry","Not Raining","Daylight","Hit Parked Vehicle","02","Driver Rider","2: MI","No Control","","",1329985.82,1675890.08,"13299861675890"
"2018-3118-27/05/2021","2 Metropolitan","DARLINGTON","5047","CITY OF ONKAPARINGA",3,0,0,0,0,2018,"March","Wednesday","04:00 pm","060","Not Divided","Straight road","Slope","Not Applicable","Sealed","Dry","Not Raining","Daylight","Rear End","01","Driver Rider","1: PDO","No Control","","",1324434.98,1659638.09,"13244351659638"
"2018-3119-27/05/2021","2 Metropolitan","SALISBURY","5108","CITY OF SALISBURY",2,0,0,0,0,2018,"March","Wednesday","03:30 pm","060","Not Divided","Straight road","Level","Not Applicable","Sealed","Dry","Not Raining","Daylight","Rear End","02","Driver Rider","1: PDO","No Control","","",1333615.45,1689521.4,"13336151689521"
"2018-3120-27/05/2021","2 Metropolitan","PROSPECT","5082","CITY OF PROSPECT",2,0,0,0,0,2018,"March","Wednesday","04:44 pm","060","Divided Road","Straight road","Slope","Not Applicable","Sealed","Dry","Not Raining","Daylight","Rear End","02","Driver Rider","1: PDO","No Control","","",1327975.19,1676411.12,"13279751676411"
"2018-3121-27/05/2021","1 City","ADELAIDE","5000","CITY OF ADELAIDE",2,1,0,0,1,2018,"March","Tuesday","08:10 pm","060","T-Junction","Straight road","Level","Not Applicable","Sealed","Dry","Not Raining","Night","Rear End","01","Driver Rider","2: MI","Traffic Signals","","",1327369.06,1670949.09,"13273691670949"
"2018-3122-27/05/2021","2 Metropolitan","PARAFIELD GARDENS","5107","CITY OF SALISBURY",2,1,0,0,1,2018,"March","Wednesday","04:40 pm","090","Divided Road","Straight road","Level","Not Applicable","Sealed","Dry","Not Raining","Daylight","Rear End","02","Driver Rider","2: MI","No Control","","",1328673.16,1685952.75,"13286731685953"
"2018-3123-27/05/2021","2 Metropolitan","SALISBURY","5108","CITY OF SALISBURY",2,0,0,0,0,2018,"March","Wednesday","04:40 pm","050","T-Junction","Straight road","Level","Not Applicable","Sealed","Dry","Not Raining","Daylight","Right Angle","01","Driver Rider","1: PDO","Roundabout","","",1333052.62,1688695.31,"13330531688695"
"2018-3124-27/05/2021","2 Metropolitan","NORWOOD","5067","CC OF NORWOOD,PAYNEHAM & ST PETERS",3,0,0,0,0,2018,"March","Wednesday","04:15 pm","060","Divided Road","Straight road","Level","Not Applicable","Sealed","Dry","Not Raining","Daylight","Rear End","01","Driver Rider","1: PDO","No Control","","",1332246.21,1671401.81,"13322461671402"
"2018-3125-27/05/2021","2 Metropolitan","PLYMPTON","5038","CITY OF WEST TORRENS",2,1,0,0,1,2018,"March","Wednesday","04:20 pm","060","Divided Road","Straight road","Level","Not Applicable","Sealed","Dry","Not Raining","Daylight","Rear End","02","Driver Rider","2: MI","No Control","","",1324228.1,1666552.95,"13242281666553"
"2018-3126-27/05/2021","2 Metropolitan","PARK HOLME","5043","CC MARION.                    ",2,0,0,0,0,2018,"March","Wednesday","05:00 pm","050","Not Divided","Straight road","Level","Not Applicable","Sealed","Dry","Not Raining","Daylight","Side Swipe","02","Driver Rider","1: PDO","No Control","","",1323565.73,1664099.29,"13235661664099"
"2018-3127-27/05/2021","2 Metropolitan","MAWSON LAKES","5095","CITY OF SALISBURY",2,0,0,0,0,2018,"March","Wednesday","06:00 pm","080","Divided Road","Straight road","Level","Not Applicable","Sealed","Dry","Not Raining","Daylight","Side Swipe","01","Driver Rider","1: PDO","No Control","","",1328704.14,1682968.79,"13287041682969"
"2018-3128-27/05/2021","2 Metropolitan","BEDFORD PARK","5042","CC MARION.                    ",2,0,0,0,0,2018,"March","Wednesday","04:40 pm","070","T-Junction","Straight road","Level","Not Applicable","Sealed","Dry","Not Raining","Daylight","Rear End","01","Driver Rider","1: PDO","Traffic Signals","","",1324854.16,1660080.43,"13248541660080"
"2018-3129-27/05/2021","2 Metropolitan","EVERARD PARK","5035","CITY OF UNLEY",2,0,0,0,0,2018,"March","Wednesday","06:05 pm","060","Cross Road","Straight road","Level","Not Applicable","Sealed","Dry","Not Raining","Daylight","Rear End","02","Driver Rider","1: PDO","Traffic Signals","","",1325838.75,1667742.18,"13258391667742"
"2018-3130-27/05/2021","2 Metropolitan","EDWARDSTOWN","5039","CC MARION.                    ",2,0,0,0,0,2018,"March","Wednesday","05:30 pm","050","Cross Road","Straight road","Level","Not Applicable","Sealed","Dry","Not Raining","Daylight","Rear End","02","Driver Rider","1: PDO","Roundabout","","",1325096.66,1664766.8,"13250971664767"
"2018-3131-27/05/2021","2 Metropolitan","WOODVILLE PARK","5011","CITY OF CHARLES STURT",2,0,0,0,0,2018,"March","Wednesday","06:45 pm","050","Cross Road","Straight road","Level","Not Applicable","Sealed","Dry","Not Raining","Daylight","Right Angle","02","Driver Rider","1: PDO","Give Way Sign","","",1323773.41,1676160.3,"13237731676160"
"2018-3132-27/05/2021","2 Metropolitan","WOODVILLE PARK","5011","CITY OF CHARLES STURT",2,2,0,0,2,2018,"March","Wednesday","07:29 pm","060","Cross Road","Straight road","Level","Not Applicable","Sealed","Dry","Not Raining","Night","Right Turn","01","Driver Rider","2: MI","Stop Sign","","Y",1323639.76,1675115.69,"13236401675116"
"2018-3133-27/05/2021","3 Country","SOLOMONTOWN","5540","PT.PIRIE CITY & DIST. COUNCIL ",2,0,0,0,0,2018,"March","Wednesday","06:00 pm","060","Cross Road","Straight road","Level","Not Applicable","Sealed","Dry","Not Raining","Daylight","Rear End","02","Driver Rider","1: PDO","Roundabout","","",1281103.47,1864995.61,"12811031864996"
"2018-3134-27/05/2021","2 Metropolitan","GEPPS CROSS","5094","CITY OF PORT ADELAIDE ENFIELD",2,0,0,0,0,2018,"March","Thursday","05:22 pm","060","Multiple","Straight road","Level","Not Applicable","Sealed","Dry","Not Raining","Daylight","Rear End","02","Driver Rider","1: PDO","Traffic Signals","","",1328802.51,1679265.44,"13288031679265"
"2018-3135-27/05/2021","3 Country","NURIOOTPA","5355","LIGHT REGIONAL COUNCIL",2,4,0,1,3,2018,"March","Wednesday","06:55 pm","100","Cross Road","Straight road","Level","Not Applicable","Sealed","Dry","Not Raining","Daylight","Right Angle","01","Driver Rider","3: SI","Give Way Sign","","",1366880.55,1723704.25,"13668811723704"
"2018-3136-27/05/2021","3 Country","WOODCHESTER","5255","ALEXANDRINA COUNCIL",2,2,0,0,2,2018,"March","Wednesday","05:45 am","080","Cross Road","Straight road","Level","Not Applicable","Sealed","Dry","Not Raining","Night","Right Angle","01","Driver Rider","2: MI","Give Way Sign","","",1360639.1,1638663.47,"13606391638663"