"REPORT_ID","Stats Area","Suburb","Postcode","LGA Name","Total Units","Total Cas","Total Fats","Total SI","Total MI","Year","Month","Day","Time","Area Speed","Position Type","Horizontal Align","Vertical Align","Other Feat","Road Surface","Moisture Cond","Weather Cond","DayNight","Crash Type","Unit Resp","Entity Code","CSEF Severity","Traffic Ctrls","DUI Involved","Drugs Involved","ACCLOC_X","ACCLOC_Y","UNIQUE_LOC"
"2018-3137-27/05/2021","3 Country","TEPKO","5254","MID MURRAY DISTRICT COUNCIL",2,0,0,0,0,2018,"March","Wednesday","06:00 am","100","Not Divided","Straight road","Level","Not Applicable","Sealed","Dry","Not Raining","Night","Roll Over","01","Driver Rider","1: PDO","No Control","","",1380785.03,1664037.42,"13807851664037"
"2018-3138-27/05/2021","2 Metropolitan","RIDGEHAVEN","5097","CITY OF TEA TREE GULLY",2,1,0,0,1,2018,"March","Thursday","09:00 am","060","T-Junction","Straight road","Level","Not Applicable","Sealed","Dry","Not Raining","Daylight","Right Angle","02","Driver Rider","2: MI","Stop Sign","","",1338390.62,1681272.97,"13383911681273"
"2018-3139-27/05/2021","2 Metropolitan","NORWOOD","5067","CC OF NORWOOD,PAYNEHAM & ST PETERS",3,0,0,0,0,2018,"March","Thursday","09:20 am","060","Cross Road","Straight road","Level","Not Applicable","Sealed","Dry","Not Raining","Daylight","Rear End","01","Driver Rider","1: PDO","Stop Sign","","",1332073.07,1670405.35,"13320731670405"
"2018-3140-27/05/2021","2 Metropolitan","MODBURY","5092","CITY OF TEA TREE GULLY",2,2,0,0,2,2018,"March","Thursday","09:35 am","060","Divided Road","Straight road","Level","Not Applicable","Sealed","Dry","Not Raining","Daylight","Rear End","01","Driver Rider","2: MI","No Control","","",1336112.88,1680331,"13361131680331"
"2018-3141-27/05/2021","2 Metropolitan","DAW PARK","5041","CC MITCHAM.                   ",3,0,0,0,0,2018,"March","Thursday","10:00 am","060","T-Junction","Straight road","Level","Not Applicable","Sealed","Dry","Not Raining","Daylight","Right Angle","01","Driver Rider","1: PDO","Traffic Signals","","",1326767.49,1663339.73,"13267671663340"
"2018-3142-27/05/2021","2 Metropolitan","WINGFIELD","5013","CITY OF PORT ADELAIDE ENFIELD",2,1,0,0,1,2018,"March","Thursday","08:24 am","090","Divided Road","Straight road","Level","Not Applicable","Sealed","Dry","Not Raining","Daylight","Side Swipe","02","Driver Rider","2: MI","No Control","","",1325488.15,1680587.82,"13254881680588"
"2018-3143-27/05/2021","2 Metropolitan","LONSDALE","5160","CITY OF ONKAPARINGA",2,0,0,0,0,2018,"March","Wednesday","01:00 pm","060","Not Divided","Straight road","Level","Driveway or Entrance","Sealed","Dry","Not Raining","Daylight","Hit Parked Vehicle","02","Driver Rider","1: PDO","No Control","","",1319387.59,1649934.51,"13193881649935"
"2018-3144-27/05/2021","2 Metropolitan","KESWICK","5035","CITY OF WEST TORRENS",2,0,0,0,0,2018,"March","Thursday","11:45 am","060","Divided Road","Straight road","Level","Not Applicable","Sealed","Dry","Not Raining","Daylight","Rear End","01","Driver Rider","1: PDO","No Control","","",1325812.39,1668718.25,"13258121668718"
"2018-3145-27/05/2021","2 Metropolitan","MAWSON LAKES","5095","CITY OF SALISBURY",2,0,0,0,0,2018,"March","Thursday","11:45 am","080","Divided Road","Straight road","Level","Not Applicable","Sealed","Dry","Not Raining","Daylight","Rear End","02","Driver Rider","1: PDO","No Control","","",1328682.95,1683756.82,"13286831683757"
"2018-3146-27/05/2021","2 Metropolitan","BURTON","5110","CITY OF SALISBURY",2,0,0,0,0,2018,"March","Thursday","11:53 am","070","Not Divided","Straight road","Level","Driveway or Entrance","Sealed","Dry","Not Raining","Daylight","Rear End","02","Driver Rider","1: PDO","No Control","","",1329149.43,1691622.49,"13291491691622"
"2018-3147-27/05/2021","2 Metropolitan","SALISBURY DOWNS","5108","CITY OF SALISBURY",3,1,0,0,1,2018,"March","Wednesday","08:50 pm","060","Not Divided","Straight road","Level","Not Applicable","Sealed","Dry","Not Raining","Night","Hit Pedestrian","01","Other","2: MI","No Control","","",1332046.44,1687585.98,"13320461687586"
"2018-3148-27/05/2021","1 City","NORTH ADELAIDE","5006","CITY OF ADELAIDE",2,0,0,0,0,2018,"March","Thursday","10:06 am","050","Cross Road","Straight road","Level","Not Applicable","Sealed","Dry","Not Raining","Daylight","Right Turn","02","Driver Rider","1: PDO","Traffic Signals","","",1328266.03,1672576.16,"13282661672576"
"2018-3149-27/05/2021","2 Metropolitan","HINDMARSH","5007","CITY OF CHARLES STURT",2,1,0,1,0,2018,"March","Thursday","07:45 am","060","Divided Road","Straight road","Level","Not Applicable","Sealed","Dry","Not Raining","Daylight","Side Swipe","01","Passenger","3: SI","No Control","","",1326239.41,1672866.83,"13262391672867"
"2018-3150-27/05/2021","2 Metropolitan","MOUNT BARKER","5251","DC MT.BARKER.                 ",2,1,0,0,1,2018,"March","Thursday","01:15 pm","050","T-Junction","Straight road","Level","Not Applicable","Sealed","Dry","Not Raining","Daylight","Rear End","02","Driver Rider","2: MI","Give Way Sign","","",1351328.29,1654454.79,"13513281654455"
"2018-3151-27/05/2021","2 Metropolitan","SALISBURY","5108","CITY OF SALISBURY",2,0,0,0,0,2018,"March","Thursday","01:20 pm","050","Not Divided","Straight road","Level","Not Applicable","Sealed","Dry","Not Raining","Daylight","Hit Parked Vehicle","01","Driver Rider","1: PDO","No Control","","",1333402.96,1688397.15,"13334031688397"
"2018-3152-27/05/2021","2 Metropolitan","ST GEORGES","5064","CITY OF BURNSIDE",2,1,1,0,0,2018,"March","Thursday","10:30 am","060","T-Junction","Straight road","Level","Not Applicable","Sealed","Dry","Not Raining","Daylight","Side Swipe","02","Driver Rider","4: Fatal","No Control","","",1332359.76,1667640.87,"13323601667641"
"2018-3153-27/05/2021","2 Metropolitan","STEPNEY","5069","CC OF NORWOOD,PAYNEHAM & ST PETERS",2,1,0,0,1,2018,"March","Thursday","11:30 am","060","Cross Road","Straight road","Level","Not Applicable","Sealed","Dry","Not Raining","Daylight","Hit Pedestrian","02","Pedestrian","2: MI","Traffic Signals","","",1331106.72,1672391.46,"13311071672391"
"2018-3154-27/05/2021","2 Metropolitan","GLENGOWRIE","5044","CC MARION.                    ",2,1,0,0,1,2018,"March","Monday","05:20 pm","060","Not Divided","Straight road","Level","Driveway or Entrance","Sealed","Dry","Not Raining","Daylight","Right Angle","02","Driver Rider","2: MI","No Control","","",1322674.26,1664052.11,"13226741664052"
"2018-3155-27/05/2021","3 Country","HAYBOROUGH","5211","DC VICTOR HARBOR.             ",2,0,0,0,0,2018,"March","Thursday","01:05 pm","060","T-Junction","Straight road","Slope","Not Applicable","Sealed","Dry","Not Raining","Daylight","Right Angle","02","Driver Rider","1: PDO","No Control","","",1330937.18,1603056.18,"13309371603056"
"2018-3156-27/05/2021","2 Metropolitan","DRY CREEK","5094","CITY OF SALISBURY",2,1,0,0,1,2018,"March","Thursday","12:25 pm","080","T-Junction","CURVED, VIEW OPEN","Level","Not Applicable","Sealed","Dry","Not Raining","Daylight","Rear End","02","Driver Rider","2: MI","Traffic Signals","","",1328672.58,1683237.82,"13286731683238"
"2018-3157-27/05/2021","2 Metropolitan","CRAFERS","5152","THE ADELAIDE HILLS COUNCIL",2,1,0,0,1,2018,"March","Friday","06:40 am","060","Not Divided","CURVED, VIEW OPEN","Slope","Not Applicable","Sealed","Dry","Not Raining","Night","Other","02","Driver Rider","2: MI","No Control","","",1338252.22,1664472.92,"13382521664473"
"2018-3158-27/05/2021","2 Metropolitan","WINGFIELD","5013","CITY OF PORT ADELAIDE ENFIELD",2,0,0,0,0,2018,"March","Thursday","02:10 pm","050","Cross Road","Straight road","Level","Not Applicable","Sealed","Dry","Not Raining","Daylight","Right Angle","01","Driver Rider","1: PDO","Stop Sign","","",1324312.86,1679679.57,"13243131679680"
"2018-3159-27/05/2021","2 Metropolitan","SOMERTON PARK","5044","CITY OF HOLDFAST BAY",2,0,0,0,0,2018,"March","Thursday","03:00 pm","060","Not Divided","Straight road","Level","Not Applicable","Sealed","Dry","Not Raining","Daylight","Side Swipe","01","Driver Rider","1: PDO","No Control","","",1321353.33,1663007.49,"13213531663007"
"2018-3160-27/05/2021","2 Metropolitan","PENNINGTON","5013","CITY OF CHARLES STURT",2,0,0,0,0,2018,"March","Thursday","03:08 pm","060","Not Divided","Straight road","Level","Not Applicable","Sealed","Dry","Not Raining","Daylight","Right Turn","01","Driver Rider","1: PDO","No Control","","",1322283.6,1678214.08,"13222841678214"
"2018-3161-27/05/2021","2 Metropolitan","ROYAL PARK","5014","CITY OF CHARLES STURT",2,0,0,0,0,2018,"March","Thursday","03:40 pm","060","Divided Road","Straight road","Level","Driveway or Entrance","Sealed","Dry","Not Raining","Daylight","Right Angle","02","Driver Rider","1: PDO","No Control","","",1320691.11,1676614.93,"13206911676615"
"2018-3162-27/05/2021","2 Metropolitan","WOODVILLE SOUTH","5011","CITY OF CHARLES STURT",2,1,0,0,1,2018,"March","Thursday","04:00 pm","050","Cross Road","Straight road","Level","Not Applicable","Sealed","Dry","Not Raining","Daylight","Right Angle","02","Driver Rider","2: MI","Give Way Sign","","",1322612.93,1675200.54,"13226131675201"
"2018-3163-27/05/2021","2 Metropolitan","KESWICK TERMINAL","5035","CITY OF WEST TORRENS",4,0,0,0,0,2018,"March","Thursday","03:15 pm","060","Not Divided","Straight road","Level","Not Applicable","Sealed","Dry","Not Raining","Daylight","Rear End","01","Driver Rider","1: PDO","No Control","","",1326340.81,1669810.72,"13263411669811"
"2018-3164-27/05/2021","2 Metropolitan","NORTHGATE","5085","CITY OF PORT ADELAIDE ENFIELD",2,1,0,0,1,2018,"March","Thursday","05:18 pm","050","T-Junction","Straight road","Level","Driveway or Entrance","Sealed","Dry","Not Raining","Daylight","Right Angle","01","Driver Rider","2: MI","Give Way Sign","","",1331923.29,1678081.55,"13319231678082"
"2018-3165-27/05/2021","2 Metropolitan","KLEMZIG","5087","CITY OF PORT ADELAIDE ENFIELD",2,2,0,2,0,2018,"March","Thursday","05:02 pm","060","Divided Road","Straight road","Level","Not Applicable","Sealed","Dry","Not Raining","Daylight","Head On","02","Driver Rider","3: SI","No Control","","Y",1331849.15,1676399.8,"13318491676400"
"2018-3166-27/05/2021","2 Metropolitan","VIRGINIA","5120","CITY OF PLAYFORD.",2,1,0,0,1,2018,"March","Thursday","04:00 pm","090","T-Junction","Straight road","Level","Not Applicable","Sealed","Dry","Not Raining","Daylight","Right Turn","01","Driver Rider","2: MI","No Control","","",1326894.71,1701384.21,"13268951701384"
"2018-3167-27/05/2021","2 Metropolitan","GLYNDE","5070","CC OF NORWOOD,PAYNEHAM & ST PETERS",2,0,0,0,0,2018,"March","Thursday","04:10 pm","060","Cross Road","Straight road","Level","Not Applicable","Sealed","Dry","Not Raining","Daylight","Right Angle","01","Driver Rider","1: PDO","Traffic Signals","","",1333785.54,1674516.59,"13337861674517"
"2018-3168-27/05/2021","2 Metropolitan","CLOVELLY PARK","5042","CC MARION.                    ",2,0,0,0,0,2018,"March","Thursday","04:07 pm","060","T-Junction","Straight road","Level","Median Opening (not at I/S)","Sealed","Dry","Not Raining","Daylight","Rear End","02","Driver Rider","1: PDO","No Control","","",1325460.83,1663309.35,"13254611663309"
"2018-3169-27/05/2021","2 Metropolitan","PENFIELD","5121","CITY OF PLAYFORD.",2,2,0,0,2,2018,"March","Thursday","06:21 pm","080","Cross Road","Straight road","Level","Not Applicable","Sealed","Dry","Not Raining","Daylight","Right Angle","01","Driver Rider","2: MI","Give Way Sign","","",1333441.32,1696359.08,"13334411696359"
"2018-3170-27/05/2021","2 Metropolitan","GEPPS CROSS","5094","CITY OF PORT ADELAIDE ENFIELD",2,0,0,0,0,2018,"March","Thursday","05:45 pm","060","Cross Road","Straight road","Level","Not Applicable","Sealed","Dry","Not Raining","Daylight","Right Turn","02","Driver Rider","1: PDO","Traffic Signals","","",1327996.81,1679245.21,"13279971679245"
"2018-3171-27/05/2021","3 Country","PORT GERMEIN","5495","DC MT.REMARKABLE.             ",2,1,1,0,0,2018,"March","Wednesday","07:30 pm","100","Not Divided","Straight road","Level","Not Applicable","Sealed","Dry","Not Raining","Night","Hit Pedestrian","02","Pedestrian","4: Fatal","No Control","Y","",1280942.06,1884464.63,"12809421884465"
"2018-3172-27/05/2021","2 Metropolitan","SEACLIFF PARK","5049","CC MARION.                    ",2,1,0,0,1,2018,"March","Thursday","07:24 pm","060","T-Junction","Straight road","Slope","Not Applicable","Sealed","Dry","Not Raining","Night","Head On","02","Driver Rider","2: MI","No Control","","",1321260.1,1658416.12,"13212601658416"
"2018-3173-27/05/2021","2 Metropolitan","RENOWN PARK","5008","CITY OF CHARLES STURT",2,1,0,0,1,2018,"March","Thursday","08:15 pm","060","Cross Road","Straight road","Level","Not Applicable","Sealed","Dry","Not Raining","Night","Right Angle","02","Driver Rider","2: MI","Traffic Signals","","",1325878.11,1674919.2,"13258781674919"
"2018-3174-27/05/2021","2 Metropolitan","NORWOOD","5067","CC OF NORWOOD,PAYNEHAM & ST PETERS",2,1,0,0,1,2018,"March","Thursday","05:00 pm","060","Divided Road","Straight road","Level","Not Applicable","Sealed","Dry","Not Raining","Daylight","Rear End","02","Driver Rider","2: MI","No Control","","",1331357.92,1671058.72,"13313581671059"
"2018-3175-27/05/2021","3 Country","PORT AUGUSTA","5700","CC PT.AUGUSTA.                ",2,0,0,0,0,2018,"March","Thursday","07:18 pm","050","Not Divided","Straight road","Slope","Not Applicable","Sealed","Dry","Not Raining","Night","Hit Fixed Object","01","Driver Rider","1: PDO","No Control","Y","",1260399.55,1940388.58,"12604001940389"
"2018-3176-27/05/2021","2 Metropolitan","EDINBURGH","5111","CITY OF SALISBURY",2,1,0,0,1,2018,"March","Thursday","08:45 pm","080","Not Divided","CURVED, VIEW OPEN","Level","Not Applicable","Sealed","Dry","Not Raining","Night","Rear End","01","Driver Rider","2: MI","No Control","","",1333887.17,1694404.33,"13338871694404"
"2018-3177-27/05/2021","3 Country","YELTA","5558","COPPER COAST DISTRICT COUNCIL",1,0,0,0,0,2018,"March","Thursday","08:56 pm","100","Not Divided","Straight road","Level","Not Applicable","Unsealed","Dry","Not Raining","Night","Roll Over","01","Driver Rider","1: PDO","No Control","","",1240634.07,1768491.7,"12406341768492"
"2018-3178-27/05/2021","2 Metropolitan","WOODVILLE","5011","CITY OF CHARLES STURT",2,0,0,0,0,2018,"March","Thursday","09:50 pm","060","Cross Road","Straight road","Level","Not Applicable","Sealed","Dry","Not Raining","Night","Rear End","01","Driver Rider","1: PDO","Traffic Signals","","",1322757.46,1675873.19,"13227571675873"
"2018-3179-27/05/2021","1 City","ADELAIDE","5000","CITY OF ADELAIDE",2,0,0,0,0,2018,"March","Thursday","04:35 pm","050","Cross Road","Straight road","Level","Not Applicable","Sealed","Dry","Not Raining","Daylight","Side Swipe","02","Driver Rider","1: PDO","Traffic Signals","","",1328552.66,1670351.17,"13285531670351"
"2018-3180-27/05/2021","2 Metropolitan","CUMBERLAND PARK","5041","CC MITCHAM.                   ",3,0,0,0,0,2018,"March","Thursday","08:18 pm","060","T-Junction","Straight road","Level","Not Applicable","Sealed","Dry","Not Raining","Night","Rear End","02","Driver Rider","1: PDO","No Control","Y","",1327514.82,1665944.74,"13275151665945"
"2018-3181-27/05/2021","3 Country","MORGAN","5320","MID MURRAY DISTRICT COUNCIL",3,0,0,0,0,2018,"March","Thursday","11:30 pm","100","Not Divided","CURVED, VIEW OPEN","Level","Not Applicable","Unsealed","Dry","Not Raining","Night","Hit Animal","01","Driver Rider","1: PDO","No Control","","",1429089.39,1761623.04,"14290891761623"
"2018-3182-27/05/2021","2 Metropolitan","SEACLIFF PARK","5049","CITY OF HOLDFAST BAY",2,0,0,0,0,2018,"March","Friday","12:15 am","050","Not Divided","Straight road","Level","Not Applicable","Sealed","Dry","Not Raining","Night","Hit Parked Vehicle","01","Driver Rider","1: PDO","No Control","","",1321446.03,1659205.98,"13214461659206"
"2018-3183-27/05/2021","2 Metropolitan","MUNNO PARA WEST","5115","CITY OF PLAYFORD.",2,0,0,0,0,2018,"March","Thursday","01:55 pm","110","Freeway","Straight road","Level","Not Applicable","Sealed","Dry","Not Raining","Daylight","Hit Fixed Object","01","Driver Rider","1: PDO","No Control","","",1334980.74,1700435.53,"13349811700436"
"2018-3184-27/05/2021","2 Metropolitan","SOUTH PLYMPTON","5038","CC MARION.                    ",2,0,0,0,0,2018,"March","Thursday","01:30 pm","060","Divided Road","Straight road","Level","Not Applicable","Sealed","Dry","Not Raining","Daylight","Rear End","01","Driver Rider","1: PDO","No Control","","",1324286.76,1664570.03,"13242871664570"
"2018-3185-27/05/2021","3 Country","HAYBOROUGH","5211","DC VICTOR HARBOR.             ",3,0,0,0,0,2018,"March","Thursday","02:15 pm","050","Cross Road","Straight road","Level","Not Applicable","Sealed","Dry","Not Raining","Daylight","Right Angle","01","Driver Rider","1: PDO","Give Way Sign","","",1330391.05,1603082.71,"13303911603083"
"2018-3186-27/05/2021","2 Metropolitan","WEST BEACH","5024","CITY OF CHARLES STURT",2,0,0,0,0,2018,"March","Thursday","12:55 pm","050","Divided Road","Straight road","Level","Not Applicable","Sealed","Dry","Not Raining","Daylight","Rear End","02","Driver Rider","1: PDO","No Control","","",1319633.58,1669092.15,"13196341669092"
"2018-3187-27/05/2021","2 Metropolitan","KENSINGTON","5068","CC OF NORWOOD,PAYNEHAM & ST PETERS",3,0,0,0,0,2018,"March","Wednesday","12:40 pm","060","Not Divided","Straight road","Level","Not Applicable","Sealed","Dry","Not Raining","Daylight","Rear End","02","Driver Rider","1: PDO","No Control","","",1332368.22,1671075.01,"13323681671075"
"2018-3188-27/05/2021","1 City","ADELAIDE","5000","CITY OF ADELAIDE",3,0,0,0,0,2018,"March","Monday","12:43 pm","050","T-Junction","Straight road","Level","Not Applicable","Sealed","Dry","Not Raining","Daylight","Rear End","01","Driver Rider","1: PDO","Traffic Signals","","",1328284.43,1670665.68,"13282841670666"
"2018-3189-27/05/2021","3 Country","NURIOOTPA","5355","LIGHT REGIONAL COUNCIL",1,3,0,0,3,2018,"March","Friday","09:35 am","100","Not Divided","Straight road","Level","Not Applicable","Sealed","Dry","Not Raining","Daylight","Roll Over","01","Driver Rider","2: MI","No Control","","",1366314.91,1722310.69,"13663151722311"
"2018-3190-27/05/2021","2 Metropolitan","GAWLER BELT","5118","LIGHT REGIONAL COUNCIL",2,0,0,0,0,2018,"March","Thursday","11:00 am","080","T-Junction","CURVED, VIEW OPEN","Crest of Hill","Not Applicable","Sealed","Dry","Not Raining","Daylight","Rear End","01","Driver Rider","1: PDO","No Control","","",1343223.05,1709989.66,"13432231709990"
"2018-3191-27/05/2021","2 Metropolitan","EYRE","5121","CITY OF PLAYFORD.",2,0,0,0,0,2018,"March","Friday","10:47 am","060","Cross Road","Straight road","Slope","Not Applicable","Sealed","Dry","Not Raining","Daylight","Right Angle","01","Driver Rider","1: PDO","Stop Sign","","",1334450.71,1695787.2,"13344511695787"
"2018-3192-27/05/2021","2 Metropolitan","HUNTFIELD HEIGHTS","5163","CITY OF ONKAPARINGA",2,1,0,0,1,2018,"March","Friday","10:50 am","080","Not Divided","Straight road","Level","Not Applicable","Sealed","Dry","Not Raining","Daylight","Side Swipe","02","Driver Rider","2: MI","No Control","","",1320497.42,1645479.01,"13204971645479"
"2018-3193-27/05/2021","3 Country","LAFFER","5267","DC TATIARA.                   ",2,0,0,0,0,2018,"March","Thursday","10:00 pm","100","Not Divided","Straight road","Level","Not Applicable","Sealed","Dry","Not Raining","Night","Hit Animal","01","Driver Rider","1: PDO","No Control","","",1472717.45,1530613.29,"14727171530613"
"2018-3194-27/05/2021","2 Metropolitan","HILLBANK","5112","CITY OF PLAYFORD.",2,1,0,0,1,2018,"March","Thursday","05:07 pm","060","Not Divided","Straight road","Level","Not Applicable","Sealed","Dry","Not Raining","Daylight","Hit Pedestrian","02","Pedestrian","2: MI","No Control","","",1337416.55,1692524.28,"13374171692524"
"2018-3195-27/05/2021","2 Metropolitan","EYRE","5121","CITY OF PLAYFORD.",2,0,0,0,0,2018,"March","Friday","01:30 pm","080","Cross Road","Straight road","Level","Not Applicable","Sealed","Dry","Not Raining","Daylight","Head On","01","Driver Rider","1: PDO","Roundabout","","",1335023.61,1696798.79,"13350241696799"
"2018-3196-27/05/2021","1 City","NORTH ADELAIDE","5006","CITY OF ADELAIDE",2,0,0,0,0,2018,"March","Thursday","11:00 am","050","Not Divided","Straight road","Level","Not Applicable","Sealed","Dry","Not Raining","Daylight","Hit Parked Vehicle","02","Driver Rider","1: PDO","No Control","","",1328288.1,1672346.11,"13282881672346"
"2018-3197-27/05/2021","2 Metropolitan","ROYAL PARK","5014","CITY OF CHARLES STURT",2,0,0,0,0,2018,"March","Friday","01:40 pm","050","Not Divided","Straight road","Level","Not Applicable","Sealed","Dry","Not Raining","Daylight","Hit Parked Vehicle","01","Driver Rider","1: PDO","No Control","","",1320225.65,1676343.98,"13202261676344"
"2018-3198-27/05/2021","3 Country","CULTANA","5700",,1,0,0,0,0,2018,"March","Friday","03:00 pm","110","Not Divided","Straight road","Level","Not Applicable","Sealed","Dry","Not Raining","Daylight","Left Road - Out of Control","01","Driver Rider","1: PDO","No Control","","",1222693.97,1894879.02,"12226941894879"
"2018-3199-27/05/2021","2 Metropolitan","URRBRAE","5064","CC MITCHAM.                   ",2,0,0,0,0,2018,"March","Wednesday","05:00 pm","060","Not Divided","Straight road","Level","Not Applicable","Sealed","Dry","Not Raining","Daylight","Rear End","01","Driver Rider","1: PDO","No Control","","",1331765.23,1666320.91,"13317651666321"
"2018-3200-27/05/2021","2 Metropolitan","ENFIELD","5085","CITY OF PORT ADELAIDE ENFIELD",2,0,0,0,0,2018,"March","Thursday","05:30 pm","060","Divided Road","Straight road","Level","Not Applicable","Sealed","Dry","Not Raining","Daylight","Rear End","02","Driver Rider","1: PDO","No Control","","",1329472.24,1676448.39,"13294721676448"
"2018-3201-27/05/2021","2 Metropolitan","SALISBURY EAST","5109","CITY OF SALISBURY",2,1,0,0,1,2018,"March","Friday","01:00 pm","060","Cross Road","Straight road","Level","Not Applicable","Sealed","Dry","Not Raining","Daylight","Rear End","02","Driver Rider","2: MI","Traffic Signals","","",1333277.7,1685371.45,"13332781685371"
"2018-3202-27/05/2021","3 Country","PORT VICTORIA","5573","YORKE PENINSULA COUNCIL",2,1,0,0,1,2018,"March","Friday","01:18 pm","050","Not Divided","Straight road","Level","Not Applicable","Sealed","Dry","Not Raining","Daylight","Hit Parked Vehicle","01","Driver Rider","2: MI","No Control","Y","",1227757.86,1720977.6,"12277581720978"
"2018-3203-27/05/2021","2 Metropolitan","MOUNT BARKER","5251","DC MT.BARKER.                 ",2,0,0,0,0,2018,"March","Friday","03:40 pm","050","Cross Road","Straight road","Level","Not Applicable","Sealed","Dry","Not Raining","Daylight","Right Angle","02","Driver Rider","1: PDO","Give Way Sign","","",1351930.78,1653761.69,"13519311653762"
"2018-3204-27/05/2021","2 Metropolitan","PARADISE","5075","CC CAMPBELLTOWN.              ",2,0,0,0,0,2018,"March","Friday","04:20 pm","060","Cross Road","Straight road","Level","Not Applicable","Sealed","Dry","Not Raining","Daylight","Right Turn","01","Driver Rider","1: PDO","Traffic Signals","","",1335179.94,1675919.29,"13351801675919"
"2018-3205-27/05/2021","2 Metropolitan","ST CLAIR","5011","CITY OF CHARLES STURT",2,0,0,0,0,2018,"March","Friday","06:20 pm","060","T-Junction","Straight road","Level","Not Applicable","Sealed","Dry","Not Raining","Daylight","Right Angle","01","Driver Rider","1: PDO","No Control","","",1323296.21,1676954.61,"13232961676955"
"2018-3206-27/05/2021","2 Metropolitan","HAPPY VALLEY","5159","CITY OF ONKAPARINGA",1,1,0,0,1,2018,"March","Friday","07:20 pm","060","T-Junction","Straight road","Bottom of Hill","Not Applicable","Sealed","Dry","Not Raining","Night","Other","01","Driver Rider","2: MI","Roundabout","","",1326426.41,1654758.15,"13264261654758"
"2018-3207-27/05/2021","2 Metropolitan","SOUTH PLYMPTON","5038","CC MARION.                    ",2,0,0,0,0,2018,"March","Friday","09:52 pm","060","Cross Road","Straight road","Level","Not Applicable","Sealed","Dry","Not Raining","Night","Right Turn","02","Driver Rider","1: PDO","Traffic Signals","","",1324247.86,1666104.37,"13242481666104"
"2018-3208-27/05/2021","2 Metropolitan","COLONEL LIGHT GARDENS","5041","CC MITCHAM.                   ",2,0,0,0,0,2018,"March","Friday","08:10 pm","050","Cross Road","Straight road","Level","Not Applicable","Sealed","Dry","Not Raining","Night","Right Angle","02","Driver Rider","1: PDO","Stop Sign","","",1326737.68,1664308.37,"13267381664308"
"2018-3209-27/05/2021","3 Country","ROWLAND FLAT","5352","THE BAROSSA COUNCIL.",2,3,0,1,2,2018,"March","Friday","10:50 pm","060","Not Divided","CURVED, VIEW OBSCURED","Slope","Not Applicable","Unsealed","Dry","Not Raining","Night","Roll Over","01","Driver Rider","3: SI","No Control","","",1361220.84,1705621.3,"13612211705621"
"2018-3210-27/05/2021","1 City","ADELAIDE","5000","CITY OF ADELAIDE",2,0,0,0,0,2018,"March","Saturday","03:10 am","050","Cross Road","Straight road","Level","Not Applicable","Sealed","Dry","Not Raining","Night","Hit Fixed Object","01","Driver Rider","1: PDO","Traffic Signals","Y","",1328509.64,1669574.68,"13285101669575"
"2018-3211-27/05/2021","2 Metropolitan","BRIGHTON","5048","CITY OF HOLDFAST BAY",1,1,0,0,1,2018,"March","Saturday","08:08 am","050","Not Divided","Straight road","Slope","Not Applicable","Sealed","Dry","Not Raining","Daylight","Roll Over","01","Driver Rider","2: MI","No Control","","",1320500.51,1660283.01,"13205011660283"
"2018-3212-27/05/2021","2 Metropolitan","BURTON","5110","CITY OF SALISBURY",2,1,0,0,1,2018,"March","Saturday","09:14 am","060","Cross Road","Straight road","Level","Not Applicable","Sealed","Dry","Not Raining","Daylight","Right Angle","01","Driver Rider","2: MI","Roundabout","","",1330155.51,1690824.15,"13301561690824"
"2018-3213-27/05/2021","2 Metropolitan","WOODVILLE GARDENS","5012","CITY OF PORT ADELAIDE ENFIELD",2,0,0,0,0,2018,"March","Saturday","10:00 am","050","Cross Road","Straight road","Level","Not Applicable","Sealed","Dry","Not Raining","Daylight","Right Angle","01","Driver Rider","1: PDO","Give Way Sign","","",1324058.54,1677476.42,"13240591677476"
"2018-3214-27/05/2021","2 Metropolitan","ROSEWATER","5013","CITY OF PORT ADELAIDE ENFIELD",2,0,0,0,0,2018,"March","Saturday","11:20 am","060","T-Junction","Straight road","Level","Not Applicable","Sealed","Dry","Not Raining","Daylight","Rear End","02","Driver Rider","1: PDO","No Control","","",1322284.9,1678891.8,"13222851678892"
"2018-3215-27/05/2021","2 Metropolitan","VALLEY VIEW","5093","CITY OF TEA TREE GULLY",2,0,0,0,0,2018,"March","Saturday","08:15 am","060","Cross Road","Straight road","Level","Not Applicable","Sealed","Dry","Not Raining","Daylight","Right Angle","02","Driver Rider","1: PDO","Give Way Sign","","",1335135.17,1680568.92,"13351351680569"
"2018-3216-27/05/2021","3 Country","MURRAY BRIDGE","5253","RC MURRAY BRIDGE.             ",2,0,0,0,0,2018,"March","Saturday","10:00 am","060","Not Divided","Straight road","Level","Driveway or Entrance","Sealed","Dry","Not Raining","Daylight","Right Angle","02","Driver Rider","1: PDO","No Control","","",1387644.22,1646157.13,"13876441646157"
"2018-3217-27/05/2021","3 Country","MURRAY BRIDGE","5253","RC MURRAY BRIDGE.             ",2,0,0,0,0,2018,"March","Saturday","01:00 pm","050","Cross Road","CURVED, VIEW OPEN","Level","Not Applicable","Sealed","Dry","Not Raining","Daylight","Right Angle","02","Driver Rider","1: PDO","Roundabout","","",1389576.32,1645940.72,"13895761645941"