"REPORT_ID","Stats Area","Suburb","Postcode","LGA Name","Total Units","Total Cas","Total Fats","Total SI","Total MI","Year","Month","Day","Time","Area Speed","Position Type","Horizontal Align","Vertical Align","Other Feat","Road Surface","Moisture Cond","Weather Cond","DayNight","Crash Type","Unit Resp","Entity Code","CSEF Severity","Traffic Ctrls","DUI Involved","Drugs Involved","ACCLOC_X","ACCLOC_Y","UNIQUE_LOC"
"2018-4269-27/05/2021","2 Metropolitan","NETLEY","5037","CITY OF WEST TORRENS",2,0,0,0,0,2018,"April","Saturday","12:35 pm","060","T-Junction","Straight road","Level","Not Applicable","Sealed","Dry","Not Raining","Daylight","Right Angle","02","Driver Rider","1: PDO","No Control","","",1324190.24,1667987.7,"13241901667988"
"2018-4270-27/05/2021","2 Metropolitan","MODBURY","5092","CITY OF TEA TREE GULLY",2,1,0,0,1,2018,"April","Friday","06:12 pm","060","Cross Road","Straight road","Slope","Not Applicable","Sealed","Dry","Not Raining","Night","Rear End","02","Driver Rider","2: MI","Traffic Signals","","",1336189.32,1680597.27,"13361891680597"
"2018-4271-27/05/2021","2 Metropolitan","BEDFORD PARK","5042","CC MITCHAM.                   ",2,0,0,0,0,2018,"April","Saturday","03:15 pm","060","Cross Road","Straight road","Slope","Not Applicable","Sealed","Dry","Not Raining","Daylight","Rear End","01","Driver Rider","1: PDO","Traffic Signals","","",1325415.07,1660698.62,"13254151660699"
"2018-4272-27/05/2021","2 Metropolitan","MUNNO PARA","5115","CITY OF PLAYFORD.",2,0,0,0,0,2018,"April","Friday","05:10 pm","060","T-Junction","Straight road","Level","Not Applicable","Sealed","Dry","Not Raining","Daylight","Rear End","02","Driver Rider","1: PDO","No Control","","",1337885.36,1697913.1,"13378851697913"
"2018-4273-27/05/2021","1 City","ADELAIDE","5000","CITY OF ADELAIDE",2,0,0,0,0,2018,"April","Friday","11:05 pm","050","Cross Road","Straight road","Level","Not Applicable","Sealed","Dry","Not Raining","Night","Right Turn","02","Driver Rider","1: PDO","Traffic Signals","","",1327914.39,1670964.22,"13279141670964"
"2018-4274-27/05/2021","1 City","ADELAIDE","5000","CITY OF ADELAIDE",3,1,0,0,1,2018,"April","Saturday","01:00 pm","050","Cross Road","Straight road","Level","Not Applicable","Sealed","Dry","Not Raining","Daylight","Rear End","02","Driver Rider","2: MI","Traffic Signals","","",1329020.62,1670844.8,"13290211670845"
"2018-4275-27/05/2021","1 City","ADELAIDE","5000","CITY OF ADELAIDE",2,1,0,0,1,2018,"April","Saturday","01:00 pm","050","Not Divided","Straight road","Level","Not Applicable","Sealed","Dry","Not Raining","Daylight","Rear End","02","Driver Rider","2: MI","No Control","","",1329179.36,1670536.61,"13291791670537"
"2018-4276-27/05/2021","2 Metropolitan","ENFIELD","5085","CITY OF PORT ADELAIDE ENFIELD",2,0,0,0,0,2018,"April","Saturday","05:30 pm","060","Divided Road","Straight road","Crest of Hill","Not Applicable","Sealed","Dry","Not Raining","Daylight","Rear End","02","Driver Rider","1: PDO","No Control","","",1328819.38,1678680.7,"13288191678681"
"2018-4277-27/05/2021","2 Metropolitan","STIRLING","5152","THE ADELAIDE HILLS COUNCIL",2,0,0,0,0,2018,"April","Saturday","05:55 pm","110","Freeway","Straight road","Slope","Not Applicable","Sealed","Dry","Not Raining","Night","Rear End","02","Driver Rider","1: PDO","No Control","","",1339272.08,1661999.81,"13392721662000"
"2018-4278-27/05/2021","2 Metropolitan","MOUNT GEORGE","5155","THE ADELAIDE HILLS COUNCIL",2,0,0,0,0,2018,"April","Saturday","05:20 pm","110","Freeway","Straight road","Level","Not Applicable","Sealed","Dry","Not Raining","Daylight","Hit Fixed Object","01","Driver Rider","1: PDO","No Control","","",1341994.23,1661939.72,"13419941661940"
"2018-4279-27/05/2021","2 Metropolitan","PROSPECT","5082","CITY OF PROSPECT",3,0,0,0,0,2018,"April","Saturday","11:50 pm","050","Not Divided","Straight road","Level","Not Applicable","Sealed","Dry","Not Raining","Night","Hit Fixed Object","01","Driver Rider","1: PDO","No Control","","",1328301.3,1674358.65,"13283011674359"
"2018-4280-27/05/2021","2 Metropolitan","MORPHETT VALE","5162","CITY OF ONKAPARINGA",2,0,0,0,0,2018,"April","Sunday","06:00 am","050","Not Divided","Straight road","Level","Not Applicable","Sealed","Dry","Not Raining","Night","Hit Parked Vehicle","01","Driver Rider","1: PDO","No Control","","",1321823.37,1650474.45,"13218231650474"
"2018-4281-27/05/2021","2 Metropolitan","SALISBURY PARK","5109","CITY OF SALISBURY",1,0,0,0,0,2018,"April","Sunday","06:50 am","080","Divided Road","Straight road","Level","Not Applicable","Sealed","Dry","Not Raining","Daylight","Left Road - Out of Control","01","Driver Rider","1: PDO","No Control","","",1335944.31,1688797.19,"13359441688797"
"2018-4282-27/05/2021","3 Country","WILMINGTON","5485","DC MT.REMARKABLE.             ",2,0,0,0,0,2018,"April","Friday","02:10 pm","110","Not Divided","Straight road","Level","Bridge, Culvert, Causeway","Sealed","Dry","Not Raining","Daylight","Rear End","02","Driver Rider","1: PDO","No Control","","",1294201.47,1916780.37,"12942011916780"
"2018-4283-27/05/2021","2 Metropolitan","KLEMZIG","5087","CITY OF PORT ADELAIDE ENFIELD",2,0,0,0,0,2018,"April","Sunday","09:30 am","050","Not Divided","Straight road","Level","Not Applicable","Sealed","Dry","Not Raining","Daylight","Side Swipe","02","Driver Rider","1: PDO","No Control","","",1332397.15,1675915.72,"13323971675916"
"2018-4284-27/05/2021","2 Metropolitan","EVANSTON SOUTH","5116","CT GAWLER.                    ",2,0,0,0,0,2018,"April","Sunday","12:20 pm","090","Cross Road","Straight road","Level","Not Applicable","Sealed","Dry","Not Raining","Daylight","Right Angle","02","Driver Rider","1: PDO","Stop Sign","","",1339551.26,1700125.05,"13395511700125"
"2018-4285-27/05/2021","2 Metropolitan","GLENELG NORTH","5045","CITY OF HOLDFAST BAY",2,1,0,0,1,2018,"April","Sunday","08:55 am","050","Not Divided","Straight road","Level","Not Applicable","Sealed","Dry","Not Raining","Daylight","Hit Fixed Object","01","Driver Rider","2: MI","No Control","","",1321396.73,1665709.54,"13213971665710"
"2018-4286-27/05/2021","3 Country","BULGUNNIA","5719",,2,0,0,0,0,2018,"April","Monday","02:30 am","110","Not Divided","Straight road","Level","Not Applicable","Sealed","Dry","Not Raining","Night","Hit Animal","02","Animal","1: PDO","No Control","","",1018790.52,2215420.74,"10187912215421"
"2018-4287-27/05/2021","2 Metropolitan","TORRENS PARK","5062","CC MITCHAM.                   ",2,0,0,0,0,2018,"April","Sunday","09:13 am","060","T-Junction","Straight road","Slope","Not Applicable","Sealed","Dry","Not Raining","Daylight","Rear End","01","Driver Rider","1: PDO","No Control","","",1329626.23,1664220.37,"13296261664220"
"2018-4288-27/05/2021","2 Metropolitan","SMITHFIELD","5114","CITY OF PLAYFORD.",2,0,0,0,0,2018,"April","Sunday","02:22 pm","080","T-Junction","Straight road","Level","Not Applicable","Sealed","Dry","Not Raining","Daylight","Rear End","02","Driver Rider","1: PDO","Traffic Signals","","",1337904.44,1697173.62,"13379041697174"
"2018-4289-27/05/2021","2 Metropolitan","NOVAR GARDENS","5040","CITY OF WEST TORRENS",2,0,0,0,0,2018,"April","Saturday","09:18 pm","060","Divided Road","Straight road","Level","Not Applicable","Sealed","Dry","Not Raining","Night","Hit Fixed Object","01","Driver Rider","1: PDO","No Control","","",1322604.65,1666542.92,"13226051666543"
"2018-4290-27/05/2021","2 Metropolitan","WILLUNGA","5172","CITY OF ONKAPARINGA",1,1,0,0,1,2018,"April","Sunday","03:32 pm","080","Not Divided","CURVED, VIEW OPEN","Slope","Not Applicable","Sealed","Dry","Not Raining","Daylight","Roll Over","01","Driver Rider","2: MI","No Control","","",1323925.23,1631373.49,"13239251631373"
"2018-4291-27/05/2021","3 Country","BLACK POINT","5571","YORKE PENINSULA COUNCIL",1,0,0,0,0,2018,"April","Saturday","11:00 pm","050","Not Divided","CURVED, VIEW OPEN","Level","Not Applicable","Sealed","Dry","Not Raining","Night","Roll Over","01","Driver Rider","1: PDO","No Control","","",1263428.55,1708477.42,"12634291708477"
"2018-4292-27/05/2021","2 Metropolitan","TWO WELLS","5501","DC MALLALA.                   ",2,0,0,0,0,2018,"April","Thursday","09:45 pm","050","Not Divided","Straight road","Level","Not Applicable","Unsealed","Dry","Not Raining","Night","Hit Fixed Object","01","Driver Rider","1: PDO","No Control","","",1325510.06,1706217.72,"13255101706218"
"2018-4293-27/05/2021","2 Metropolitan","BEVERLEY","5009","CITY OF CHARLES STURT",2,0,0,0,0,2018,"April","Sunday","12:30 pm","060","T-Junction","Straight road","Level","Not Applicable","Sealed","Dry","Not Raining","Daylight","Rear End","01","Driver Rider","1: PDO","Traffic Signals","","",1324158.31,1674600.99,"13241581674601"
"2018-4294-27/05/2021","2 Metropolitan","MARLESTON","5033","CITY OF WEST TORRENS",4,0,0,0,0,2018,"April","Sunday","04:00 pm","060","T-Junction","Straight road","Level","Not Applicable","Sealed","Dry","Not Raining","Daylight","Rear End","01","Driver Rider","1: PDO","No Control","","",1325800.69,1668751.34,"13258011668751"
"2018-4295-27/05/2021","2 Metropolitan","MAWSON LAKES","5095","CITY OF SALISBURY",2,1,0,0,1,2018,"April","Sunday","02:15 pm","050","Not Divided","Straight road","Level","Not Applicable","Sealed","Dry","Not Raining","Daylight","Hit Parked Vehicle","01","Driver Rider","2: MI","No Control","","",1329847.16,1682599.28,"13298471682599"
"2018-4296-27/05/2021","2 Metropolitan","TORRENSVILLE","5031","CITY OF WEST TORRENS",2,0,0,0,0,2018,"April","Sunday","05:03 pm","050","T-Junction","Straight road","Level","Not Applicable","Sealed","Dry","Not Raining","Daylight","Side Swipe","01","Driver Rider","1: PDO","Stop Sign","","",1324719.54,1670956.15,"13247201670956"
"2018-4297-27/05/2021","3 Country","WAIKERIE","5330","LOXTON WAIKERIE DISTRICT COUNCIL",2,0,0,0,0,2018,"April","Sunday","06:25 pm","080","T-Junction","Straight road","Bottom of Hill","Not Applicable","Sealed","Dry","Not Raining","Night","Right Turn","02","Driver Rider","1: PDO","No Control","","",1460727.91,1747143.7,"14607281747144"
"2018-4298-27/05/2021","2 Metropolitan","PARALOWIE","5108","CITY OF SALISBURY",2,0,0,0,0,2018,"April","Sunday","09:50 pm","060","Not Divided","Straight road","Level","Not Applicable","Sealed","Dry","Not Raining","Night","Hit Parked Vehicle","01","Driver Rider","1: PDO","No Control","","",1330469.39,1689076.37,"13304691689076"
"2018-4299-27/05/2021","2 Metropolitan","MAWSON LAKES","5095","CITY OF SALISBURY",3,1,0,0,1,2018,"April","Monday","07:51 am","070","T-Junction","Straight road","Level","Not Applicable","Sealed","Dry","Not Raining","Daylight","Rear End","01","Driver Rider","2: MI","No Control","","",1329875.4,1684824.04,"13298751684824"
"2018-4300-27/05/2021","2 Metropolitan","KILKENNY","5009","CITY OF CHARLES STURT",2,0,0,0,0,2018,"April","Sunday","10:30 am","060","Divided Road","Straight road","Level","Not Applicable","Sealed","Dry","Not Raining","Daylight","Side Swipe","01","Driver Rider","1: PDO","No Control","","",1323956.9,1674773.97,"13239571674774"
"2018-4301-27/05/2021","2 Metropolitan","HENLEY BEACH","5022","CITY OF CHARLES STURT",2,0,0,0,0,2018,"April","Thursday","05:00 am","050","Divided Road","Straight road","Level","Not Applicable","Sealed","Dry","Not Raining","Night","Hit Parked Vehicle","02","Driver Rider","1: PDO","No Control","","",1318736.48,1672877.87,"13187361672878"
"2018-4302-27/05/2021","2 Metropolitan","MARION","5043","CC MARION.                    ",3,1,0,0,1,2018,"April","Monday","08:43 am","060","T-Junction","Straight road","Level","Not Applicable","Sealed","Dry","Not Raining","Daylight","Rear End","01","Driver Rider","2: MI","No Control","","",1324391.72,1661008.57,"13243921661009"
"2018-4303-27/05/2021","2 Metropolitan","MANNINGHAM","5086","CITY OF PORT ADELAIDE ENFIELD",2,0,0,0,0,2018,"April","Monday","09:40 am","060","T-Junction","Straight road","Level","Not Applicable","Sealed","Dry","Not Raining","Daylight","Rear End","01","Driver Rider","1: PDO","Traffic Signals","","",1330468.73,1675456.59,"13304691675457"
"2018-4304-27/05/2021","2 Metropolitan","ASHTON","5137","THE ADELAIDE HILLS COUNCIL",2,0,0,0,0,2018,"April","Sunday","11:22 am","080","Cross Road","Straight road","Level","Not Applicable","Sealed","Dry","Not Raining","Daylight","Right Angle","09","Other","1: PDO","Stop Sign","","",1340240.37,1668311.53,"13402401668312"
"2018-4305-27/05/2021","2 Metropolitan","STIRLING","5152","THE ADELAIDE HILLS COUNCIL",2,0,0,0,0,2018,"April","Monday","06:25 pm","050","Not Divided","Straight road","Slope","Not Applicable","Sealed","Dry","Not Raining","Night","Rear End","02","Driver Rider","1: PDO","No Control","","",1338989.47,1661348.94,"13389891661349"
"2018-4306-27/05/2021","2 Metropolitan","WOODVILLE PARK","5011","CITY OF CHARLES STURT",4,1,0,1,0,2018,"April","Monday","08:20 am","060","Cross Road","Straight road","Level","Not Applicable","Sealed","Dry","Not Raining","Daylight","Right Angle","02","Driver Rider","3: SI","Give Way Sign","","",1324027.88,1675459.37,"13240281675459"
"2018-4307-27/05/2021","2 Metropolitan","MODBURY HEIGHTS","5092","CITY OF TEA TREE GULLY",2,0,0,0,0,2018,"April","Monday","09:00 am","050","T-Junction","Straight road","Level","Not Applicable","Sealed","Dry","Not Raining","Daylight","Hit Pedestrian","02","Pedestrian","1: PDO","No Control","","",1335355.16,1682606.75,"13353551682607"
"2018-4308-27/05/2021","2 Metropolitan","MODBURY HEIGHTS","5092","CITY OF TEA TREE GULLY",2,1,0,0,1,2018,"April","Monday","09:35 am","060","Not Divided","Straight road","Slope","Not Applicable","Sealed","Dry","Not Raining","Daylight","Side Swipe","01","Driver Rider","2: MI","No Control","","",1336597.02,1682361.97,"13365971682362"
"2018-4309-27/05/2021","3 Country","INMAN VALLEY","5211","DC VICTOR HARBOR.             ",3,1,0,0,1,2018,"April","Monday","07:40 am","100","Not Divided","CURVED, VIEW OBSCURED","Slope","Bridge, Culvert, Causeway","Sealed","Dry","Not Raining","Daylight","Hit Fixed Object","01","Driver Rider","2: MI","No Control","","",1317246.35,1608395.49,"13172461608395"
"2018-4310-27/05/2021","2 Metropolitan","GEPPS CROSS","5094","CITY OF PORT ADELAIDE ENFIELD",2,0,0,0,0,2018,"April","Monday","11:05 am","060","Multiple","Straight road","Level","Not Applicable","Sealed","Dry","Not Raining","Daylight","Hit Fixed Object","01","Driver Rider","1: PDO","Traffic Signals","","",1328797.53,1679280.27,"13287981679280"
"2018-4311-27/05/2021","2 Metropolitan","CHRISTIES BEACH","5165","CITY OF ONKAPARINGA",2,1,0,0,1,2018,"April","Monday","10:25 am","060","Divided Road","Straight road","Slope","Not Applicable","Sealed","Dry","Not Raining","Daylight","Hit Pedestrian","02","Pedestrian","2: MI","No Control","","",1316084.8,1647389.14,"13160851647389"
"2018-4312-27/05/2021","1 City","ADELAIDE","5000","CITY OF ADELAIDE",3,0,0,0,0,2018,"April","Monday","09:35 am","050","Not Divided","Straight road","Level","Not Applicable","Sealed","Dry","Not Raining","Daylight","Hit Parked Vehicle","01","Driver Rider","1: PDO","No Control","","",1329196.66,1670875.87,"13291971670876"
"2018-4313-27/05/2021","2 Metropolitan","STEPNEY","5069","CC OF NORWOOD,PAYNEHAM & ST PETERS",2,0,0,0,0,2018,"April","Monday","09:25 am","060","Not Divided","Straight road","Level","Not Applicable","Sealed","Dry","Not Raining","Daylight","Rear End","02","Driver Rider","1: PDO","No Control","","",1331165.99,1672471.1,"13311661672471"
"2018-4314-27/05/2021","2 Metropolitan","ST MARYS","5042","CC MITCHAM.                   ",2,0,0,0,0,2018,"April","Monday","07:10 am","060","Divided Road","Straight road","Level","Not Applicable","Sealed","Dry","Not Raining","Daylight","Hit Parked Vehicle","02","Driver Rider","1: PDO","No Control","","",1325968.63,1662790.16,"13259691662790"
"2018-4315-27/05/2021","3 Country","BARMERA","5345","THE BERRI BARMERA COUNCIL",1,0,0,0,0,2018,"April","Sunday","04:00 pm","060","T-Junction","CURVED, VIEW OPEN","Level","Not Applicable","Sealed","Dry","Not Raining","Daylight","Roll Over","01","Driver Rider","1: PDO","No Control","","",1500565.4,1735955.46,"15005651735955"
"2018-4316-27/05/2021","2 Metropolitan","BROOKLYN PARK","5032","CITY OF WEST TORRENS",2,0,0,0,0,2018,"April","Friday","01:00 pm","060","T-Junction","Straight road","Level","Not Applicable","Sealed","Dry","Not Raining","Daylight","Side Swipe","01","Driver Rider","1: PDO","Traffic Signals","","",1324118.14,1670948.73,"13241181670949"
"2018-4317-27/05/2021","2 Metropolitan","OAKLANDS PARK","5046","CC MARION.                    ",3,2,0,0,2,2018,"April","Monday","11:00 am","060","T-Junction","Straight road","Level","Not Applicable","Sealed","Dry","Not Raining","Daylight","Right Turn","02","Driver Rider","2: MI","Traffic Signals","","",1322768.82,1660878.17,"13227691660878"
"2018-4318-27/05/2021","2 Metropolitan","KIDMAN PARK","5025","CITY OF CHARLES STURT",2,0,0,0,0,2018,"April","Monday","11:37 am","050","Not Divided","Straight road","Level","Not Applicable","Sealed","Dry","Not Raining","Daylight","Hit Parked Vehicle","02","Driver Rider","1: PDO","No Control","","",1321763.93,1672298.07,"13217641672298"
"2018-4319-27/05/2021","2 Metropolitan","CLARENCE GARDENS","5039","CC MITCHAM.                   ",3,1,0,0,1,2018,"April","Friday","01:40 pm","060","Divided Road","Straight road","Level","Not Applicable","Sealed","Dry","Not Raining","Daylight","Rear End","02","Driver Rider","2: MI","No Control","","",1325916.34,1664975.52,"13259161664976"
"2018-4320-27/05/2021","3 Country","PORTER LAGOON","5416","REGIONAL COUNCIL OF GOYDER",2,1,0,1,0,2018,"April","Monday","07:58 am","110","Not Divided","CURVED, VIEW OPEN","Slope","Not Applicable","Sealed","Dry","Not Raining","Daylight","Hit Fixed Object","01","Driver Rider","3: SI","No Control","","Y",1356168.1,1792015.07,"13561681792015"
"2018-4321-27/05/2021","3 Country","WIGLEY FLAT","5330","LOXTON WAIKERIE DISTRICT COUNCIL",2,2,1,1,0,2018,"April","Monday","05:10 am","110","Not Divided","Straight road","Level","Driveway or Entrance","Sealed","Dry","Not Raining","Night","Hit Parked Vehicle","01","Driver Rider","4: Fatal","No Control","","",1480938.1,1746164.57,"14809381746165"
"2018-4322-27/05/2021","2 Metropolitan","CAMDEN PARK","5038","CITY OF WEST TORRENS",2,0,0,0,0,2018,"April","Monday","02:37 pm","060","T-Junction","Straight road","Level","Not Applicable","Sealed","Dry","Not Raining","Daylight","Right Turn","01","Driver Rider","1: PDO","Give Way Sign","","",1322588.76,1667003.62,"13225891667004"
"2018-4323-27/05/2021","2 Metropolitan","MAWSON LAKES","5095","CITY OF SALISBURY",2,1,0,0,1,2018,"April","Friday","08:50 am","080","T-Junction","Straight road","Level","Not Applicable","Sealed","Dry","Not Raining","Daylight","Rear End","02","Driver Rider","2: MI","Traffic Signals","","",1331207,1682727.06,"13312071682727"
"2018-4324-27/05/2021","2 Metropolitan","BELAIR","5052","CC MITCHAM.                   ",2,1,0,0,1,2018,"April","Thursday","10:00 am","060","Not Divided","CURVED, VIEW OBSCURED","Slope","Not Applicable","Sealed","Dry","Not Raining","Daylight","Hit Fixed Object","01","Driver Rider","2: MI","No Control","","",1330765.04,1663111.63,"13307651663112"
"2018-4325-27/05/2021","2 Metropolitan","PARALOWIE","5108","CITY OF SALISBURY",2,0,0,0,0,2018,"April","Monday","06:30 am","060","Divided Road","Straight road","Level","Not Applicable","Sealed","Dry","Not Raining","Night","Rear End","02","Driver Rider","1: PDO","No Control","","",1328775.21,1689077.16,"13287751689077"
"2018-4326-27/05/2021","2 Metropolitan","HECTORVILLE","5073","CC CAMPBELLTOWN.              ",2,0,0,0,0,2018,"April","Monday","04:15 pm","060","T-Junction","Straight road","Level","Not Applicable","Sealed","Dry","Not Raining","Daylight","Right Angle","02","Driver Rider","1: PDO","No Control","","",1335423.29,1674081.28,"13354231674081"
"2018-4327-27/05/2021","3 Country","MURRAY BRIDGE","5254","RC MURRAY BRIDGE.             ",2,0,0,0,0,2018,"April","Monday","03:30 pm","060","T-Junction","Straight road","Level","Not Applicable","Sealed","Dry","Not Raining","Daylight","Right Angle","01","Driver Rider","1: PDO","No Control","","",1387214.06,1647908.04,"13872141647908"
"2018-4328-27/05/2021","2 Metropolitan","VIRGINIA","5120","CITY OF PLAYFORD.",2,0,0,0,0,2018,"April","Monday","12:10 am","100","Cross Road","Straight road","Level","Not Applicable","Sealed","Dry","Not Raining","Night","Hit Animal","02","Animal","1: PDO","Give Way Sign","","",1324979.64,1702434.32,"13249801702434"
"2018-4329-27/05/2021","2 Metropolitan","UNLEY","5061","CITY OF UNLEY",2,0,0,0,0,2018,"April","Thursday","01:30 pm","060","Pedestrian Crossing","Straight road","Level","Not Applicable","Sealed","Dry","Not Raining","Daylight","Rear End","02","Driver Rider","1: PDO","Traffic Signals","","",1329083.27,1668062.17,"13290831668062"
"2018-4330-27/05/2021","2 Metropolitan","FLINDERS PARK","5025","CITY OF CHARLES STURT",2,0,0,0,0,2018,"April","Monday","02:50 pm","050","T-Junction","Straight road","Level","Not Applicable","Sealed","Dry","Not Raining","Daylight","Right Angle","01","Driver Rider","1: PDO","No Control","Y","",1322589.9,1672449.04,"13225901672449"
"2018-4331-27/05/2021","2 Metropolitan","KESWICK","5035","CITY OF WEST TORRENS",2,0,0,0,0,2018,"April","Monday","04:00 pm","060","T-Junction","Straight road","Level","Not Applicable","Sealed","Dry","Not Raining","Daylight","Right Turn","02","Driver Rider","1: PDO","No Control","","",1326549.31,1668969.26,"13265491668969"
"2018-4332-27/05/2021","2 Metropolitan","KILBURN","5084","CITY OF PORT ADELAIDE ENFIELD",2,1,0,0,1,2018,"April","Monday","05:20 pm","050","Not Divided","Straight road","Level","Driveway or Entrance","Sealed","Dry","Not Raining","Daylight","Right Angle","02","Driver Rider","2: MI","No Control","","",1327995.73,1679109.84,"13279961679110"
"2018-4333-27/05/2021","3 Country","PORT PIRIE","5540","PT.PIRIE CITY & DIST. COUNCIL ",2,1,0,0,1,2018,"April","Monday","04:48 pm","050","Divided Road","Straight road","Level","Not Applicable","Sealed","Dry","Not Raining","Daylight","Hit Pedestrian","02","Pedestrian","2: MI","No Control","","",1280522.09,1865288.86,"12805221865289"
"2018-4334-27/05/2021","3 Country","MOUNT GAMBIER","5290","CC MT.GAMBIER.                ",2,0,0,0,0,2018,"April","Monday","03:30 pm","060","Divided Road","Straight road","Level","Median Opening (not at I/S)","Sealed","Dry","Not Raining","Daylight","Rear End","01","Driver Rider","1: PDO","No Control","","",1511531.26,1339670.83,"15115311339671"
"2018-4335-27/05/2021","2 Metropolitan","FLAGSTAFF HILL","5159","CITY OF ONKAPARINGA",2,0,0,0,0,2018,"April","Monday","07:53 pm","060","T-Junction","Straight road","Level","Not Applicable","Sealed","Dry","Not Raining","Night","Right Turn","02","Driver Rider","1: PDO","No Control","","",1328176.66,1656016.1,"13281771656016"
"2018-4336-27/05/2021","2 Metropolitan","MAWSON LAKES","5095","CITY OF SALISBURY",7,2,0,0,2,2018,"April","Monday","05:30 pm","080","Divided Road","Straight road","Level","Not Applicable","Sealed","Dry","Not Raining","Daylight","Rear End","01","Driver Rider","2: MI","No Control","","",1328681.94,1682973.97,"13286821682974"
"2018-4337-27/05/2021","3 Country","PORT AUGUSTA WEST","5700","CC PT.AUGUSTA.                ",2,1,0,0,1,2018,"April","Monday","10:31 pm","050","Not Divided","Straight road","Slope","Driveway or Entrance","Sealed","Dry","Not Raining","Night","Right Angle","01","Driver Rider","2: MI","No Control","","",1258965.47,1943709.17,"12589651943709"
"2018-4338-27/05/2021","3 Country","ROXBY DOWNS","5725","MC ROXBY DOWNS                ",2,3,0,2,1,2018,"April","Monday","09:30 pm","110","Not Divided","Straight road","Level","Not Applicable","Sealed","Dry","Not Raining","Night","Rear End","02","Driver Rider","3: SI","No Control","","",1181319.84,2162311.51,"11813202162312"
"2018-4339-27/05/2021","3 Country","CYGNET RIVER","5223","KANGAROO ISLAND COUNCIL",2,1,0,0,1,2018,"April","Monday","05:30 pm","100","T-Junction","Straight road","Level","Not Applicable","Sealed","Dry","Not Raining","Daylight","Hit Fixed Object","01","Driver Rider","2: MI","Give Way Sign","Y","",1227360.49,1586865.58,"12273601586866"
"2018-4340-27/05/2021","2 Metropolitan","MODBURY","5092","CITY OF TEA TREE GULLY",2,0,0,0,0,2018,"April","Monday","11:30 pm","060","T-Junction","Straight road","Level","Not Applicable","Sealed","Dry","Not Raining","Night","Hit Fixed Object","01","Driver Rider","1: PDO","Traffic Signals","","",1336192.6,1680407.52,"13361931680408"
"2018-4341-27/05/2021","3 Country","GLENBURNIE","5291","DISTRICT COUNCIL OF GRANT",2,0,0,0,0,2018,"May","Tuesday","12:31 am","100","Cross Road","Straight road","Level","Not Applicable","Sealed","Dry","Not Raining","Night","Hit Fixed Object","01","Driver Rider","1: PDO","Give Way Sign","","",1516269.14,1337355.39,"15162691337355"
"2018-4342-27/05/2021","1 City","NORTH ADELAIDE","5006","CITY OF ADELAIDE",2,0,0,0,0,2018,"April","Monday","06:15 am","050","Cross Road","Straight road","Level","Not Applicable","Sealed","Dry","Not Raining","Night","Right Turn","02","Driver Rider","1: PDO","Traffic Signals","","",1328673.37,1672674.13,"13286731672674"
"2018-4343-27/05/2021","2 Metropolitan","SAMPSON FLAT","5114","CITY OF PLAYFORD.",2,0,0,0,0,2018,"May","Tuesday","05:00 am","080","Not Divided","Straight road","Slope","Not Applicable","Sealed","Dry","Not Raining","Night","Hit Animal","02","Animal","1: PDO","No Control","","",1346264.09,1693232.68,"13462641693233"
"2018-4344-27/05/2021","2 Metropolitan","BLACKWOOD","5051","CC MITCHAM.                   ",2,1,0,0,1,2018,"February","Tuesday","10:30 pm","050","Not Divided","Straight road","Level","Not Applicable","Sealed","Unknown","Unknown","Night","Hit Fixed Object","01","Driver Rider","2: MI","No Control","","",1329775.44,1659808.55,"13297751659809"
"2018-4345-27/05/2021","2 Metropolitan","TEA TREE GULLY","5091","CITY OF TEA TREE GULLY",3,2,0,0,2,2018,"May","Tuesday","09:47 am","060","T-Junction","Straight road","Level","Not Applicable","Sealed","Dry","Not Raining","Daylight","Rear End","02","Driver Rider","2: MI","No Control","","",1340322.41,1681915.97,"13403221681916"
"2018-4346-27/05/2021","3 Country","MOUNT WILLOUGHBY","5723",,1,2,0,0,2,2018,"April","Monday","01:25 pm","110","Not Divided","Straight road","Level","Not Applicable","Sealed","Dry","Not Raining","Daylight","Roll Over","01","Driver Rider","2: MI","No Control","","",917766.24,2409136.74,"09177662409137"
"2018-4347-27/05/2021","2 Metropolitan","SALISBURY SOUTH","5106","CITY OF SALISBURY",2,0,0,0,0,2018,"May","Tuesday","10:59 am","060","T-Junction","Straight road","Level","Not Applicable","Sealed","Dry","Not Raining","Daylight","Right Angle","02","Driver Rider","1: PDO","Give Way Sign","","",1332521.47,1686301.12,"13325211686301"
"2018-4348-27/05/2021","2 Metropolitan","MITCHAM","5062","CC MITCHAM.                   ",2,0,0,0,0,2018,"April","Monday","05:00 pm","060","Not Divided","CURVED, VIEW OPEN","Slope","Not Applicable","Sealed","Dry","Not Raining","Daylight","Rear End","02","Driver Rider","1: PDO","No Control","","",1330191.73,1664332.86,"13301921664333"
"2018-4349-27/05/2021","3 Country","CLARE","5453","CLARE AND GILBERT VALLEYS DISTRICT COUNCIL",2,0,0,0,0,2018,"April","Wednesday","08:29 am","050","Not Divided","Straight road","Level","Not Applicable","Sealed","Dry","Not Raining","Daylight","Hit Fixed Object","01","Driver Rider","1: PDO","No Control","","",1332127.98,1792839.21,"13321281792839"