"REPORT_ID","Stats Area","Suburb","Postcode","LGA Name","Total Units","Total Cas","Total Fats","Total SI","Total MI","Year","Month","Day","Time","Area Speed","Position Type","Horizontal Align","Vertical Align","Other Feat","Road Surface","Moisture Cond","Weather Cond","DayNight","Crash Type","Unit Resp","Entity Code","CSEF Severity","Traffic Ctrls","DUI Involved","Drugs Involved","ACCLOC_X","ACCLOC_Y","UNIQUE_LOC"
"2018-4594-27/05/2021","2 Metropolitan","DERNANCOURT","5075","CITY OF TEA TREE GULLY",3,0,0,0,0,2018,"May","Monday","06:10 pm","060","Divided Road","CURVED, VIEW OPEN","Slope","Not Applicable","Sealed","Wet","Raining","Night","Side Swipe","01","Driver Rider","1: PDO","No Control","","",1336717.53,1677850.82,"13367181677851"
"2018-4595-27/05/2021","2 Metropolitan","MARION","5043","CC MARION.                    ",3,4,0,0,4,2018,"May","Monday","05:01 pm","060","T-Junction","Straight road","Level","Not Applicable","Sealed","Wet","Raining","Daylight","Right Turn","01","Driver Rider","2: MI","Traffic Signals","","",1324366.05,1661874.49,"13243661661874"
"2018-4596-27/05/2021","3 Country","MAITLAND","5573","YORKE PENINSULA COUNCIL",2,1,0,1,0,2018,"May","Monday","04:00 pm","080","T-Junction","CURVED, VIEW OPEN","Level","Not Applicable","Sealed","Wet","Raining","Daylight","Hit Fixed Object","01","Driver Rider","3: SI","Give Way Sign","","",1245183.21,1734862.02,"12451831734862"
"2018-4597-27/05/2021","2 Metropolitan","ST MORRIS","5068","CC OF NORWOOD,PAYNEHAM & ST PETERS",2,0,0,0,0,2018,"May","Monday","04:00 pm","060","Cross Road","Straight road","Level","Not Applicable","Sealed","Dry","Not Raining","Daylight","Side Swipe","02","Driver Rider","1: PDO","Traffic Signals","","",1333859.33,1671805.1,"13338591671805"
"2018-4598-27/05/2021","1 City","NORTH ADELAIDE","5006","CITY OF ADELAIDE",2,1,0,0,1,2018,"May","Monday","03:15 pm","050","Not Divided","CURVED, VIEW OPEN","Level","Not Applicable","Sealed","Dry","Not Raining","Daylight","Side Swipe","02","Driver Rider","2: MI","No Control","","",1327837.34,1672629.75,"13278371672630"
"2018-4599-27/05/2021","2 Metropolitan","BRAHMA LODGE","5109","CITY OF SALISBURY",1,0,0,0,0,2018,"May","Monday","03:55 pm","080","Divided Road","Straight road","Level","Not Applicable","Sealed","Dry","Not Raining","Daylight","Roll Over","01","Driver Rider","1: PDO","No Control","","",1334052.17,1686388.82,"13340521686389"
"2018-4600-27/05/2021","3 Country","PORT AUGUSTA","5700","CC PT.AUGUSTA.                ",2,1,1,0,0,2018,"May","Monday","07:00 pm","060","Divided Road","Straight road","Level","Not Applicable","Sealed","Dry","Not Raining","Night","Hit Pedestrian","02","Pedestrian","4: Fatal","No Control","","Y",1260402.6,1941355.93,"12604031941356"
"2018-4601-27/05/2021","2 Metropolitan","CUMBERLAND PARK","5041","CC MITCHAM.                   ",2,1,0,0,1,2018,"May","Monday","07:30 pm","050","Not Divided","Straight road","Level","Driveway or Entrance","Sealed","Dry","Not Raining","Night","Side Swipe","01","Driver Rider","2: MI","No Control","","",1326684.86,1666157.2,"13266851666157"
"2018-4602-27/05/2021","2 Metropolitan","MORPHETT VALE","5162","CITY OF ONKAPARINGA",2,0,0,0,0,2018,"May","Monday","09:00 pm","060","Cross Road","Straight road","Level","Not Applicable","Sealed","Wet","Not Raining","Night","Right Angle","01","Driver Rider","1: PDO","Roundabout","","",1321966.83,1648726.94,"13219671648727"
"2018-4603-27/05/2021","3 Country","MURRAY BRIDGE","5253","RC MURRAY BRIDGE.             ",2,1,0,0,1,2018,"May","Monday","04:50 pm","050","T-Junction","Straight road","Level","Not Applicable","Sealed","Wet","Raining","Daylight","Right Turn","01","Driver Rider","2: MI","Give Way Sign","","Y",1390040.08,1644963.86,"13900401644964"
"2018-4604-27/05/2021","2 Metropolitan","WALKERVILLE","5081","WALKERVILLE TOWN COUNCIL",2,0,0,0,0,2018,"May","Monday","11:47 pm","060","Divided Road","Straight road","Slope","Not Applicable","Sealed","Dry","Not Raining","Night","Hit Parked Vehicle","01","Driver Rider","1: PDO","No Control","","",1329898.44,1673823.62,"13298981673824"
"2018-4605-27/05/2021","2 Metropolitan","HILLCREST","5086","CITY OF PORT ADELAIDE ENFIELD",2,0,0,0,0,2018,"May","Tuesday","07:00 am","050","T-Junction","Straight road","Level","Not Applicable","Sealed","Dry","Not Raining","Daylight","Right Angle","01","Driver Rider","1: PDO","Stop Sign","","",1332182.1,1676688.39,"13321821676688"
"2018-4606-27/05/2021","2 Metropolitan","FULLARTON","5063","CITY OF UNLEY",2,0,0,0,0,2018,"May","Tuesday","05:25 am","060","Not Divided","Straight road","Level","Driveway or Entrance","Sealed","Dry","Not Raining","Night","Hit Parked Vehicle","02","Driver Rider","1: PDO","No Control","","",1331624.68,1667552.06,"13316251667552"
"2018-4607-27/05/2021","2 Metropolitan","STEPNEY","5069","CC OF NORWOOD,PAYNEHAM & ST PETERS",2,0,0,0,0,2018,"May","Monday","01:15 pm","060","T-Junction","Straight road","Level","Not Applicable","Sealed","Dry","Not Raining","Daylight","Right Angle","02","Driver Rider","1: PDO","Stop Sign","","",1331172.71,1672480.14,"13311731672480"
"2018-4608-27/05/2021","2 Metropolitan","UNLEY","5061","CITY OF UNLEY",2,0,0,0,0,2018,"May","Tuesday","08:00 am","050","Not Divided","Straight road","Level","Not Applicable","Sealed","Dry","Not Raining","Daylight","Hit Pedestrian","02","Pedestrian","1: PDO","No Control","","",1328367,1668505.96,"13283671668506"
"2018-4609-27/05/2021","2 Metropolitan","TRANMERE","5073","CC CAMPBELLTOWN.              ",2,0,0,0,0,2018,"May","Tuesday","05:00 am","050","Not Divided","Straight road","Level","Not Applicable","Sealed","Dry","Not Raining","Night","Hit Parked Vehicle","02","Driver Rider","1: PDO","No Control","","",1333926.17,1673585.48,"13339261673585"
"2018-4610-27/05/2021","1 City","NORTH ADELAIDE","5006","CITY OF ADELAIDE",2,0,0,0,0,2018,"May","Tuesday","07:45 am","050","Divided Road","Straight road","Level","Not Applicable","Sealed","Dry","Not Raining","Daylight","Side Swipe","01","Driver Rider","1: PDO","No Control","","",1327517.24,1672395.49,"13275171672395"
"2018-4611-27/05/2021","1 City","ADELAIDE","5000","CITY OF ADELAIDE",2,0,0,0,0,2018,"May","Monday","05:45 pm","050","Cross Road","Straight road","Level","Not Applicable","Sealed","Dry","Not Raining","Night","Hit Pedestrian","02","Driver Rider","1: PDO","Traffic Signals","","",1329038.86,1670203.05,"13290391670203"
"2018-4612-27/05/2021","2 Metropolitan","WOODVILLE PARK","5011","CITY OF CHARLES STURT",2,0,0,0,0,2018,"May","Tuesday","08:30 am","050","Not Divided","Straight road","Level","Driveway or Entrance","Sealed","Wet","Not Raining","Daylight","Right Angle","01","Driver Rider","1: PDO","No Control","","",1323656.77,1675624.27,"13236571675624"
"2018-4613-27/05/2021","2 Metropolitan","NORTHGATE","5085","CITY OF PORT ADELAIDE ENFIELD",2,1,0,0,1,2018,"May","Tuesday","07:30 am","060","T-Junction","Straight road","Level","Not Applicable","Sealed","Dry","Not Raining","Daylight","Rear End","02","Driver Rider","2: MI","No Control","","",1331464.44,1679287.03,"13314641679287"
"2018-4614-27/05/2021","2 Metropolitan","OVINGHAM","5082","CITY OF PROSPECT",2,0,0,0,0,2018,"May","Tuesday","07:45 am","060","Divided Road","Straight road","Slope","Not Applicable","Sealed","Dry","Not Raining","Daylight","Rear End","02","Driver Rider","1: PDO","No Control","","",1327277.15,1673826,"13272771673826"
"2018-4615-27/05/2021","3 Country","CLINTON","5570","YORKE PENINSULA COUNCIL",2,2,0,2,0,2018,"May","Tuesday","05:45 am","100","Not Divided","Straight road","Level","Not Applicable","Sealed","Wet","Not Raining","Night","Head On","01","Driver Rider","3: SI","No Control","","",1281607.58,1757860.05,"12816081757860"
"2018-4616-27/05/2021","3 Country","CLARE","5453","CLARE AND GILBERT VALLEYS DISTRICT COUNCIL",2,0,0,0,0,2018,"May","Tuesday","10:45 am","050","Not Divided","Straight road","Slope","Not Applicable","Sealed","Dry","Not Raining","Daylight","Rear End","01","Driver Rider","1: PDO","No Control","","",1334298.89,1789528.43,"13342991789528"
"2018-4617-27/05/2021","2 Metropolitan","BOLIVAR","5110","CITY OF SALISBURY",2,0,0,0,0,2018,"May","Tuesday","11:55 am","090","T-Junction","Straight road","Level","Not Applicable","Sealed","Wet","Not Raining","Daylight","Rear End","01","Driver Rider","1: PDO","Traffic Signals","","",1328471.89,1688636.97,"13284721688637"
"2018-4618-27/05/2021","2 Metropolitan","PROSPECT","5082","CITY OF PROSPECT",2,1,0,0,1,2018,"May","Tuesday","08:00 am","060","Divided Road","Straight road","Level","Not Applicable","Sealed","Dry","Not Raining","Daylight","Rear End","02","Driver Rider","2: MI","No Control","","",1327308.37,1676394.45,"13273081676394"
"2018-4619-27/05/2021","2 Metropolitan","SEAFORD","5169","CITY OF ONKAPARINGA",2,1,0,0,1,2018,"May","Tuesday","11:00 am","070","Cross Road","Straight road","Level","Not Applicable","Sealed","Dry","Not Raining","Daylight","Rear End","02","Driver Rider","2: MI","Traffic Signals","","",1316362.9,1642084.21,"13163631642084"
"2018-4620-27/05/2021","2 Metropolitan","FLINDERS PARK","5025","CITY OF CHARLES STURT",3,0,0,0,0,2018,"May","Tuesday","02:00 pm","060","Divided Road","Straight road","Level","Not Applicable","Sealed","Dry","Not Raining","Daylight","Rear End","01","Driver Rider","1: PDO","No Control","","",1323837.31,1672332.01,"13238371672332"
"2018-4621-27/05/2021","2 Metropolitan","PROSPECT","5082","CITY OF PROSPECT",3,1,0,0,1,2018,"May","Tuesday","01:50 pm","040","Not Divided","Straight road","Level","Not Applicable","Sealed","Dry","Not Raining","Daylight","Hit Fixed Object","01","Driver Rider","2: MI","No Control","","",1328814.82,1674170.29,"13288151674170"
"2018-4622-27/05/2021","2 Metropolitan","GEPPS CROSS","5094","CITY OF PORT ADELAIDE ENFIELD",2,0,0,0,0,2018,"May","Tuesday","10:55 am","060","Multiple","Straight road","Level","Not Applicable","Sealed","Dry","Not Raining","Daylight","Rear End","02","Driver Rider","1: PDO","Traffic Signals","","",1328802.51,1679265.44,"13288031679265"
"2018-4623-27/05/2021","2 Metropolitan","MORPHETT VALE","5162","CITY OF ONKAPARINGA",2,1,0,0,1,2018,"May","Tuesday","02:30 pm","060","Cross Road","Straight road","Level","Not Applicable","Sealed","Dry","Not Raining","Daylight","Rear End","02","Driver Rider","2: MI","Traffic Signals","","",1320773.98,1649410.89,"13207741649411"
"2018-4624-27/05/2021","2 Metropolitan","WINGFIELD","5013","CITY OF PORT ADELAIDE ENFIELD",4,0,0,0,0,2018,"May","Tuesday","02:10 pm","090","Divided Road","Straight road","Level","Not Applicable","Sealed","Dry","Not Raining","Daylight","Rear End","01","Driver Rider","1: PDO","No Control","","",1325533.73,1679388.39,"13255341679388"
"2018-4625-27/05/2021","2 Metropolitan","BROOKLYN PARK","5032","CITY OF WEST TORRENS",3,0,0,0,0,2018,"May","Tuesday","08:50 am","060","Divided Road","Straight road","Level","Not Applicable","Sealed","Dry","Not Raining","Daylight","Rear End","02","Driver Rider","1: PDO","No Control","","",1324059.94,1670051.2,"13240601670051"
"2018-4626-27/05/2021","2 Metropolitan","KLEMZIG","5087","CITY OF PORT ADELAIDE ENFIELD",2,1,0,0,1,2018,"May","Tuesday","03:15 pm","060","T-Junction","Straight road","Slope","Not Applicable","Sealed","Dry","Not Raining","Daylight","Hit Pedestrian","01","Driver Rider","2: MI","No Control","","",1331789.19,1675971.38,"13317891675971"
"2018-4627-27/05/2021","2 Metropolitan","MOUNT BARKER","5251","DC MT.BARKER.                 ",2,1,0,0,1,2018,"May","Tuesday","03:00 pm","060","Not Divided","Straight road","Level","Not Applicable","Sealed","Dry","Not Raining","Daylight","Hit Pedestrian","02","Pedestrian","2: MI","No Control","","",1352242.45,1652729.91,"13522421652730"
"2018-4628-27/05/2021","2 Metropolitan","REGENCY PARK","5010","CITY OF PORT ADELAIDE ENFIELD",2,1,0,0,1,2018,"May","Tuesday","04:35 pm","060","T-Junction","Straight road","Level","Not Applicable","Sealed","Dry","Not Raining","Daylight","Right Angle","01","Driver Rider","2: MI","No Control","","",1325994.09,1677616.53,"13259941677617"
"2018-4629-27/05/2021","2 Metropolitan","MCLAREN VALE","5171","CITY OF ONKAPARINGA",2,0,0,0,0,2018,"May","Tuesday","04:20 pm","050","T-Junction","Straight road","Crest of Hill","Not Applicable","Sealed","Dry","Not Raining","Daylight","Rear End","02","Driver Rider","1: PDO","No Control","","",1322729.98,1638005.2,"13227301638005"
"2018-4630-27/05/2021","2 Metropolitan","MARRYATVILLE","5068","CC OF NORWOOD,PAYNEHAM & ST PETERS",2,1,0,0,1,2018,"May","Monday","05:45 pm","060","Cross Road","Straight road","Level","Not Applicable","Sealed","Wet","Raining","Night","Rear End","01","Driver Rider","2: MI","Traffic Signals","","",1332269.85,1670409.71,"13322701670410"
"2018-4631-27/05/2021","2 Metropolitan","PROSPECT","5082","CITY OF PROSPECT",2,0,0,0,0,2018,"May","Tuesday","02:40 pm","050","T-Junction","Straight road","Level","Not Applicable","Sealed","Dry","Not Raining","Daylight","Rear End","02","Driver Rider","1: PDO","Traffic Signals","","",1328084.79,1675266.43,"13280851675266"
"2018-4632-27/05/2021","2 Metropolitan","SEATON","5023","CITY OF CHARLES STURT",2,0,0,0,0,2018,"May","Tuesday","02:20 pm","060","T-Junction","Straight road","Level","Not Applicable","Sealed","Dry","Not Raining","Daylight","Right Turn","01","Driver Rider","1: PDO","No Control","","",1320719.15,1675487.17,"13207191675487"
"2018-4633-27/05/2021","2 Metropolitan","WYNN VALE","5127","CITY OF TEA TREE GULLY",2,1,0,0,1,2018,"May","Tuesday","05:15 pm","060","T-Junction","Straight road","Level","Not Applicable","Sealed","Dry","Not Raining","Daylight","Right Angle","01","Driver Rider","2: MI","No Control","","",1337212.91,1684934.56,"13372131684935"
"2018-4634-27/05/2021","2 Metropolitan","PARALOWIE","5108","CITY OF SALISBURY",2,0,0,0,0,2018,"May","Tuesday","06:11 pm","060","T-Junction","Straight road","Level","Not Applicable","Sealed","Dry","Not Raining","Night","Hit Pedestrian","01","Driver Rider","1: PDO","No Control","Y","",1330417.01,1690613.34,"13304171690613"
"2018-4635-27/05/2021","2 Metropolitan","PLYMPTON","5038","CITY OF WEST TORRENS",4,0,0,0,0,2018,"May","Tuesday","05:20 pm","060","Cross Road","Straight road","Level","Not Applicable","Sealed","Dry","Not Raining","Daylight","Rear End","01","Driver Rider","1: PDO","Traffic Signals","","",1325025.08,1667143.05,"13250251667143"
"2018-4636-27/05/2021","2 Metropolitan","SEAFORD","5169","CITY OF ONKAPARINGA",2,1,0,0,1,2018,"May","Tuesday","04:25 pm","070","Cross Road","Straight road","Level","Not Applicable","Sealed","Dry","Not Raining","Daylight","Rear End","01","Driver Rider","2: MI","Traffic Signals","","",1316371.66,1642084.36,"13163721642084"
"2018-4637-27/05/2021","2 Metropolitan","BLAKEVIEW","5114","CITY OF PLAYFORD.",2,2,0,0,2,2018,"May","Tuesday","06:50 pm","060","Cross Road","Straight road","Level","Not Applicable","Sealed","Dry","Not Raining","Night","Right Angle","02","Driver Rider","2: MI","Roundabout","","",1338775.13,1697350.72,"13387751697351"
"2018-4638-27/05/2021","2 Metropolitan","LITTLEHAMPTON","5250","DC MT.BARKER.                 ",3,0,0,0,0,2018,"May","Tuesday","08:00 pm","050","Cross Road","Straight road","Slope","Not Applicable","Sealed","Dry","Not Raining","Night","Right Angle","02","Driver Rider","1: PDO","Roundabout","","",1352131.8,1656203.59,"13521321656204"
"2018-4639-27/05/2021","3 Country","MORGAN","5320","MID MURRAY DISTRICT COUNCIL",1,0,0,0,0,2018,"May","Tuesday","04:20 pm","110","Not Divided","CURVED, VIEW OPEN","Level","Not Applicable","Sealed","Dry","Not Raining","Daylight","Roll Over","01","Driver Rider","1: PDO","No Control","","",1428466.88,1770476.18,"14284671770476"
"2018-4640-27/05/2021","2 Metropolitan","FLINDERS PARK","5025","CITY OF CHARLES STURT",3,0,0,0,0,2018,"May","Tuesday","11:00 pm","050","Cross Road","Straight road","Level","Not Applicable","Sealed","Dry","Not Raining","Night","Hit Fixed Object","01","Driver Rider","1: PDO","Traffic Signals","Y","",1323866.81,1672390.84,"13238671672391"
"2018-4641-27/05/2021","2 Metropolitan","WOODVILLE WEST","5011","CITY OF CHARLES STURT",4,0,0,0,0,2018,"May","Wednesday","02:00 am","060","Not Divided","Straight road","Level","Not Applicable","Sealed","Dry","Not Raining","Night","Hit Fixed Object","01","Driver Rider","1: PDO","No Control","","",1322354.87,1675790.33,"13223551675790"
"2018-4642-27/05/2021","2 Metropolitan","ELIZABETH VALE","5112","CITY OF PLAYFORD.",2,0,0,0,0,2018,"May","Wednesday","01:00 am","060","Cross Road","Straight road","Level","Not Applicable","Sealed","Dry","Not Raining","Night","Hit Fixed Object","01","Driver Rider","1: PDO","Roundabout","","",1334368.03,1689791.76,"13343681689792"
"2018-4643-27/05/2021","2 Metropolitan","PARALOWIE","5108","CITY OF SALISBURY",2,0,0,0,0,2018,"May","Wednesday","06:35 am","090","Divided Road","Straight road","Level","Not Applicable","Sealed","Dry","Not Raining","Night","Rear End","02","Driver Rider","1: PDO","No Control","","",1328400.03,1688929.83,"13284001688930"
"2018-4644-27/05/2021","3 Country","MOUNT GAMBIER","5290","CC MT.GAMBIER.                ",3,0,0,0,0,2018,"May","Wednesday","07:10 am","050","Not Divided","Straight road","Level","Not Applicable","Sealed","Wet","Not Raining","Daylight","Hit Parked Vehicle","01","Driver Rider","1: PDO","No Control","","",1508495.88,1340948.58,"15084961340949"
"2018-4645-27/05/2021","2 Metropolitan","DERNANCOURT","5075","CITY OF TEA TREE GULLY",2,0,0,0,0,2018,"May","Wednesday","08:04 am","060","Divided Road","Straight road","Level","Driveway or Entrance","Sealed","Dry","Not Raining","Daylight","Right Angle","01","Driver Rider","1: PDO","No Control","","",1336275.89,1677507.77,"13362761677508"
"2018-4646-27/05/2021","3 Country","CUNLIFFE","5554","COPPER COAST DISTRICT COUNCIL",2,0,0,0,0,2018,"May","Wednesday","08:30 am","100","Not Divided","Straight road","Level","Not Applicable","Sealed","Dry","Not Raining","Daylight","Hit Animal","02","Animal","1: PDO","No Control","","",1252996.6,1765578.96,"12529971765579"
"2018-4647-27/05/2021","2 Metropolitan","GLENELG","5045","CITY OF HOLDFAST BAY",2,1,0,0,1,2018,"May","Wednesday","08:30 am","040","Cross Road","Straight road","Level","Not Applicable","Sealed","Dry","Not Raining","Daylight","Rear End","02","Driver Rider","2: MI","Stop Sign","","",1320375.75,1664881.97,"13203761664882"
"2018-4648-27/05/2021","3 Country","BALAKLAVA","5461","WAKEFIELD REGIONAL COUNCIL",1,0,0,0,0,2018,"May","Wednesday","07:00 am","100","Not Divided","Straight road","Level","Not Applicable","Sealed","Dry","Not Raining","Daylight","Left Road - Out of Control","01","Driver Rider","1: PDO","No Control","","",1315603.32,1755104,"13156031755104"
"2018-4649-27/05/2021","2 Metropolitan","PAYNEHAM","5070","CC OF NORWOOD,PAYNEHAM & ST PETERS",2,1,0,0,1,2018,"May","Wednesday","08:45 am","050","Cross Road","Straight road","Level","Not Applicable","Sealed","Dry","Not Raining","Daylight","Right Angle","01","Driver Rider","2: MI","Stop Sign","","",1332733.34,1673383.67,"13327331673384"
"2018-4650-27/05/2021","2 Metropolitan","CHRISTIES BEACH","5165","CITY OF ONKAPARINGA",2,0,0,0,0,2018,"May","Saturday","03:40 pm","050","Not Divided","Straight road","Level","Not Applicable","Sealed","Dry","Not Raining","Daylight","Hit Parked Vehicle","02","Driver Rider","1: PDO","No Control","","",1315954.71,1647164.27,"13159551647164"
"2018-4651-27/05/2021","2 Metropolitan","GAWLER SOUTH","5118","CT GAWLER.                    ",2,2,0,0,2,2018,"May","Wednesday","07:15 am","050","Not Divided","CURVED, VIEW OPEN","Slope","Not Applicable","Sealed","Dry","Not Raining","Daylight","Head On","01","Driver Rider","2: MI","No Control","","",1343517.23,1704390.8,"13435171704391"
"2018-4652-27/05/2021","3 Country","LYNDOCH","5351","THE BAROSSA COUNCIL.",2,1,0,1,0,2018,"April","Tuesday","05:30 am","050","Not Divided","CURVED, VIEW OPEN","Level","Not Applicable","Sealed","Dry","Not Raining","Night","Hit Pedestrian","02","Driver Rider","3: SI","No Control","","",1356359.3,1705326.72,"13563591705327"
"2018-4653-27/05/2021","2 Metropolitan","PORT ADELAIDE","5015","CITY OF PORT ADELAIDE ENFIELD",2,0,0,0,0,2018,"May","Wednesday","11:45 am","050","T-Junction","Straight road","Level","Not Applicable","Sealed","Dry","Not Raining","Daylight","Right Angle","02","Driver Rider","1: PDO","No Control","","",1320328.68,1679617.35,"13203291679617"
"2018-4654-27/05/2021","2 Metropolitan","KENT TOWN","5067","CC OF NORWOOD,PAYNEHAM & ST PETERS",2,0,0,0,0,2018,"May","Wednesday","11:30 am","060","T-Junction","Straight road","Level","Not Applicable","Sealed","Dry","Not Raining","Daylight","Rear End","02","Driver Rider","1: PDO","Roundabout","","",1330555.43,1670400.29,"13305551670400"
"2018-4655-27/05/2021","3 Country","MOUNT GAMBIER","5290","CC MT.GAMBIER.                ",2,1,0,0,1,2018,"May","Wednesday","01:00 pm","060","Divided Road","Straight road","Level","Not Applicable","Sealed","Dry","Not Raining","Daylight","Rear End","02","Driver Rider","2: MI","No Control","","",1508457.07,1341625.93,"15084571341626"
"2018-4656-27/05/2021","3 Country","WANILLA","5607","DC LOWER EYRE PENINSULA       ",1,0,0,0,0,2018,"May","Sunday","09:45 am","110","T-Junction","CURVED, VIEW OPEN","Slope","Not Applicable","Sealed","Dry","Not Raining","Daylight","Roll Over","01","Driver Rider","1: PDO","No Control","","",1060493.68,1717993.61,"10604941717994"
"2018-4657-27/05/2021","3 Country","MALLALA","5502","DC MALLALA.                   ",2,1,0,1,0,2018,"May","Wednesday","12:19 pm","050","Not Divided","Straight road","Level","Not Applicable","Sealed","Dry","Not Raining","Daylight","Hit Animal","02","Animal","3: SI","No Control","","",1322290.06,1724713.73,"13222901724714"
"2018-4658-27/05/2021","3 Country","NURIOOTPA","5355","THE BAROSSA COUNCIL.",2,1,0,0,1,2018,"May","Wednesday","01:30 pm","050","Cross Road","Straight road","Level","Not Applicable","Sealed","Dry","Not Raining","Daylight","Right Turn","01","Driver Rider","2: MI","Give Way Sign","","",1368161.01,1720676.13,"13681611720676"
"2018-4659-27/05/2021","2 Metropolitan","KENSINGTON","5068","CC OF NORWOOD,PAYNEHAM & ST PETERS",2,0,0,0,0,2018,"May","Tuesday","05:00 pm","050","T-Junction","Straight road","Level","Not Applicable","Sealed","Dry","Not Raining","Daylight","Hit Fixed Object","01","Driver Rider","1: PDO","No Control","","",1332302.97,1670540.58,"13323031670541"
"2018-4660-27/05/2021","2 Metropolitan","MODBURY","5092","CITY OF TEA TREE GULLY",2,0,0,0,0,2018,"May","Wednesday","12:20 pm","060","T-Junction","Straight road","Level","Not Applicable","Sealed","Dry","Not Raining","Daylight","Side Swipe","02","Driver Rider","1: PDO","No Control","","",1336892.09,1680277.31,"13368921680277"
"2018-4661-27/05/2021","2 Metropolitan","HINDMARSH","5007","CITY OF CHARLES STURT",2,0,0,0,0,2018,"May","Tuesday","04:00 pm","060","Divided Road","Straight road","Level","Driveway or Entrance","Sealed","Dry","Not Raining","Daylight","Side Swipe","01","Driver Rider","1: PDO","No Control","","",1326322.32,1672732.55,"13263221672733"
"2018-4662-27/05/2021","3 Country","PORT LINCOLN","5606","CC PT.LINCOLN.                ",2,0,0,0,0,2018,"May","Tuesday","02:36 pm","060","Not Divided","Straight road","Level","Not Applicable","Sealed","Dry","Not Raining","Daylight","Rear End","02","Driver Rider","1: PDO","No Control","","",1078227.65,1697208.46,"10782281697208"
"2018-4663-27/05/2021","2 Metropolitan","SMITHFIELD","5114","CITY OF PLAYFORD.",2,2,0,0,2,2018,"May","Wednesday","04:00 pm","080","Divided Road","Straight road","Level","Median Opening (not at I/S)","Sealed","Dry","Not Raining","Daylight","Side Swipe","01","Driver Rider","2: MI","No Control","","",1337831.71,1697042.19,"13378321697042"
"2018-4664-27/05/2021","3 Country","TINTINARA","5266","COORONG DISTRICT COUNCIL",2,0,0,0,0,2018,"May","Wednesday","02:10 pm","060","T-Junction","Straight road","Level","Not Applicable","Sealed","Dry","Not Raining","Daylight","Right Angle","01","Driver Rider","1: PDO","Give Way Sign","","",1456616.74,1558929.44,"14566171558929"
"2018-4665-27/05/2021","2 Metropolitan","TONSLEY","5042","CC MITCHAM.                   ",2,1,0,0,1,2018,"February","Wednesday","08:15 am","060","Divided Road","Straight road","Level","Not Applicable","Sealed","Dry","Not Raining","Daylight","Rear End","02","Driver Rider","2: MI","No Control","","",1326000.03,1662030.51,"13260001662031"
"2018-4666-27/05/2021","2 Metropolitan","PARADISE","5075","CC CAMPBELLTOWN.              ",2,0,0,0,0,2018,"May","Wednesday","05:04 pm","060","T-Junction","Straight road","Level","Not Applicable","Sealed","Wet","Raining","Daylight","Right Angle","01","Driver Rider","1: PDO","No Control","","",1335948.59,1676647.75,"13359491676648"
"2018-4667-27/05/2021","1 City","ADELAIDE","5000","CITY OF ADELAIDE",3,1,0,0,1,2018,"May","Wednesday","05:40 pm","050","Cross Road","Straight road","Level","Not Applicable","Sealed","Dry","Not Raining","Night","Rear End","01","Driver Rider","2: MI","Traffic Signals","","",1327978.27,1670807.29,"13279781670807"
"2018-4668-27/05/2021","1 City","ADELAIDE","5000","CITY OF ADELAIDE",2,0,0,0,0,2018,"May","Wednesday","06:40 pm","050","Divided Road","Straight road","Slope","Not Applicable","Sealed","Wet","Raining","Night","Side Swipe","01","Driver Rider","1: PDO","No Control","","",1328431.2,1671147.18,"13284311671147"
"2018-4669-27/05/2021","3 Country","COBDOGLA","5346","THE BERRI BARMERA COUNCIL",1,1,0,0,1,2018,"May","Wednesday","02:37 pm","110","Not Divided","Straight road","Level","Not Applicable","Sealed","Dry","Not Raining","Daylight","Roll Over","01","Driver Rider","2: MI","No Control","","",1498510.3,1739190.16,"14985101739190"
"2018-4670-27/05/2021","2 Metropolitan","CAVAN","5094","CITY OF SALISBURY",2,0,0,0,0,2018,"May","Wednesday","05:10 pm","070","Cross Road","Straight road","Level","Not Applicable","Sealed","Dry","Not Raining","Daylight","Rear End","02","Driver Rider","1: PDO","Traffic Signals","","",1328738.31,1681559.52,"13287381681560"
"2018-4671-27/05/2021","2 Metropolitan","PARA HILLS WEST","5096","CITY OF SALISBURY",2,0,0,0,0,2018,"May","Wednesday","07:00 pm","080","Divided Road","Straight road","Level","Not Applicable","Sealed","Dry","Not Raining","Night","Rear End","01","Driver Rider","1: PDO","No Control","","",1332679.74,1684586.55,"13326801684587"
"2018-4672-27/05/2021","2 Metropolitan","VALE PARK","5081","WALKERVILLE TOWN COUNCIL",2,0,0,0,0,2018,"May","Wednesday","06:25 pm","060","Divided Road","Straight road","Level","Not Applicable","Sealed","Dry","Not Raining","Night","Side Swipe","02","Driver Rider","1: PDO","No Control","","",1330694.67,1675310.48,"13306951675310"
"2018-4673-27/05/2021","2 Metropolitan","HACKHAM","5163","CITY OF ONKAPARINGA",2,0,0,0,0,2018,"May","Wednesday","06:20 pm","060","Not Divided","Straight road","Level","Driveway or Entrance","Sealed","Wet","Raining","Night","Rear End","01","Driver Rider","1: PDO","No Control","","",1320975.28,1646372.55,"13209751646373"
"2018-4674-27/05/2021","2 Metropolitan","KESWICK","5035","CITY OF WEST TORRENS",2,0,0,0,0,2018,"May","Wednesday","05:11 pm","050","T-Junction","Straight road","Level","Not Applicable","Sealed","Dry","Not Raining","Daylight","Right Angle","01","Driver Rider","1: PDO","No Control","","",1326455.47,1668497.87,"13264551668498"
"2018-4675-27/05/2021","2 Metropolitan","BLAKEVIEW","5114","CITY OF PLAYFORD.",2,0,0,0,0,2018,"May","Tuesday","08:30 am","025","T-Junction","Straight road","Level","Not Applicable","Sealed","Dry","Not Raining","Daylight","Right Angle","02","Driver Rider","1: PDO","No Control","","",1339039.48,1697467.56,"13390391697468"