"REPORT_ID","Stats Area","Suburb","Postcode","LGA Name","Total Units","Total Cas","Total Fats","Total SI","Total MI","Year","Month","Day","Time","Area Speed","Position Type","Horizontal Align","Vertical Align","Other Feat","Road Surface","Moisture Cond","Weather Cond","DayNight","Crash Type","Unit Resp","Entity Code","CSEF Severity","Traffic Ctrls","DUI Involved","Drugs Involved","ACCLOC_X","ACCLOC_Y","UNIQUE_LOC"
"2018-5408-27/05/2021","2 Metropolitan","WATERLOO CORNER","5110","CITY OF SALISBURY",2,0,0,0,0,2018,"May","Monday","04:57 pm","090","Divided Road","Straight road","Level","Not Applicable","Sealed","Dry","Not Raining","Daylight","Side Swipe","02","Driver Rider","1: PDO","No Control","","",1327838.61,1691243.71,"13278391691244"
"2018-5409-27/05/2021","2 Metropolitan","TEA TREE GULLY","5091","CITY OF TEA TREE GULLY",2,2,0,0,2,2018,"May","Monday","06:10 pm","050","Cross Road","Straight road","Level","Not Applicable","Sealed","Wet","Raining","Night","Rear End","02","Driver Rider","2: MI","Roundabout","","",1340302.31,1682473.55,"13403021682474"
"2018-5410-27/05/2021","2 Metropolitan","KESWICK","5035","CITY OF WEST TORRENS",2,1,0,0,1,2018,"May","Monday","01:45 pm","060","Divided Road","Straight road","Level","Not Applicable","Sealed","Dry","Not Raining","Daylight","Rear End","02","Driver Rider","2: MI","No Control","","",1325795.08,1668899.22,"13257951668899"
"2018-5411-27/05/2021","2 Metropolitan","BEAUMONT","5066","CITY OF BURNSIDE",2,0,0,0,0,2018,"May","Monday","03:00 pm","050","Cross Road","Straight road","Level","Not Applicable","Sealed","Dry","Not Raining","Daylight","Hit Fixed Object","01","Driver Rider","1: PDO","Give Way Sign","","",1333188.24,1667294.83,"13331881667295"
"2018-5412-27/05/2021","2 Metropolitan","DIREK","5110","CITY OF SALISBURY",2,0,0,0,0,2018,"May","Monday","04:25 pm","080","T-Junction","Straight road","Level","Not Applicable","Sealed","Dry","Not Raining","Daylight","Right Angle","02","Driver Rider","1: PDO","No Control","","",1329120.97,1693448.18,"13291211693448"
"2018-5413-27/05/2021","2 Metropolitan","ST MORRIS","5068","CC OF NORWOOD,PAYNEHAM & ST PETERS",2,0,0,0,0,2018,"May","Wednesday","01:15 pm","060","Divided Road","Straight road","Level","Not Applicable","Sealed","Dry","Not Raining","Daylight","Rear End","01","Driver Rider","1: PDO","No Control","","",1333835.34,1672473.53,"13338351672474"
"2018-5414-27/05/2021","1 City","ADELAIDE","5000","CITY OF ADELAIDE",2,0,0,0,0,2018,"May","Monday","04:47 pm","060","T-Junction","Straight road","Level","Not Applicable","Sealed","Dry","Not Raining","Daylight","Side Swipe","01","Driver Rider","1: PDO","Traffic Signals","","",1327137.37,1671204.31,"13271371671204"
"2018-5415-27/05/2021","2 Metropolitan","MILE END","5031","CITY OF WEST TORRENS",3,0,0,0,0,2018,"May","Monday","04:40 pm","060","T-Junction","Straight road","Level","Not Applicable","Sealed","Dry","Not Raining","Daylight","Rear End","01","Driver Rider","1: PDO","No Control","","",1325746.41,1671137.94,"13257461671138"
"2018-5416-27/05/2021","2 Metropolitan","SALISBURY DOWNS","5108","CITY OF SALISBURY",6,0,0,0,0,2018,"May","Monday","07:30 pm","050","Not Divided","Straight road","Level","Driveway or Entrance","Sealed","Wet","Not Raining","Night","Hit Parked Vehicle","01","Driver Rider","1: PDO","No Control","","",1330540.29,1687690.91,"13305401687691"
"2018-5417-27/05/2021","2 Metropolitan","URRBRAE","5064","CC MITCHAM.                   ",2,0,0,0,0,2018,"May","Monday","06:15 pm","060","Cross Road","Straight road","Level","Not Applicable","Sealed","Dry","Not Raining","Night","Right Turn","02","Driver Rider","1: PDO","Traffic Signals","","",1330786.89,1665600.37,"13307871665600"
"2018-5418-27/05/2021","3 Country","STRUAN","5271","DC NARACOORTE & LUCINDALE.",2,2,1,0,1,2018,"May","Monday","06:30 pm","110","Not Divided","Straight road","Level","Not Applicable","Sealed","Wet","Raining","Night","Head On","01","Driver Rider","4: Fatal","No Control","","Y",1514553.48,1423302.26,"15145531423302"
"2018-5419-27/05/2021","2 Metropolitan","OVINGHAM","5082","CITY OF CHARLES STURT",3,1,0,0,1,2018,"May","Monday","05:00 pm","060","Divided Road","Straight road","Level","Not Applicable","Sealed","Dry","Not Raining","Daylight","Rear End","02","Driver Rider","2: MI","No Control","","",1327095.11,1673255.69,"13270951673256"
"2018-5420-27/05/2021","2 Metropolitan","WINGFIELD","5013","CITY OF PORT ADELAIDE ENFIELD",2,1,0,0,1,2018,"May","Monday","09:00 pm","060","Cross Road","Straight road","Level","Not Applicable","Sealed","Wet","Raining","Night","Rear End","02","Driver Rider","2: MI","Traffic Signals","","Y",1325526.71,1679203.7,"13255271679204"
"2018-5421-27/05/2021","2 Metropolitan","SALISBURY EAST","5109","CITY OF SALISBURY",2,0,0,0,0,2018,"May","Monday","07:15 pm","080","Cross Road","Straight road","Level","Not Applicable","Sealed","Wet","Not Raining","Night","Side Swipe","01","Driver Rider","1: PDO","Traffic Signals","","",1333995.93,1686285.66,"13339961686286"
"2018-5422-27/05/2021","2 Metropolitan","KILBURN","5084","CITY OF PORT ADELAIDE ENFIELD",2,0,0,0,0,2018,"May","Monday","09:50 pm","050","Not Divided","Straight road","Level","Not Applicable","Sealed","Wet","Raining","Night","Hit Parked Vehicle","01","Driver Rider","1: PDO","No Control","","",1327266.89,1678618.2,"13272671678618"
"2018-5423-27/05/2021","2 Metropolitan","EDINBURGH NORTH","5113","CITY OF PLAYFORD.",3,1,0,0,1,2018,"May","Tuesday","03:00 am","060","Not Divided","Straight road","Level","Not Applicable","Sealed","Wet","Not Raining","Night","Hit Fixed Object","01","Driver Rider","2: MI","No Control","","",1335173.66,1695159.87,"13351741695160"
"2018-5424-27/05/2021","1 City","ADELAIDE","5000","CITY OF ADELAIDE",2,0,0,0,0,2018,"May","Tuesday","12:10 am","050","Cross Road","Straight road","Level","Not Applicable","Sealed","Wet","Raining","Night","Right Angle","02","Driver Rider","1: PDO","Traffic Signals","","",1327978.27,1670807.29,"13279781670807"
"2018-5425-27/05/2021","2 Metropolitan","COLLINSWOOD","5081","CITY OF PROSPECT",3,0,0,0,0,2018,"May","Monday","10:50 am","060","T-Junction","Straight road","Level","Not Applicable","Sealed","Dry","Not Raining","Daylight","Right Angle","01","Driver Rider","1: PDO","No Control","","",1329822.79,1674653.66,"13298231674654"
"2018-5426-27/05/2021","2 Metropolitan","MAWSON LAKES","5095","CITY OF SALISBURY",2,0,0,0,0,2018,"May","Monday","11:10 pm","070","T-Junction","CURVED, VIEW OPEN","Level","Not Applicable","Sealed","Wet","Not Raining","Night","Hit Fixed Object","01","Driver Rider","1: PDO","Traffic Signals","","",1328697.75,1683414.9,"13286981683415"
"2018-5427-27/05/2021","2 Metropolitan","PARALOWIE","5108","CITY OF SALISBURY",3,0,0,0,0,2018,"May","Tuesday","06:40 am","090","Divided Road","Straight road","Level","Not Applicable","Sealed","Dry","Not Raining","Night","Rear End","01","Driver Rider","1: PDO","No Control","","",1328417.8,1688856.98,"13284181688857"
"2018-5428-27/05/2021","2 Metropolitan","SMITHFIELD","5114","CITY OF PLAYFORD.",3,1,0,0,1,2018,"May","Tuesday","06:15 am","025","Divided Road","Straight road","Level","Roadworks","Sealed","Dry","Not Raining","Night","Rear End","02","Driver Rider","2: MI","No Control","","",1338104.06,1697484.3,"13381041697484"
"2018-5429-27/05/2021","2 Metropolitan","SEAFORD","5169","CITY OF ONKAPARINGA",2,0,0,0,0,2018,"May","Tuesday","08:05 am","050","Pedestrian Crossing","Straight road","Level","Not Applicable","Sealed","Dry","Not Raining","Daylight","Right Angle","01","Driver Rider","1: PDO","No Control","","",1316663.05,1641972.68,"13166631641973"
"2018-5430-27/05/2021","2 Metropolitan","MYRTLE BANK","5064","CITY OF UNLEY",2,1,0,0,1,2018,"May","Monday","05:45 am","060","Not Divided","Straight road","Level","Not Applicable","Sealed","Wet","Not Raining","Night","Rear End","02","Driver Rider","2: MI","No Control","","",1332246.38,1666570.93,"13322461666571"
"2018-5431-27/05/2021","2 Metropolitan","EDWARDSTOWN","5039","CC MARION.                    ",2,1,0,0,1,2018,"May","Monday","03:00 pm","060","T-Junction","Straight road","Level","Not Applicable","Sealed","Dry","Not Raining","Daylight","Rear End","02","Driver Rider","2: MI","Traffic Signals","","",1325923.86,1664392.42,"13259241664392"
"2018-5432-27/05/2021","2 Metropolitan","PARADISE","5075","CC CAMPBELLTOWN.              ",2,0,0,0,0,2018,"May","Tuesday","07:53 am","060","Divided Road","CURVED, VIEW OPEN","Level","Not Applicable","Sealed","Dry","Not Raining","Daylight","Rear End","02","Driver Rider","1: PDO","No Control","","",1334338.85,1677151.25,"13343391677151"
"2018-5433-27/05/2021","2 Metropolitan","LEABROOK","5068","CITY OF BURNSIDE",2,1,0,0,1,2018,"May","Monday","02:00 pm","060","Not Divided","Straight road","Level","Not Applicable","Sealed","Dry","Not Raining","Daylight","Rear End","02","Driver Rider","2: MI","No Control","","",1333901.27,1670391.5,"13339011670392"
"2018-5434-27/05/2021","2 Metropolitan","GILLMAN","5013","CITY OF PORT ADELAIDE ENFIELD",2,0,0,0,0,2018,"May","Monday","03:05 pm","050","Not Divided","Straight road","Level","Driveway or Entrance","Sealed","Dry","Not Raining","Daylight","Rear End","02","Driver Rider","1: PDO","No Control","","",1322429.44,1680661.28,"13224291680661"
"2018-5435-27/05/2021","2 Metropolitan","HAWTHORNDENE","5051","CC MITCHAM.                   ",2,0,0,0,0,2018,"May","Tuesday","09:40 am","050","T-Junction","CURVED, VIEW OPEN","Crest of Hill","Not Applicable","Sealed","Wet","Not Raining","Daylight","Right Angle","01","Driver Rider","1: PDO","Stop Sign","","",1330046.87,1659778.23,"13300471659778"
"2018-5436-27/05/2021","2 Metropolitan","WEST HINDMARSH","5007","CITY OF CHARLES STURT",2,0,0,0,0,2018,"May","Monday","11:25 am","060","Cross Road","Straight road","Level","Not Applicable","Sealed","Dry","Not Raining","Daylight","Side Swipe","02","Driver Rider","1: PDO","Traffic Signals","","",1325467.16,1673137.63,"13254671673138"
"2018-5437-27/05/2021","3 Country","PORT WAKEFIELD","5550","WAKEFIELD REGIONAL COUNCIL",2,0,0,0,0,2018,"May","Tuesday","07:00 am","080","Divided Road","CURVED, VIEW OPEN","Level","Not Applicable","Sealed","Dry","Not Raining","Night","Hit Fixed Object","01","Driver Rider","1: PDO","No Control","","",1290527.17,1753297.68,"12905271753298"
"2018-5438-27/05/2021","2 Metropolitan","BUCKLAND PARK","5120","CITY OF PLAYFORD.",3,1,0,0,1,2018,"May","Tuesday","10:50 am","110","Divided Road","Straight road","Level","Not Applicable","Sealed","Dry","Not Raining","Daylight","Rear End","01","Driver Rider","2: MI","No Control","","",1324538.39,1699658.39,"13245381699658"
"2018-5439-27/05/2021","2 Metropolitan","CLARENCE GARDENS","5039","CC MITCHAM.                   ",5,3,0,0,3,2018,"May","Tuesday","09:01 am","060","Rail Xing","Straight road","Crest of Hill","Bridge, Culvert, Causeway","Sealed","Dry","Not Raining","Daylight","Rear End","01","Driver Rider","2: MI","Traffic Signals","","",1325860.68,1666155.91,"13258611666156"
"2018-5440-27/05/2021","2 Metropolitan","PARKSIDE","5063","CITY OF UNLEY",2,0,0,0,0,2018,"May","Monday","09:25 am","050","Cross Road","Straight road","Level","Not Applicable","Sealed","Dry","Not Raining","Daylight","Side Swipe","02","Driver Rider","1: PDO","Traffic Signals","","",1329603.75,1668978.88,"13296041668979"
"2018-5441-27/05/2021","2 Metropolitan","NOARLUNGA CENTRE","5168","CITY OF ONKAPARINGA",2,0,0,0,0,2018,"May","Tuesday","11:50 am","060","T-Junction","Straight road","Level","Not Applicable","Sealed","Wet","Not Raining","Daylight","Right Turn","02","Driver Rider","1: PDO","Traffic Signals","","",1318788.81,1647471.6,"13187891647472"
"2018-5442-27/05/2021","2 Metropolitan","KINGSWOOD","5062","CC MITCHAM.                   ",2,1,0,0,1,2018,"May","Tuesday","11:30 am","060","T-Junction","Straight road","Level","Not Applicable","Sealed","Dry","Not Raining","Daylight","Rear End","02","Driver Rider","2: MI","Stop Sign","","",1329155.47,1665574.56,"13291551665575"
"2018-5443-27/05/2021","2 Metropolitan","GEPPS CROSS","5094","CITY OF PORT ADELAIDE ENFIELD",3,0,0,0,0,2018,"May","Tuesday","12:12 pm","060","Divided Road","Straight road","Slope","Not Applicable","Sealed","Wet","Raining","Daylight","Rear End","01","Driver Rider","1: PDO","No Control","","",1329539.48,1679283.67,"13295391679284"
"2018-5444-27/05/2021","2 Metropolitan","WATTLE PARK","5066","CITY OF BURNSIDE",2,3,0,0,3,2018,"May","Tuesday","08:55 am","050","Cross Road","Straight road","Slope","Not Applicable","Sealed","Dry","Not Raining","Daylight","Right Angle","02","Driver Rider","2: MI","Give Way Sign","","",1335246.65,1670343.96,"13352471670344"
"2018-5445-27/05/2021","2 Metropolitan","SCOTT CREEK","5153","THE ADELAIDE HILLS COUNCIL",2,1,0,0,1,2018,"May","Tuesday","10:20 am","060","Not Divided","CURVED, VIEW OBSCURED","Slope","Not Applicable","Sealed","Unknown","Unknown","Daylight","Hit Fixed Object","01","Driver Rider","2: MI","No Control","","",1337096.9,1655544.65,"13370971655545"
"2018-5446-27/05/2021","2 Metropolitan","MILE END","5031","CITY OF WEST TORRENS",2,0,0,0,0,2018,"May","Monday","02:35 pm","060","Cross Road","Straight road","Level","Not Applicable","Sealed","Dry","Not Raining","Daylight","Side Swipe","01","Driver Rider","1: PDO","Give Way Sign","","",1325749.1,1670558.92,"13257491670559"
"2018-5447-27/05/2021","3 Country","RISDON PARK","5540","PT.PIRIE CITY & DIST. COUNCIL ",2,0,0,0,0,2018,"May","Tuesday","08:00 am","050","Cross Road","Straight road","Level","Not Applicable","Sealed","Dry","Not Raining","Daylight","Right Angle","02","Driver Rider","1: PDO","Give Way Sign","","",1279452.86,1864085.01,"12794531864085"
"2018-5448-27/05/2021","3 Country","MOUNT GAMBIER","5290","CC MT.GAMBIER.                ",3,0,0,0,0,2018,"May","Tuesday","01:45 pm","050","Cross Road","Straight road","Level","Not Applicable","Sealed","Dry","Not Raining","Daylight","Right Angle","01","Driver Rider","1: PDO","Traffic Signals","","",1509991.76,1339982.6,"15099921339983"
"2018-5449-27/05/2021","1 City","ADELAIDE","5000","CITY OF ADELAIDE",2,1,0,0,1,2018,"May","Monday","12:00 pm","050","One Way","Straight road","Level","Driveway or Entrance","Sealed","Dry","Not Raining","Daylight","Right Angle","01","Driver Rider","2: MI","No Control","","",1328846.55,1670748.61,"13288471670749"
"2018-5450-27/05/2021","2 Metropolitan","URRBRAE","5064","CC MITCHAM.                   ",2,0,0,0,0,2018,"May","Friday","10:10 am","060","Cross Road","Straight road","Level","Not Applicable","Sealed","Dry","Not Raining","Daylight","Rear End","02","Driver Rider","1: PDO","Traffic Signals","","",1332373.16,1666370.92,"13323731666371"
"2018-5451-27/05/2021","3 Country","STOCKPORT","5410","CLARE AND GILBERT VALLEYS DISTRICT COUNCIL",2,1,0,0,1,2018,"May","Monday","06:45 pm","100","Not Divided","CURVED, VIEW OPEN","Level","Not Applicable","Sealed","Dry","Not Raining","Night","Head On","02","Driver Rider","2: MI","No Control","","",1339350.41,1734066.6,"13393501734067"
"2018-5452-27/05/2021","3 Country","TINTINARA","5266","COORONG DISTRICT COUNCIL",2,0,0,0,0,2018,"May","Tuesday","08:55 am","100","Not Divided","CURVED, VIEW OPEN","Level","Not Applicable","Sealed","Dry","Not Raining","Daylight","Hit Fixed Object","01","Driver Rider","1: PDO","No Control","","",1457859.61,1560944.69,"14578601560945"
"2018-5453-27/05/2021","3 Country","NARACOORTE","5271","DC NARACOORTE & LUCINDALE.",2,0,0,0,0,2018,"May","Tuesday","02:50 pm","100","Not Divided","CURVED, VIEW OPEN","Level","Not Applicable","Sealed","Wet","Raining","Daylight","Hit Fixed Object","01","Driver Rider","1: PDO","No Control","","",1514061.81,1436098.58,"15140621436099"
"2018-5454-27/05/2021","2 Metropolitan","SALISBURY","5108","CITY OF SALISBURY",3,1,0,0,1,2018,"May","Tuesday","03:30 pm","060","Divided Road","Straight road","Level","Not Applicable","Sealed","Dry","Not Raining","Daylight","Rear End","01","Driver Rider","2: MI","No Control","","",1332321.1,1687912.66,"13323211687913"
"2018-5455-27/05/2021","2 Metropolitan","MILE END","5031","CITY OF WEST TORRENS",2,0,0,0,0,2018,"May","Monday","02:25 pm","060","Divided Road","Straight road","Level","Not Applicable","Sealed","Dry","Not Raining","Daylight","Side Swipe","02","Driver Rider","1: PDO","No Control","","",1325747.59,1670617.65,"13257481670618"
"2018-5456-27/05/2021","3 Country","HINDMARSH VALLEY","5211","DC VICTOR HARBOR.             ",2,1,1,0,0,2018,"May","Tuesday","01:40 pm","100","Not Divided","CURVED, VIEW OPEN","Slope","Not Applicable","Sealed","Wet","Unknown","Daylight","Hit Fixed Object","01","Driver Rider","4: Fatal","No Control","","",1330453.12,1610499.23,"13304531610499"
"2018-5457-27/05/2021","2 Metropolitan","GLENELG NORTH","5045","CITY OF HOLDFAST BAY",2,1,0,0,1,2018,"May","Sunday","12:15 pm","050","Divided Road","Straight road","Level","Not Applicable","Sealed","Dry","Not Raining","Daylight","Side Swipe","02","Driver Rider","2: MI","No Control","","",1320409.52,1665302.27,"13204101665302"
"2018-5458-27/05/2021","2 Metropolitan","CAVAN","5094","CITY OF SALISBURY",2,2,0,0,2,2018,"May","Tuesday","04:18 pm","070","T-Junction","Straight road","Level","Not Applicable","Sealed","Dry","Not Raining","Daylight","Rear End","02","Driver Rider","2: MI","Traffic Signals","","",1328734.77,1681107.39,"13287351681107"
"2018-5459-27/05/2021","2 Metropolitan","GLOBE DERBY PARK","5110","CITY OF SALISBURY",3,0,0,0,0,2018,"May","Tuesday","04:20 pm","090","Divided Road","Straight road","Level","Not Applicable","Sealed","Dry","Not Raining","Daylight","Rear End","01","Driver Rider","1: PDO","No Control","","",1328662.08,1685765.73,"13286621685766"
"2018-5460-27/05/2021","2 Metropolitan","BUGLE RANGES","5251","DC MT.BARKER.                 ",2,1,0,0,1,2018,"May","Tuesday","03:45 pm","100","T-Junction","CURVED, VIEW OBSCURED","Slope","Not Applicable","Sealed","Dry","Not Raining","Daylight","Rear End","02","Driver Rider","2: MI","No Control","","",1353593.72,1645257,"13535941645257"
"2018-5461-27/05/2021","2 Metropolitan","BLAIR ATHOL","5084","CITY OF PORT ADELAIDE ENFIELD",2,1,0,0,1,2018,"May","Tuesday","04:25 pm","050","Cross Road","Straight road","Level","Not Applicable","Sealed","Dry","Not Raining","Daylight","Right Angle","02","Driver Rider","2: MI","Roundabout","","",1328386.33,1678396.76,"13283861678397"
"2018-5462-27/05/2021","2 Metropolitan","PARA HILLS","5096","CITY OF SALISBURY",2,1,0,0,1,2018,"May","Tuesday","05:02 pm","050","T-Junction","Straight road","Level","Not Applicable","Sealed","Dry","Not Raining","Daylight","Right Angle","01","Driver Rider","2: MI","No Control","","",1333934.17,1683491.68,"13339341683492"
"2018-5463-27/05/2021","2 Metropolitan","NAILSWORTH","5083","CITY OF PROSPECT",3,0,0,0,0,2018,"May","Tuesday","05:30 pm","060","Divided Road","Straight road","Level","Not Applicable","Sealed","Wet","Not Raining","Night","Rear End","02","Driver Rider","1: PDO","No Control","","",1328885.76,1675642.09,"13288861675642"
"2018-5464-27/05/2021","2 Metropolitan","WOODCROFT","5162","CITY OF ONKAPARINGA",2,0,0,0,0,2018,"May","Tuesday","05:10 pm","060","Cross Road","Straight road","Slope","Not Applicable","Sealed","Dry","Not Raining","Daylight","Right Angle","02","Driver Rider","1: PDO","Traffic Signals","","",1323058.74,1651081.96,"13230591651082"
"2018-5465-27/05/2021","2 Metropolitan","ATHELSTONE","5076","CC CAMPBELLTOWN.              ",2,0,0,0,0,2018,"May","Friday","08:00 am","025","Not Divided","Straight road","Slope","Roadworks","Sealed","Dry","Not Raining","Daylight","Hit Parked Vehicle","01","Driver Rider","1: PDO","No Control","","",1337996.04,1675987.66,"13379961675988"
"2018-5466-27/05/2021","2 Metropolitan","PROSPECT","5082","CITY OF PROSPECT",2,1,0,0,1,2018,"May","Tuesday","06:10 pm","060","Not Divided","Straight road","Level","Not Applicable","Sealed","Wet","Not Raining","Night","Rear End","02","Driver Rider","2: MI","No Control","","",1327266.89,1675176.72,"13272671675177"
"2018-5467-27/05/2021","2 Metropolitan","HUNTFIELD HEIGHTS","5163","CITY OF ONKAPARINGA",2,0,0,0,0,2018,"May","Tuesday","04:45 pm","100","Freeway","Straight road","Level","Not Applicable","Sealed","Dry","Not Raining","Daylight","Hit Parked Vehicle","01","Driver Rider","1: PDO","No Control","","",1319099.99,1645671.84,"13191001645672"
"2018-5468-27/05/2021","2 Metropolitan","LONSDALE","5160","CITY OF ONKAPARINGA",2,0,0,0,0,2018,"May","Monday","01:10 pm","050","T-Junction","Straight road","Level","Not Applicable","Sealed","Dry","Not Raining","Daylight","Right Angle","02","Driver Rider","1: PDO","No Control","","",1318669.27,1650630.91,"13186691650631"
"2018-5469-27/05/2021","3 Country","ROXBY DOWNS","5725","MC ROXBY DOWNS                ",2,0,0,0,0,2018,"May","Tuesday","05:00 pm","050","Not Divided","Straight road","Level","Not Applicable","Sealed","Dry","Not Raining","Daylight","Hit Fixed Object","01","Driver Rider","1: PDO","No Control","","",1181873,2157605.07,"11818732157605"
"2018-5470-27/05/2021","3 Country","NURIOOTPA","5355","LIGHT REGIONAL COUNCIL",2,1,0,1,0,2018,"May","Tuesday","06:08 pm","060","Cross Road","Straight road","Level","Not Applicable","Sealed","Wet","Raining","Night","Right Angle","02","Driver Rider","3: SI","Give Way Sign","Y","",1364772.29,1720072.41,"13647721720072"
"2018-5471-27/05/2021","2 Metropolitan","SOUTH BRIGHTON","5048","CITY OF HOLDFAST BAY",2,0,0,0,0,2018,"May","Tuesday","06:00 pm","060","T-Junction","Straight road","Level","Not Applicable","Sealed","Dry","Not Raining","Night","Right Angle","01","Driver Rider","1: PDO","No Control","","",1321159.45,1660174.3,"13211591660174"
"2018-5472-27/05/2021","1 City","ADELAIDE","5000","CITY OF ADELAIDE",1,1,0,0,1,2018,"May","Friday","09:36 am","050","Cross Road","Straight road","Level","Not Applicable","Sealed","Dry","Not Raining","Daylight","Left Road - Out of Control","01","Driver Rider","2: MI","Traffic Signals","","",1328488.03,1669878.9,"13284881669879"
"2018-5473-27/05/2021","2 Metropolitan","SALISBURY PLAIN","5109","CITY OF SALISBURY",3,0,0,0,0,2018,"May","Tuesday","11:00 pm","060","Cross Road","CURVED, VIEW OPEN","Level","Not Applicable","Sealed","Dry","Not Raining","Night","Right Angle","02","Driver Rider","1: PDO","Roundabout","","",1333807.7,1687916.19,"13338081687916"
"2018-5474-27/05/2021","2 Metropolitan","TROTT PARK","5158","CC MARION.                    ",2,0,0,0,0,2018,"May","Wednesday","04:50 am","080","T-Junction","Straight road","Level","Not Applicable","Sealed","Dry","Not Raining","Night","Hit Fixed Object","01","Driver Rider","1: PDO","Traffic Signals","","",1322110.13,1656550.09,"13221101656550"
"2018-5475-27/05/2021","2 Metropolitan","DRY CREEK","5094","CITY OF PORT ADELAIDE ENFIELD",2,0,0,0,0,2018,"May","Wednesday","06:50 am","060","T-Junction","Straight road","Level","Not Applicable","Sealed","Dry","Not Raining","Night","Right Turn","02","Driver Rider","1: PDO","No Control","","",1327321.79,1680197.21,"13273221680197"
"2018-5476-27/05/2021","2 Metropolitan","WATERLOO CORNER","5110","CITY OF SALISBURY",2,0,0,0,0,2018,"May","Wednesday","07:45 am","090","T-Junction","Straight road","Level","Not Applicable","Sealed","Dry","Not Raining","Daylight","Rear End","02","Driver Rider","1: PDO","Traffic Signals","","",1327624.24,1692113.17,"13276241692113"
"2018-5477-27/05/2021","2 Metropolitan","MOUNT BARKER","5251","DC MT.BARKER.                 ",3,1,0,0,1,2018,"May","Wednesday","08:45 am","060","Cross Road","Straight road","Slope","Not Applicable","Sealed","Wet","Not Raining","Daylight","Rear End","01","Driver Rider","2: MI","Traffic Signals","","",1351306.12,1654258.85,"13513061654259"
"2018-5478-27/05/2021","2 Metropolitan","MILE END","5031","CITY OF WEST TORRENS",2,1,0,0,1,2018,"May","Wednesday","07:00 am","060","T-Junction","Straight road","Level","Not Applicable","Sealed","Dry","Not Raining","Night","Right Angle","02","Driver Rider","2: MI","No Control","","",1326279.83,1671004.93,"13262801671005"
"2018-5479-27/05/2021","2 Metropolitan","PAYNEHAM SOUTH","5070","CC OF NORWOOD,PAYNEHAM & ST PETERS",2,1,0,0,1,2018,"May","Wednesday","08:25 am","050","Cross Road","Straight road","Level","Not Applicable","Sealed","Dry","Not Raining","Daylight","Right Angle","01","Driver Rider","2: MI","Roundabout","","",1332749.7,1672719.83,"13327501672720"
"2018-5480-27/05/2021","2 Metropolitan","WARRADALE","5046","CC MARION.                    ",2,1,0,0,1,2018,"May","Wednesday","08:45 am","060","Cross Road","CURVED, VIEW OPEN","Level","Not Applicable","Sealed","Dry","Not Raining","Daylight","Rear End","01","Driver Rider","2: MI","Traffic Signals","","",1321892.17,1663023.87,"13218921663024"
"2018-5481-27/05/2021","2 Metropolitan","OLD REYNELLA","5161","CITY OF ONKAPARINGA",2,1,0,0,1,2018,"May","Wednesday","09:00 am","050","Not Divided","Straight road","Level","Driveway or Entrance","Sealed","Dry","Not Raining","Daylight","Rear End","02","Driver Rider","2: MI","No Control","","",1322596.18,1652792.78,"13225961652793"
"2018-5482-27/05/2021","2 Metropolitan","WEST BEACH","5024","CITY OF WEST TORRENS",4,0,0,0,0,2018,"May","Sunday","11:40 am","060","Divided Road","Straight road","Level","Not Applicable","Sealed","Dry","Not Raining","Daylight","Hit Parked Vehicle","01","Driver Rider","1: PDO","No Control","","",1320380.17,1669882.13,"13203801669882"
"2018-5483-27/05/2021","2 Metropolitan","BEDFORD PARK","5042","CC MARION.                    ",2,0,0,0,0,2018,"May","Wednesday","10:40 am","100","Freeway","Straight road","Slope","Not Applicable","Sealed","Dry","Not Raining","Daylight","Rear End","01","Driver Rider","1: PDO","No Control","","",1324520.32,1659993.12,"13245201659993"
"2018-5484-27/05/2021","2 Metropolitan","DRY CREEK","5094","CITY OF SALISBURY",2,0,0,0,0,2018,"May","Wednesday","04:30 am","050","T-Junction","Straight road","Level","Not Applicable","Sealed","Dry","Not Raining","Night","Hit Fixed Object","01","Driver Rider","1: PDO","Give Way Sign","","",1328195.31,1682420.03,"13281951682420"
"2018-5485-27/05/2021","3 Country","COORONG","5264","DC KINGSTON.",2,0,0,0,0,2018,"May","Sunday","12:30 pm","110","Not Divided","Straight road","Level","Not Applicable","Sealed","Dry","Not Raining","Daylight","Hit Animal","02","Animal","1: PDO","No Control","","",1435326.18,1472757.86,"14353261472758"
"2018-5486-27/05/2021","2 Metropolitan","THEBARTON","5031","CITY OF WEST TORRENS",2,0,0,0,0,2018,"May","Wednesday","11:45 am","060","Divided Road","Straight road","Level","Not Applicable","Sealed","Dry","Not Raining","Daylight","Rear End","02","Driver Rider","1: PDO","No Control","","",1326474.26,1672444.21,"13264741672444"
"2018-5487-27/05/2021","2 Metropolitan","MEDINDIE","5081","WALKERVILLE TOWN COUNCIL",2,1,0,0,1,2018,"May","Wednesday","08:00 am","060","Cross Road","Straight road","Level","Not Applicable","Sealed","Dry","Not Raining","Daylight","Rear End","02","Driver Rider","2: MI","Traffic Signals","","",1328359.11,1673680.45,"13283591673680"
"2018-5488-27/05/2021","2 Metropolitan","UNLEY","5061","CITY OF UNLEY",2,1,0,0,1,2018,"May","Wednesday","01:35 am","040","Not Divided","Straight road","Level","Not Applicable","Sealed","Dry","Not Raining","Night","Hit Fixed Object","01","Driver Rider","2: MI","No Control","","",1328607.72,1668140.46,"13286081668140"
"2018-5489-27/05/2021","2 Metropolitan","PROSPECT","5082","CITY OF PROSPECT",2,0,0,0,0,2018,"May","Tuesday","10:30 pm","025","Not Divided","Straight road","Level","Roadworks","Sealed","Dry","Not Raining","Night","Rear End","02","Driver Rider","1: PDO","No Control","","",1328083.82,1675306.95,"13280841675307"