"REPORT_ID","Stats Area","Suburb","Postcode","LGA Name","Total Units","Total Cas","Total Fats","Total SI","Total MI","Year","Month","Day","Time","Area Speed","Position Type","Horizontal Align","Vertical Align","Other Feat","Road Surface","Moisture Cond","Weather Cond","DayNight","Crash Type","Unit Resp","Entity Code","CSEF Severity","Traffic Ctrls","DUI Involved","Drugs Involved","ACCLOC_X","ACCLOC_Y","UNIQUE_LOC"
"2018-5814-27/05/2021","3 Country","PORT LINCOLN","5606","CC PT.LINCOLN.                ",2,0,0,0,0,2018,"June","Wednesday","02:15 pm","080","Not Divided","CURVED, VIEW OPEN","Slope","Not Applicable","Sealed","Dry","Not Raining","Daylight","Hit Fixed Object","01","Driver Rider","1: PDO","No Control","","",1078135.86,1700457.75,"10781361700458"
"2018-5815-27/05/2021","2 Metropolitan","ONE TREE HILL","5114","CITY OF PLAYFORD.",2,0,0,0,0,2018,"June","Thursday","06:33 pm","080","Not Divided","CURVED, VIEW OBSCURED","Crest of Hill","Not Applicable","Sealed","Wet","Raining","Night","Hit Fixed Object","01","Driver Rider","1: PDO","No Control","","",1344195.23,1695015.52,"13441951695016"
"2018-5816-27/05/2021","2 Metropolitan","LIGHTSVIEW","5085","CITY OF PORT ADELAIDE ENFIELD",2,1,0,0,1,2018,"June","Monday","03:00 pm","050","T-Junction","Straight road","Level","Not Applicable","Sealed","Dry","Not Raining","Daylight","Right Angle","02","Driver Rider","2: MI","No Control","","",1331587.28,1677378.53,"13315871677379"
"2018-5817-27/05/2021","2 Metropolitan","ASCOT PARK","5043","CC MARION.                    ",3,1,0,0,1,2018,"June","Thursday","03:17 pm","060","T-Junction","Straight road","Level","Not Applicable","Sealed","Dry","Not Raining","Daylight","Right Angle","01","Driver Rider","2: MI","No Control","Y","",1324308.05,1664147.62,"13243081664148"
"2018-5818-27/05/2021","2 Metropolitan","WESTBOURNE PARK","5041","CC MITCHAM.                   ",2,0,0,0,0,2018,"June","Thursday","07:20 pm","060","Not Divided","Straight road","Level","Driveway or Entrance","Sealed","Wet","Raining","Night","Right Turn","02","Driver Rider","1: PDO","No Control","","",1327521.52,1665717.71,"13275221665718"
"2018-5819-27/05/2021","2 Metropolitan","UNDERDALE","5032","CITY OF WEST TORRENS",2,1,0,0,1,2018,"April","Tuesday","12:55 pm","060","Not Divided","Straight road","Level","Not Applicable","Sealed","Dry","Not Raining","Daylight","Rear End","02","Driver Rider","2: MI","No Control","","",1323830.97,1671570.16,"13238311671570"
"2018-5820-27/05/2021","1 City","ADELAIDE","5000","CITY OF ADELAIDE",2,1,0,0,1,2018,"June","Thursday","07:35 pm","050","Cross Road","Straight road","Level","Not Applicable","Sealed","Wet","Raining","Night","Right Angle","02","Driver Rider","2: MI","Traffic Signals","","",1328491.97,1669724.42,"13284921669724"
"2018-5821-27/05/2021","3 Country","KYBYBOLITE","5262","DC NARACOORTE & LUCINDALE.",1,0,0,0,0,2018,"June","Thursday","08:58 pm","100","Not Divided","Straight road","Level","Not Applicable","Sealed","Wet","Not Raining","Night","Roll Over","01","Driver Rider","1: PDO","No Control","","",1526602.61,1443550.99,"15266031443551"
"2018-5822-27/05/2021","1 City","ADELAIDE","5000","CITY OF ADELAIDE",2,0,0,0,0,2018,"June","Thursday","11:39 pm","050","Pedestrian Crossing","Straight road","Level","Not Applicable","Sealed","Dry","Not Raining","Night","Hit Pedestrian","02","Pedestrian","1: PDO","Traffic Signals","","",1328250.47,1671126.06,"13282501671126"
"2018-5823-27/05/2021","2 Metropolitan","PARAFIELD","5106","CITY OF SALISBURY",2,0,0,0,0,2018,"June","Thursday","05:30 pm","060","T-Junction","Straight road","Level","Not Applicable","Sealed","Wet","Not Raining","Night","Rear End","02","Driver Rider","1: PDO","Give Way Sign","","",1333041.28,1685367.62,"13330411685368"
"2018-5824-27/05/2021","2 Metropolitan","CAVAN","5094","CITY OF SALISBURY",3,0,0,0,0,2018,"June","Friday","08:55 am","070","Divided Road","Straight road","Level","Not Applicable","Sealed","Wet","Not Raining","Daylight","Rear End","01","Driver Rider","1: PDO","No Control","","",1328735.34,1681721.29,"13287351681721"
"2018-5825-27/05/2021","1 City","NORTH ADELAIDE","5006","CITY OF ADELAIDE",2,1,0,1,0,2018,"June","Thursday","09:30 am","050","Not Divided","Straight road","Level","Not Applicable","Sealed","Dry","Not Raining","Daylight","Right Angle","01","Driver Rider","3: SI","No Control","","",1328769.4,1672250.05,"13287691672250"
"2018-5826-27/05/2021","2 Metropolitan","SALISBURY","5108","CITY OF SALISBURY",2,0,0,0,0,2018,"June","Thursday","05:30 pm","060","Not Divided","Straight road","Level","Not Applicable","Sealed","Dry","Not Raining","Night","Side Swipe","02","Driver Rider","1: PDO","No Control","","",1333545.06,1688864.47,"13335451688864"
"2018-5827-27/05/2021","3 Country","NORMANVILLE","5204","DC YANKALILLA.                ",2,0,0,0,0,2018,"June","Wednesday","08:20 pm","080","Not Divided","Straight road","Level","Not Applicable","Sealed","Dry","Not Raining","Night","Hit Animal","02","Animal","1: PDO","No Control","","",1299331.21,1611348.48,"12993311611348"
"2018-5828-27/05/2021","2 Metropolitan","MOUNT BARKER","5251","DC MT.BARKER.                 ",1,1,0,0,1,2018,"June","Thursday","04:18 pm","060","Cross Road","CURVED, VIEW OPEN","Level","Not Applicable","Sealed","Dry","Not Raining","Daylight","Roll Over","01","Driver Rider","2: MI","Roundabout","","",1351409.02,1653530.17,"13514091653530"
"2018-5829-27/05/2021","2 Metropolitan","COLLINSWOOD","5081","CITY OF PROSPECT",2,0,0,0,0,2018,"June","Wednesday","02:30 pm","060","T-Junction","Straight road","Level","Not Applicable","Sealed","Dry","Not Raining","Daylight","Right Turn","01","Driver Rider","1: PDO","No Control","","",1330186.09,1674963.57,"13301861674964"
"2018-5830-27/05/2021","2 Metropolitan","WOODVILLE PARK","5011","CITY OF CHARLES STURT",2,1,0,0,1,2018,"June","Friday","12:40 pm","060","T-Junction","Straight road","Level","Not Applicable","Sealed","Dry","Not Raining","Daylight","Rear End","02","Driver Rider","2: MI","No Control","","",1324156.21,1676103.23,"13241561676103"
"2018-5831-27/05/2021","2 Metropolitan","MODBURY","5092","CITY OF TEA TREE GULLY",2,0,0,0,0,2018,"June","Sunday","12:30 pm","060","Divided Road","Straight road","Level","Not Applicable","Sealed","Dry","Not Raining","Daylight","Hit Parked Vehicle","01","Driver Rider","1: PDO","No Control","","",1335912.59,1680138.64,"13359131680139"
"2018-5832-27/05/2021","2 Metropolitan","OLD REYNELLA","5161","CITY OF ONKAPARINGA",2,0,0,0,0,2018,"June","Friday","12:45 pm","050","T-Junction","Straight road","Slope","Not Applicable","Sealed","Dry","Not Raining","Daylight","Right Angle","02","Driver Rider","1: PDO","No Control","","",1322435.23,1652403.22,"13224351652403"
"2018-5833-27/05/2021","2 Metropolitan","WINDSOR GARDENS","5087","CITY OF PORT ADELAIDE ENFIELD",4,2,0,0,2,2018,"June","Friday","12:00 pm","060","T-Junction","CURVED, VIEW OPEN","Slope","Not Applicable","Sealed","Wet","Raining","Daylight","Side Swipe","02","Driver Rider","2: MI","No Control","","",1334332.26,1677347.64,"13343321677348"
"2018-5834-27/05/2021","3 Country","MOUNT GAMBIER","5290","CC MT.GAMBIER.                ",2,0,0,0,0,2018,"June","Friday","01:00 pm","060","Divided Road","Straight road","Level","Not Applicable","Sealed","Dry","Not Raining","Daylight","Rear End","02","Driver Rider","1: PDO","No Control","","",1509485.1,1341138.76,"15094851341139"
"2018-5835-27/05/2021","2 Metropolitan","MILE END","5031","CITY OF WEST TORRENS",2,0,0,0,0,2018,"June","Friday","01:25 pm","050","Cross Road","Straight road","Level","Not Applicable","Sealed","Wet","Raining","Daylight","Right Angle","02","Driver Rider","1: PDO","Give Way Sign","","",1325748.99,1670570.88,"13257491670571"
"2018-5836-27/05/2021","2 Metropolitan","STIRLING","5152","THE ADELAIDE HILLS COUNCIL",2,0,0,0,0,2018,"June","Friday","09:43 am","100","Interchange","CURVED, VIEW OPEN","Slope","Not Applicable","Sealed","Wet","Raining","Daylight","Rear End","02","Driver Rider","1: PDO","No Control","","",1338083.44,1662299.48,"13380831662299"
"2018-5837-27/05/2021","2 Metropolitan","NORWOOD","5067","CC OF NORWOOD,PAYNEHAM & ST PETERS",2,0,0,0,0,2018,"June","Thursday","06:00 pm","060","Not Divided","Straight road","Level","Not Applicable","Sealed","Wet","Raining","Night","Rear End","01","Driver Rider","1: PDO","No Control","","",1330697.35,1670364.01,"13306971670364"
"2018-5838-27/05/2021","2 Metropolitan","RICHMOND","5033","CITY OF WEST TORRENS",5,0,0,0,0,2018,"June","Thursday","10:30 pm","060","Divided Road","Straight road","Level","Not Applicable","Sealed","Wet","Unknown","Night","Hit Fixed Object","01","Driver Rider","1: PDO","No Control","","",1325793.98,1669422.49,"13257941669422"
"2018-5839-27/05/2021","2 Metropolitan","NORWOOD","5067","CC OF NORWOOD,PAYNEHAM & ST PETERS",2,0,0,0,0,2018,"June","Friday","02:30 pm","060","Not Divided","Straight road","Level","Not Applicable","Sealed","Wet","Raining","Daylight","Head On","01","Driver Rider","1: PDO","No Control","","",1332238.17,1670409.41,"13322381670409"
"2018-5840-27/05/2021","1 City","NORTH ADELAIDE","5006","CITY OF ADELAIDE",2,1,0,0,1,2018,"June","Thursday","06:00 pm","050","Cross Road","Straight road","Level","Not Applicable","Sealed","Wet","Raining","Night","Hit Pedestrian","02","Driver Rider","2: MI","Traffic Signals","","",1327864.76,1672479.43,"13278651672479"
"2018-5841-27/05/2021","2 Metropolitan","KINGSWOOD","5062","CC MITCHAM.                   ",2,0,0,0,0,2018,"June","Friday","03:29 pm","060","Not Divided","Straight road","Level","Not Applicable","Sealed","Dry","Not Raining","Daylight","Side Swipe","02","Driver Rider","1: PDO","No Control","","",1329144.03,1665982.24,"13291441665982"
"2018-5842-27/05/2021","2 Metropolitan","PARA HILLS","5096","CITY OF SALISBURY",2,1,0,0,1,2018,"June","Friday","01:45 pm","050","T-Junction","Straight road","Level","Not Applicable","Sealed","Dry","Not Raining","Daylight","Right Angle","02","Driver Rider","2: MI","No Control","","",1333591.08,1682437.28,"13335911682437"
"2018-5843-27/05/2021","2 Metropolitan","ABERFOYLE PARK","5159","CITY OF ONKAPARINGA",4,0,0,0,0,2018,"June","Friday","02:00 pm","050","Not Divided","Straight road","Slope","Not Applicable","Sealed","Wet","Raining","Daylight","Hit Pedestrian","01","Driver Rider","1: PDO","No Control","","",1327654.54,1654598.19,"13276551654598"
"2018-5844-27/05/2021","2 Metropolitan","OAKLANDS PARK","5046","CC MARION.                    ",3,0,0,0,0,2018,"June","Friday","03:24 pm","060","Divided Road","Straight road","Level","Not Applicable","Sealed","Wet","Raining","Daylight","Rear End","02","Driver Rider","1: PDO","No Control","","",1323360.29,1660852.51,"13233601660853"
"2018-5845-27/05/2021","2 Metropolitan","RICHMOND","5033","CITY OF WEST TORRENS",4,0,0,0,0,2018,"June","Friday","03:10 pm","060","Divided Road","Straight road","Level","Not Applicable","Sealed","Dry","Not Raining","Daylight","Side Swipe","01","Driver Rider","1: PDO","No Control","","",1325801.75,1669064.41,"13258021669064"
"2018-5846-27/05/2021","2 Metropolitan","GILBERTON","5081","WALKERVILLE TOWN COUNCIL",3,0,0,0,0,2018,"June","Friday","03:45 pm","060","Cross Road","Straight road","Level","Not Applicable","Sealed","Wet","Raining","Daylight","Rear End","01","Driver Rider","1: PDO","Traffic Signals","","",1329707.81,1672509.77,"13297081672510"
"2018-5847-27/05/2021","2 Metropolitan","REGENCY PARK","5010","CITY OF PORT ADELAIDE ENFIELD",3,0,0,0,0,2018,"June","Friday","01:35 pm","090","Divided Road","Straight road","Level","Not Applicable","Sealed","Wet","Not Raining","Daylight","Hit Fixed Object","01","Driver Rider","1: PDO","No Control","","",1326029.14,1677005.64,"13260291677006"
"2018-5848-27/05/2021","1 City","ADELAIDE","5000","CITY OF ADELAIDE",2,0,0,0,0,2018,"June","Friday","04:20 pm","060","Cross Road","Straight road","Level","Not Applicable","Sealed","Wet","Not Raining","Daylight","Hit Fixed Object","01","Driver Rider","1: PDO","Traffic Signals","","",1327363.85,1670321.47,"13273641670321"
"2018-5849-27/05/2021","2 Metropolitan","KLEMZIG","5087","CITY OF PORT ADELAIDE ENFIELD",2,0,0,0,0,2018,"June","Friday","04:40 pm","060","T-Junction","Straight road","Level","Not Applicable","Sealed","Wet","Raining","Daylight","Hit Pedestrian","02","Pedestrian","1: PDO","Traffic Signals","","",1331881.33,1675724.54,"13318811675725"
"2018-5850-27/05/2021","2 Metropolitan","NETLEY","5037","CITY OF WEST TORRENS",2,0,0,0,0,2018,"June","Friday","03:15 pm","060","Divided Road","Straight road","Level","Not Applicable","Sealed","Wet","Not Raining","Daylight","Side Swipe","02","Driver Rider","1: PDO","No Control","","",1324187.82,1668472.99,"13241881668473"
"2018-5851-27/05/2021","1 City","NORTH ADELAIDE","5006","CITY OF ADELAIDE",5,0,0,0,0,2018,"June","Friday","04:50 pm","050","Not Divided","Straight road","Level","Not Applicable","Sealed","Dry","Not Raining","Daylight","Hit Parked Vehicle","01","Driver Rider","1: PDO","No Control","","",1328074.58,1672529.98,"13280751672530"
"2018-5852-27/05/2021","3 Country","TARLEE","5411","CLARE AND GILBERT VALLEYS DISTRICT COUNCIL",2,0,0,0,0,2018,"June","Friday","04:50 pm","100","Not Divided","Straight road","Crest of Hill","Not Applicable","Sealed","Wet","Raining","Daylight","Head On","02","Driver Rider","1: PDO","No Control","","",1344142.56,1746525.85,"13441431746526"
"2018-5853-27/05/2021","3 Country","GEMMELLS","5255","ALEXANDRINA COUNCIL",2,0,0,0,0,2018,"June","Thursday","08:40 pm","100","Not Divided","Straight road","Slope","Not Applicable","Sealed","Dry","Not Raining","Night","Hit Object on Road","01","Driver Rider","1: PDO","No Control","","",1354086.45,1641584.64,"13540861641585"
"2018-5854-27/05/2021","2 Metropolitan","PARAFIELD","5106","CITY OF SALISBURY",2,0,0,0,0,2018,"June","Friday","05:50 pm","080","Divided Road","Straight road","Level","Not Applicable","Sealed","Dry","Not Raining","Night","Rear End","02","Driver Rider","1: PDO","No Control","","",1332478.41,1684365.15,"13324781684365"
"2018-5855-27/05/2021","2 Metropolitan","PARALOWIE","5108","CITY OF SALISBURY",2,0,0,0,0,2018,"June","Friday","05:20 pm","050","Not Divided","CURVED, VIEW OPEN","Level","Not Applicable","Sealed","Wet","Not Raining","Night","Head On","01","Driver Rider","1: PDO","No Control","","",1328652.82,1690034.29,"13286531690034"
"2018-5856-27/05/2021","2 Metropolitan","PASADENA","5042","CC MITCHAM.                   ",4,0,0,0,0,2018,"June","Friday","05:20 pm","060","T-Junction","Straight road","Crest of Hill","Not Applicable","Sealed","Wet","Raining","Night","Rear End","01","Driver Rider","1: PDO","No Control","","",1327453.84,1662373.2,"13274541662373"
"2018-5857-27/05/2021","2 Metropolitan","PAYNEHAM","5070","CC OF NORWOOD,PAYNEHAM & ST PETERS",3,1,0,0,1,2018,"June","Friday","04:40 pm","060","T-Junction","Straight road","Level","Not Applicable","Sealed","Wet","Raining","Daylight","Right Turn","01","Driver Rider","2: MI","No Control","","",1332710.4,1674035.96,"13327101674036"
"2018-5858-27/05/2021","2 Metropolitan","BRIGHTON","5048","CITY OF HOLDFAST BAY",2,1,0,0,1,2018,"June","Friday","07:40 am","060","Divided Road","Straight road","Level","Not Applicable","Sealed","Dry","Not Raining","Daylight","Rear End","02","Driver Rider","2: MI","No Control","","",1321142.64,1660750.1,"13211431660750"
"2018-5859-27/05/2021","2 Metropolitan","BLAIR ATHOL","5084","CITY OF PORT ADELAIDE ENFIELD",2,0,0,0,0,2018,"June","Friday","01:30 pm","060","T-Junction","Straight road","Level","Not Applicable","Sealed","Wet","Raining","Daylight","Right Angle","01","Driver Rider","1: PDO","Stop Sign","","",1328801.22,1679044.33,"13288011679044"
"2018-5860-27/05/2021","2 Metropolitan","ST MARYS","5042","CC MITCHAM.                   ",3,3,0,0,3,2018,"June","Friday","07:02 pm","060","T-Junction","Straight road","Level","Not Applicable","Sealed","Wet","Not Raining","Night","Right Angle","01","Driver Rider","2: MI","No Control","","",1326004.95,1661843.56,"13260051661844"
"2018-5861-27/05/2021","2 Metropolitan","GILLES PLAINS","5086","CITY OF PORT ADELAIDE ENFIELD",2,0,0,0,0,2018,"June","Friday","05:45 pm","060","T-Junction","Straight road","Slope","Not Applicable","Sealed","Wet","Not Raining","Night","Right Angle","01","Driver Rider","1: PDO","No Control","","",1334146.29,1678278.16,"13341461678278"
"2018-5862-27/05/2021","2 Metropolitan","EYRE","5121","CITY OF PLAYFORD.",3,4,0,0,4,2018,"June","Friday","07:00 pm","060","Cross Road","Straight road","Level","Not Applicable","Sealed","Dry","Not Raining","Night","Right Angle","02","Driver Rider","2: MI","Stop Sign","","",1334450.71,1695787.2,"13344511695787"
"2018-5863-27/05/2021","2 Metropolitan","OVINGHAM","5082","CITY OF CHARLES STURT",2,2,0,0,2,2018,"June","Friday","06:35 pm","060","Cross Road","Straight road","Level","Not Applicable","Sealed","Dry","Not Raining","Night","Right Turn","01","Driver Rider","2: MI","Traffic Signals","","",1327131.58,1673269.49,"13271321673269"
"2018-5864-27/05/2021","2 Metropolitan","SEAFORD MEADOWS","5169","CITY OF ONKAPARINGA",2,1,0,0,1,2018,"June","Friday","04:25 pm","060","Cross Road","Straight road","Level","Not Applicable","Sealed","Dry","Not Raining","Daylight","Rear End","01","Driver Rider","2: MI","Traffic Signals","","",1318091.98,1642826.26,"13180921642826"
"2018-5865-27/05/2021","1 City","ADELAIDE","5000","CITY OF ADELAIDE",5,0,0,0,0,2018,"June","Friday","03:05 pm","050","Divided Road","Straight road","Level","Not Applicable","Sealed","Wet","Not Raining","Daylight","Side Swipe","01","Driver Rider","1: PDO","No Control","","",1327721.78,1670334.86,"13277221670335"
"2018-5866-27/05/2021","3 Country","MURRAY BRIDGE","5253","RC MURRAY BRIDGE.             ",2,0,0,0,0,2018,"June","Friday","05:45 pm","050","Cross Road","Straight road","Level","Not Applicable","Sealed","Dry","Not Raining","Night","Right Angle","02","Driver Rider","1: PDO","Stop Sign","","",1389453.71,1646188.14,"13894541646188"
"2018-5867-27/05/2021","2 Metropolitan","PORT WILLUNGA","5173","CITY OF ONKAPARINGA",2,0,0,0,0,2018,"June","Friday","07:20 pm","050","Not Divided","Straight road","Level","Not Applicable","Sealed","Wet","Raining","Night","Hit Parked Vehicle","01","Driver Rider","1: PDO","No Control","","",1314474,1633675.06,"13144741633675"
"2018-5868-27/05/2021","1 City","ADELAIDE","5000","CITY OF ADELAIDE",3,0,0,0,0,2018,"June","Friday","10:00 pm","050","Not Divided","Straight road","Level","Not Applicable","Sealed","Dry","Not Raining","Night","Hit Pedestrian","02","Pedestrian","1: PDO","No Control","","",1328028.79,1670967.54,"13280291670968"
"2018-5869-27/05/2021","3 Country","GERMAN CREEK","5291","DISTRICT COUNCIL OF GRANT",1,1,0,0,1,2018,"June","Friday","09:00 pm","100","Not Divided","Straight road","Level","Not Applicable","Sealed","Wet","Raining","Night","Roll Over","01","Driver Rider","2: MI","No Control","Y","",1488416.38,1346096.81,"14884161346097"
"2018-5870-27/05/2021","2 Metropolitan","EVERARD PARK","5035","CITY OF UNLEY",3,0,0,0,0,2018,"June","Saturday","03:10 am","050","Not Divided","Straight road","Level","Not Applicable","Sealed","Wet","Unknown","Night","Hit Parked Vehicle","01","Driver Rider","1: PDO","No Control","","",1326033.83,1667856.8,"13260341667857"
"2018-5871-27/05/2021","2 Metropolitan","EDINBURGH NORTH","5113","CITY OF PLAYFORD.",1,0,0,0,0,2018,"June","Saturday","05:35 am","060","Not Divided","CURVED, VIEW OPEN","Level","Not Applicable","Sealed","Wet","Not Raining","Night","Roll Over","01","Driver Rider","1: PDO","No Control","","",1334789.95,1694278.42,"13347901694278"
"2018-5872-27/05/2021","2 Metropolitan","LYNTON","5062","CC MITCHAM.                   ",2,1,0,0,1,2018,"June","Saturday","03:35 am","060","Not Divided","CURVED, VIEW OBSCURED","Slope","Not Applicable","Sealed","Wet","Not Raining","Night","Hit Fixed Object","01","Driver Rider","2: MI","No Control","Y","",1329256.76,1662438.25,"13292571662438"
"2018-5873-27/05/2021","2 Metropolitan","NORWOOD","5067","CC OF NORWOOD,PAYNEHAM & ST PETERS",2,1,0,0,1,2018,"June","Saturday","05:50 am","060","Divided Road","Straight road","Level","Not Applicable","Sealed","Dry","Not Raining","Night","Hit Parked Vehicle","01","Driver Rider","2: MI","No Control","","",1330920.61,1670370.11,"13309211670370"
"2018-5874-27/05/2021","2 Metropolitan","TORRENSVILLE","5031","CITY OF WEST TORRENS",2,0,0,0,0,2018,"June","Saturday","03:45 am","060","Divided Road","Straight road","Level","Not Applicable","Sealed","Dry","Not Raining","Night","Hit Fixed Object","01","Driver Rider","1: PDO","No Control","","",1325482.39,1671893.19,"13254821671893"
"2018-5875-27/05/2021","2 Metropolitan","MARION","5043","CC MARION.                    ",2,0,0,0,0,2018,"June","Saturday","06:10 am","060","Divided Road","Straight road","Level","Not Applicable","Sealed","Dry","Not Raining","Night","Rear End","02","Driver Rider","1: PDO","No Control","","",1324361.43,1662147.86,"13243611662148"
"2018-5876-27/05/2021","2 Metropolitan","SMITHFIELD PLAINS","5114","CITY OF PLAYFORD.",2,0,0,0,0,2018,"June","Saturday","09:03 am","060","Divided Road","Straight road","Level","Not Applicable","Sealed","Dry","Not Raining","Daylight","Hit Pedestrian","02","Pedestrian","1: PDO","No Control","","",1336323.43,1697880.58,"13363231697881"
"2018-5877-27/05/2021","2 Metropolitan","SEACOMBE GARDENS","5047","CC MARION.                    ",2,0,0,0,0,2018,"June","Friday","02:30 pm","060","Divided Road","Straight road","Level","Not Applicable","Sealed","Wet","Raining","Daylight","Side Swipe","01","Driver Rider","1: PDO","No Control","","",1323505.34,1660649.29,"13235051660649"
"2018-5878-27/05/2021","2 Metropolitan","WINGFIELD","5013","CITY OF PORT ADELAIDE ENFIELD",2,0,0,0,0,2018,"June","Friday","08:30 pm","060","Cross Road","Straight road","Level","Not Applicable","Sealed","Dry","Not Raining","Night","Rear End","02","Driver Rider","1: PDO","Traffic Signals","","",1325562.16,1679187.23,"13255621679187"
"2018-5879-27/05/2021","3 Country","YARDEA","5717",,2,1,0,0,1,2018,"June","Friday","10:00 am","100","Not Divided","CURVED, VIEW OBSCURED","Level","Not Applicable","Unsealed","Wet","Raining","Daylight","Hit Fixed Object","01","Driver Rider","2: MI","No Control","","",1063274.52,1960551.39,"10632751960551"
"2018-5880-27/05/2021","2 Metropolitan","WINGFIELD","5013","CITY OF PORT ADELAIDE ENFIELD",2,0,0,0,0,2018,"June","Saturday","09:50 am","060","T-Junction","Straight road","Level","Not Applicable","Sealed","Dry","Not Raining","Daylight","Right Angle","01","Driver Rider","1: PDO","No Control","","",1323889.48,1680373.71,"13238891680374"
"2018-5881-27/05/2021","1 City","NORTH ADELAIDE","5006","CITY OF ADELAIDE",2,0,0,0,0,2018,"June","Friday","04:15 pm","060","Cross Road","Straight road","Level","Not Applicable","Sealed","Dry","Not Raining","Daylight","Rear End","02","Driver Rider","1: PDO","Traffic Signals","","",1327887.77,1671596.04,"13278881671596"
"2018-5882-27/05/2021","2 Metropolitan","WATERLOO CORNER","5110","CITY OF PLAYFORD.",2,0,0,0,0,2018,"June","Saturday","03:00 am","090","Ramp On","CURVED, VIEW OPEN","Level","Bridge, Culvert, Causeway","Sealed","Dry","Not Raining","Night","Hit Fixed Object","01","Driver Rider","1: PDO","No Control","","",1326814.5,1695210.83,"13268151695211"
"2018-5883-27/05/2021","2 Metropolitan","NAIRNE","5252","DC MT.BARKER.                 ",2,1,0,0,1,2018,"June","Saturday","11:10 am","050","Not Divided","Straight road","Level","Not Applicable","Sealed","Dry","Not Raining","Daylight","Side Swipe","01","Driver Rider","2: MI","No Control","","",1357091.99,1657183.08,"13570921657183"
"2018-5884-27/05/2021","2 Metropolitan","URRBRAE","5064","CC MITCHAM.                   ",2,1,0,0,1,2018,"June","Saturday","10:10 am","060","Cross Road","Straight road","Level","Not Applicable","Sealed","Dry","Not Raining","Daylight","Right Turn","01","Driver Rider","2: MI","Traffic Signals","","",1330786.89,1665600.37,"13307871665600"
"2018-5885-27/05/2021","2 Metropolitan","STURT","5047","CC MARION.                    ",2,1,0,0,1,2018,"June","Saturday","12:47 pm","100","Freeway","Straight road","Level","Not Applicable","Sealed","Dry","Not Raining","Daylight","Side Swipe","02","Driver Rider","2: MI","No Control","","",1324172.44,1659513.27,"13241721659513"
"2018-5886-27/05/2021","2 Metropolitan","ABERFOYLE PARK","5159","CITY OF ONKAPARINGA",2,0,0,0,0,2018,"June","Saturday","03:10 pm","050","T-Junction","Straight road","Level","Not Applicable","Sealed","Dry","Not Raining","Daylight","Right Angle","02","Driver Rider","1: PDO","No Control","","",1326698.71,1654019.63,"13266991654020"
"2018-5887-27/05/2021","1 City","ADELAIDE","5000","CITY OF ADELAIDE",2,2,0,1,1,2018,"June","Saturday","02:55 pm","050","T-Junction","Straight road","Level","Not Applicable","Sealed","Dry","Not Raining","Daylight","Right Turn","02","Driver Rider","3: SI","Traffic Signals","","",1328448.73,1671622.84,"13284491671623"
"2018-5888-27/05/2021","2 Metropolitan","KENSINGTON PARK","5068","CITY OF BURNSIDE",2,0,0,0,0,2018,"June","Thursday","05:20 pm","060","T-Junction","Straight road","Level","Not Applicable","Sealed","Dry","Not Raining","Night","Rear End","02","Driver Rider","1: PDO","Stop Sign","","",1333050.13,1671785.61,"13330501671786"
"2018-5889-27/05/2021","3 Country","FLINDERS RANGES","5434",,1,3,0,2,1,2018,"June","Saturday","02:05 pm","110","Not Divided","Straight road","Level","Not Applicable","Sealed","Dry","Not Raining","Daylight","Roll Over","01","Driver Rider","3: SI","No Control","","",1323591.64,2080699.61,"13235922080700"
"2018-5890-27/05/2021","3 Country","MOONTA","5558","COPPER COAST DISTRICT COUNCIL",2,2,0,0,2,2018,"June","Saturday","06:30 pm","050","Not Divided","Straight road","Level","Not Applicable","Sealed","Dry","Not Raining","Night","Head On","01","Driver Rider","2: MI","No Control","","",1238666.81,1768212.67,"12386671768213"
"2018-5891-27/05/2021","2 Metropolitan","ALBERT PARK","5014","CITY OF CHARLES STURT",2,1,0,1,0,2018,"June","Saturday","09:15 pm","050","Not Divided","Straight road","Level","Not Applicable","Sealed","Dry","Not Raining","Night","Hit Fixed Object","01","Driver Rider","3: SI","No Control","Y","",1321870.43,1676191.99,"13218701676192"
"2018-5892-27/05/2021","3 Country","HALBURY","5461","CLARE AND GILBERT VALLEYS DISTRICT COUNCIL",2,0,0,0,0,2018,"June","Friday","03:00 pm","100","Not Divided","CURVED, VIEW OBSCURED","Level","Not Applicable","Sealed","Wet","Raining","Daylight","Hit Fixed Object","01","Driver Rider","1: PDO","No Control","","",1328930.91,1764908.05,"13289311764908"
"2018-5893-27/05/2021","3 Country","NURIOOTPA","5355","THE BAROSSA COUNCIL.",2,0,0,0,0,2018,"June","Saturday","06:30 am","110","T-Junction","Straight road","Level","Not Applicable","Sealed","Wet","Raining","Night","Right Turn","01","Driver Rider","1: PDO","Give Way Sign","","",1365221.54,1720890.56,"13652221720891"
"2018-5894-27/05/2021","3 Country","WARNERTOWN","5540","PT.PIRIE CITY & DIST. COUNCIL ",1,0,0,0,0,2018,"June","Sunday","04:45 am","110","Not Divided","CURVED, VIEW OPEN","Level","Not Applicable","Sealed","Dry","Not Raining","Night","Left Road - Out of Control","01","Driver Rider","1: PDO","No Control","","",1290695.44,1857932.17,"12906951857932"
"2018-5895-27/05/2021","2 Metropolitan","MCLAREN VALE","5171","CITY OF ONKAPARINGA",2,0,0,0,0,2018,"June","Saturday","06:00 pm","050","T-Junction","Straight road","Level","Not Applicable","Sealed","Dry","Not Raining","Night","Right Angle","01","Driver Rider","1: PDO","No Control","","",1322444.02,1638299.5,"13224441638300"