"REPORT_ID","Stats Area","Suburb","Postcode","LGA Name","Total Units","Total Cas","Total Fats","Total SI","Total MI","Year","Month","Day","Time","Area Speed","Position Type","Horizontal Align","Vertical Align","Other Feat","Road Surface","Moisture Cond","Weather Cond","DayNight","Crash Type","Unit Resp","Entity Code","CSEF Severity","Traffic Ctrls","DUI Involved","Drugs Involved","ACCLOC_X","ACCLOC_Y","UNIQUE_LOC"
"2018-6463-27/05/2021","3 Country","MENINGIE","5264","COORONG DISTRICT COUNCIL",2,0,0,0,0,2018,"June","Monday","06:00 pm","100","Not Divided","Straight road","Level","Not Applicable","Sealed","Dry","Not Raining","Night","Hit Animal","02","Animal","1: PDO","No Control","","",1405341.73,1582488.76,"14053421582489"
"2018-6464-27/05/2021","2 Metropolitan","URRBRAE","5064","CC MITCHAM.                   ",3,0,0,0,0,2018,"June","Monday","09:45 am","100","Freeway","Straight road","Slope","Not Applicable","Sealed","Dry","Not Raining","Daylight","Side Swipe","01","Driver Rider","1: PDO","No Control","","",1332826.26,1665914.24,"13328261665914"
"2018-6465-27/05/2021","2 Metropolitan","SOMERTON PARK","5044","CITY OF HOLDFAST BAY",2,1,0,0,1,2018,"June","Monday","04:37 pm","060","T-Junction","Straight road","Level","Not Applicable","Sealed","Dry","Not Raining","Daylight","Right Turn","02","Driver Rider","2: MI","Stop Sign","","Y",1321080.22,1662887.79,"13210801662888"
"2018-6466-27/05/2021","2 Metropolitan","MORPHETT VALE","5162","CITY OF ONKAPARINGA",2,0,0,0,0,2018,"June","Monday","03:45 pm","060","Not Divided","Straight road","Level","Not Applicable","Sealed","Dry","Not Raining","Daylight","Rear End","01","Driver Rider","1: PDO","No Control","","",1322590.85,1649907.85,"13225911649908"
"2018-6467-27/05/2021","2 Metropolitan","SALISBURY EAST","5109","CITY OF SALISBURY",2,0,0,0,0,2018,"June","Monday","04:55 pm","060","Not Divided","Straight road","Level","Not Applicable","Sealed","Dry","Not Raining","Daylight","Hit Fixed Object","01","Driver Rider","1: PDO","No Control","Y","",1335409.06,1686644.97,"13354091686645"
"2018-6468-27/05/2021","2 Metropolitan","MORPHETT VALE","5162","CITY OF ONKAPARINGA",2,0,0,0,0,2018,"June","Monday","10:40 pm","080","T-Junction","Straight road","Level","Not Applicable","Sealed","Dry","Not Raining","Night","Hit Fixed Object","01","Driver Rider","1: PDO","No Control","","",1323125.76,1648769.35,"13231261648769"
"2018-6469-27/05/2021","2 Metropolitan","TUSMORE","5065","CITY OF BURNSIDE",3,0,0,0,0,2018,"June","Tuesday","07:40 am","060","Cross Road","Straight road","Level","Not Applicable","Sealed","Dry","Not Raining","Daylight","Right Angle","01","Driver Rider","1: PDO","No Control","","",1332439.61,1669049.78,"13324401669050"
"2018-6470-27/05/2021","2 Metropolitan","PAECHTOWN","5245","DC MT.BARKER.                 ",2,0,0,0,0,2018,"June","Tuesday","08:20 am","110","Freeway","Straight road","Slope","Not Applicable","Sealed","Wet","Not Raining","Daylight","Side Swipe","01","Driver Rider","1: PDO","No Control","","",1348178.34,1656503.87,"13481781656504"
"2018-6471-27/05/2021","2 Metropolitan","WINGFIELD","5013","CITY OF PORT ADELAIDE ENFIELD",2,0,0,0,0,2018,"June","Tuesday","09:05 am","060","T-Junction","Straight road","Level","Not Applicable","Sealed","Dry","Not Raining","Daylight","Right Angle","01","Driver Rider","1: PDO","Give Way Sign","","",1324774.64,1679174.77,"13247751679175"
"2018-6472-27/05/2021","2 Metropolitan","KESWICK","5035","CITY OF WEST TORRENS",2,0,0,0,0,2018,"June","Tuesday","08:14 am","060","T-Junction","Straight road","Level","Not Applicable","Sealed","Dry","Not Raining","Daylight","Right Turn","02","Driver Rider","1: PDO","No Control","","",1326559.92,1668496.69,"13265601668497"
"2018-6473-27/05/2021","2 Metropolitan","HOLDEN HILL","5088","CITY OF PORT ADELAIDE ENFIELD",2,0,0,0,0,2018,"June","Tuesday","10:05 am","060","Cross Road","Straight road","Level","Not Applicable","Sealed","Dry","Not Raining","Daylight","Right Angle","01","Driver Rider","1: PDO","Traffic Signals","","",1333825.9,1678094.42,"13338261678094"
"2018-6474-27/05/2021","2 Metropolitan","PLYMPTON","5038","CITY OF WEST TORRENS",2,1,0,0,1,2018,"June","Tuesday","06:45 am","060","Cross Road","Straight road","Level","Not Applicable","Sealed","Dry","Not Raining","Night","Rear End","02","Driver Rider","2: MI","Traffic Signals","","",1323607.6,1666121.69,"13236081666122"
"2018-6475-27/05/2021","2 Metropolitan","EDWARDSTOWN","5039","CC MARION.                    ",2,1,0,0,1,2018,"June","Tuesday","03:30 pm","060","T-Junction","Straight road","Level","Not Applicable","Sealed","Dry","Not Raining","Daylight","Right Angle","01","Driver Rider","2: MI","No Control","","",1325422.99,1663308.54,"13254231663309"
"2018-6476-27/05/2021","2 Metropolitan","NETHERBY","5062","CC MITCHAM.                   ",2,0,0,0,0,2018,"June","Tuesday","08:25 am","060","Not Divided","Straight road","Level","Not Applicable","Sealed","Dry","Not Raining","Daylight","Rear End","02","Driver Rider","1: PDO","No Control","","",1330790.27,1665485.36,"13307901665485"
"2018-6477-27/05/2021","2 Metropolitan","FINDON","5023","CITY OF CHARLES STURT",2,1,0,0,1,2018,"June","Tuesday","10:10 am","060","Not Divided","Straight road","Level","Driveway or Entrance","Sealed","Dry","Not Raining","Daylight","Hit Fixed Object","01","Driver Rider","2: MI","No Control","","",1322392.54,1674222.9,"13223931674223"
"2018-6478-27/05/2021","2 Metropolitan","ROSTREVOR","5073","CC CAMPBELLTOWN.              ",2,0,0,0,0,2018,"June","Tuesday","09:03 am","060","Divided Road","Straight road","Level","Not Applicable","Sealed","Dry","Not Raining","Daylight","Rear End","02","Driver Rider","1: PDO","No Control","","",1335433.77,1673694.71,"13354341673695"
"2018-6479-27/05/2021","2 Metropolitan","ENFIELD","5085","CITY OF PORT ADELAIDE ENFIELD",2,1,0,0,1,2018,"June","Tuesday","10:00 am","060","Divided Road","Straight road","Crest of Hill","Not Applicable","Sealed","Dry","Not Raining","Daylight","Rear End","02","Driver Rider","2: MI","No Control","","",1328844.96,1677668.61,"13288451677669"
"2018-6480-27/05/2021","2 Metropolitan","WOODVILLE GARDENS","5012","CITY OF PORT ADELAIDE ENFIELD",2,1,0,0,1,2018,"June","Tuesday","11:20 am","060","T-Junction","Straight road","Level","Not Applicable","Sealed","Dry","Not Raining","Daylight","Right Angle","02","Driver Rider","2: MI","Give Way Sign","","",1323955.07,1677047.08,"13239551677047"
"2018-6481-27/05/2021","3 Country","PORT AUGUSTA WEST","5700","CC PT.AUGUSTA.                ",2,0,0,0,0,2018,"June","Tuesday","12:10 pm","040","Not Divided","Straight road","Level","Bridge, Culvert, Causeway","Sealed","Dry","Not Raining","Daylight","Side Swipe","02","Driver Rider","1: PDO","No Control","","",1258747.56,1943103.48,"12587481943103"
"2018-6482-27/05/2021","2 Metropolitan","ALDGATE","5154","THE ADELAIDE HILLS COUNCIL",2,0,0,0,0,2018,"June","Tuesday","08:05 am","060","Not Divided","Straight road","Level","Not Applicable","Sealed","Dry","Not Raining","Daylight","Hit Fixed Object","01","Driver Rider","1: PDO","No Control","","",1340927.21,1660539.87,"13409271660540"
"2018-6483-27/05/2021","2 Metropolitan","MCLAREN VALE","5171","CITY OF ONKAPARINGA",2,0,0,0,0,2018,"June","Tuesday","11:59 am","080","Not Divided","Straight road","Level","Not Applicable","Sealed","Dry","Not Raining","Daylight","Hit Fixed Object","01","Driver Rider","1: PDO","No Control","","",1322983.1,1635287.44,"13229831635287"
"2018-6484-27/05/2021","2 Metropolitan","WINGFIELD","5013","CITY OF PORT ADELAIDE ENFIELD",2,0,0,0,0,2018,"June","Tuesday","10:25 am","060","Divided Road","Straight road","Level","Not Applicable","Sealed","Dry","Not Raining","Daylight","Rear End","02","Driver Rider","1: PDO","No Control","","",1326664.27,1679173.41,"13266641679173"
"2018-6485-27/05/2021","2 Metropolitan","KESWICK TERMINAL","5035","CITY OF WEST TORRENS",2,0,0,0,0,2018,"June","Tuesday","01:10 pm","060","Cross Road","Straight road","Level","Not Applicable","Sealed","Dry","Not Raining","Daylight","Right Turn","02","Driver Rider","1: PDO","Traffic Signals","","",1326431.95,1668966.24,"13264321668966"
"2018-6486-27/05/2021","2 Metropolitan","STURT","5047","CC MARION.                    ",2,1,0,0,1,2018,"June","Monday","03:30 pm","060","Divided Road","Straight road","Level","Not Applicable","Sealed","Dry","Not Raining","Daylight","Rear End","02","Driver Rider","2: MI","No Control","","",1323607.5,1660651.15,"13236081660651"
"2018-6487-27/05/2021","2 Metropolitan","KORUNYE","5502","DC MALLALA.                   ",2,1,0,1,0,2018,"June","Tuesday","02:30 pm","100","Rail Crossing","Straight road","Slope","Not Applicable","Unsealed","Dry","Not Raining","Daylight","Right Angle","02","Driver Rider","3: SI","Stop Sign","","",1321888.07,1710089.9,"13218881710090"
"2018-6488-27/05/2021","2 Metropolitan","FLINDERS PARK","5025","CITY OF CHARLES STURT",2,0,0,0,0,2018,"June","Tuesday","03:30 pm","060","Cross Road","Straight road","Level","Not Applicable","Sealed","Dry","Not Raining","Daylight","Right Turn","02","Driver Rider","1: PDO","Traffic Signals","","",1323667.72,1673152.85,"13236681673153"
"2018-6489-27/05/2021","3 Country","PENOLA","5277","WATTLE RANGE COUNCIL",2,0,0,0,0,2018,"June","Tuesday","04:20 pm","050","Cross Road","Straight road","Level","Not Applicable","Sealed","Dry","Not Raining","Daylight","Right Angle","02","Driver Rider","1: PDO","Stop Sign","","",1517751.8,1389968.47,"15177521389968"
"2018-6490-27/05/2021","2 Metropolitan","WEST LAKES","5021","CITY OF CHARLES STURT",2,2,0,1,1,2018,"June","Tuesday","02:40 pm","060","Cross Road","Straight road","Level","Not Applicable","Sealed","Dry","Not Raining","Daylight","Right Angle","02","Driver Rider","3: SI","Traffic Signals","","",1319894.09,1678291.82,"13198941678292"
"2018-6491-27/05/2021","3 Country","KINGSTON SE","5275","DC KINGSTON.",3,1,0,0,1,2018,"June","Tuesday","02:30 pm","050","Not Divided","Straight road","Level","Not Applicable","Sealed","Dry","Not Raining","Daylight","Hit Fixed Object","01","Driver Rider","2: MI","No Control","","",1433431.66,1455087.21,"14334321455087"
"2018-6492-27/05/2021","2 Metropolitan","CAVAN","5094","CITY OF SALISBURY",2,0,0,0,0,2018,"June","Tuesday","03:05 pm","060","Cross Road","Straight road","Level","Roadworks","Sealed","Dry","Not Raining","Daylight","Side Swipe","02","Driver Rider","1: PDO","Traffic Signals","","",1328720.71,1681534.83,"13287211681535"
"2018-6493-27/05/2021","2 Metropolitan","NEWTON","5074","CC CAMPBELLTOWN.              ",2,1,0,0,1,2018,"June","Monday","05:30 pm","060","T-Junction","Straight road","Level","Not Applicable","Sealed","Dry","Not Raining","Night","Rear End","02","Driver Rider","2: MI","Stop Sign","","",1337017.24,1675378.51,"13370171675379"
"2018-6494-27/05/2021","2 Metropolitan","ELIZABETH EAST","5112","CITY OF PLAYFORD.",2,1,0,0,1,2018,"June","Tuesday","06:10 pm","080","Divided Road","Straight road","Level","Not Applicable","Sealed","Dry","Not Raining","Night","Rear End","02","Driver Rider","2: MI","No Control","","",1336098.2,1692269.62,"13360981692270"
"2018-6495-27/05/2021","2 Metropolitan","KIDMAN PARK","5025","CITY OF CHARLES STURT",2,1,0,0,1,2018,"June","Tuesday","05:50 pm","060","T-Junction","Straight road","Level","Not Applicable","Sealed","Dry","Not Raining","Night","Right Angle","02","Driver Rider","2: MI","No Control","","",1321925.68,1673105.84,"13219261673106"
"2018-6496-27/05/2021","2 Metropolitan","MORPHETT VALE","5162","CITY OF ONKAPARINGA",2,1,0,0,1,2018,"June","Tuesday","02:52 pm","060","Not Divided","Straight road","Level","Driveway or Entrance","Sealed","Dry","Not Raining","Daylight","Rear End","01","Driver Rider","2: MI","No Control","","",1321981.89,1648241.44,"13219821648241"
"2018-6497-27/05/2021","2 Metropolitan","PARA HILLS","5096","CITY OF SALISBURY",2,1,0,1,0,2018,"June","Tuesday","05:20 pm","050","T-Junction","Straight road","Slope","Not Applicable","Sealed","Dry","Not Raining","Night","Right Turn","01","Driver Rider","3: SI","No Control","","",1334054.86,1682616.63,"13340551682617"
"2018-6498-27/05/2021","2 Metropolitan","MODBURY","5092","CITY OF TEA TREE GULLY",2,1,0,0,1,2018,"June","Tuesday","05:52 pm","060","Divided Road","Straight road","Level","Not Applicable","Sealed","Dry","Not Raining","Night","Side Swipe","01","Driver Rider","2: MI","No Control","","",1336879.46,1680814.49,"13368791680814"
"2018-6499-27/05/2021","2 Metropolitan","MOUNT BARKER","5251","DC MT.BARKER.                 ",2,1,0,0,1,2018,"June","Tuesday","05:05 pm","060","Cross Road","CURVED, VIEW OPEN","Slope","Not Applicable","Sealed","Dry","Not Raining","Daylight","Right Angle","02","Driver Rider","2: MI","Roundabout","","",1351409.02,1653530.17,"13514091653530"
"2018-6500-27/05/2021","2 Metropolitan","ELIZABETH EAST","5112","CITY OF PLAYFORD.",2,0,0,0,0,2018,"June","Tuesday","06:25 pm","080","Divided Road","Straight road","Level","Not Applicable","Sealed","Dry","Not Raining","Night","Rear End","02","Driver Rider","1: PDO","No Control","","",1335943.26,1693227.98,"13359431693228"
"2018-6501-27/05/2021","2 Metropolitan","WAYVILLE","5034","CITY OF UNLEY",2,0,0,0,0,2018,"June","Tuesday","06:35 pm","060","T-Junction","Straight road","Level","Not Applicable","Sealed","Dry","Not Raining","Night","Right Angle","02","Driver Rider","1: PDO","No Control","","",1327449.34,1668238.38,"13274491668238"
"2018-6502-27/05/2021","2 Metropolitan","COLLINSWOOD","5081","CITY OF PROSPECT",2,0,0,0,0,2018,"June","Tuesday","05:50 pm","060","T-Junction","Straight road","Level","Not Applicable","Sealed","Dry","Not Raining","Night","Right Turn","01","Driver Rider","1: PDO","No Control","","",1330284.03,1675048.18,"13302841675048"
"2018-6503-27/05/2021","2 Metropolitan","WEST HINDMARSH","5007","CITY OF CHARLES STURT",2,0,0,0,0,2018,"June","Tuesday","04:30 pm","060","T-Junction","Straight road","Slope","Not Applicable","Sealed","Dry","Not Raining","Daylight","Right Angle","01","Driver Rider","1: PDO","No Control","","",1325145.28,1673183.42,"13251451673183"
"2018-6504-27/05/2021","2 Metropolitan","WAYVILLE","5034","CITY OF UNLEY",2,0,0,0,0,2018,"June","Tuesday","05:52 pm","060","Divided Road","Straight road","Level","Not Applicable","Sealed","Dry","Not Raining","Night","Rear End","02","Driver Rider","1: PDO","No Control","","",1327647.5,1668941,"13276481668941"
"2018-6505-27/05/2021","1 City","ADELAIDE","5000","CITY OF ADELAIDE",1,0,0,0,0,2018,"June","Tuesday","07:15 pm","050","Cross Road","Straight road","Level","Not Applicable","Sealed","Dry","Not Raining","Night","Roll Over","01","Driver Rider","1: PDO","Traffic Signals","","",1327386.29,1670322.63,"13273861670323"
"2018-6506-27/05/2021","1 City","ADELAIDE","5000","CITY OF ADELAIDE",2,0,0,0,0,2018,"June","Tuesday","07:01 pm","060","Divided Road","Straight road","Level","Not Applicable","Sealed","Dry","Not Raining","Night","Hit Parked Vehicle","01","Driver Rider","1: PDO","No Control","Y","",1327159.98,1670309.06,"13271601670309"
"2018-6507-27/05/2021","2 Metropolitan","SALISBURY DOWNS","5108","CITY OF SALISBURY",3,0,0,0,0,2018,"June","Tuesday","09:12 pm","060","Cross Road","Straight road","Level","Not Applicable","Sealed","Dry","Not Raining","Night","Side Swipe","02","Driver Rider","1: PDO","Traffic Signals","","",1331452.34,1686817.44,"13314521686817"
"2018-6508-27/05/2021","2 Metropolitan","REYNELLA","5161","CITY OF ONKAPARINGA",2,1,0,0,1,2018,"June","Tuesday","10:20 pm","100","Freeway","CURVED, VIEW OPEN","Slope","Not Applicable","Sealed","Dry","Not Raining","Night","Rear End","02","Driver Rider","2: MI","No Control","Y","",1321056.53,1652492.43,"13210571652492"
"2018-6509-27/05/2021","3 Country","RENMARK","5341","DC RENMARK PARINGA            ",2,1,0,0,1,2018,"June","Tuesday","09:22 pm","060","Cross Road","Straight road","Level","Not Applicable","Sealed","Dry","Not Raining","Night","Right Angle","01","Driver Rider","2: MI","Give Way Sign","","",1528202.36,1744963.83,"15282021744964"
"2018-6510-27/05/2021","2 Metropolitan","STIRLING","5152","THE ADELAIDE HILLS COUNCIL",3,1,0,1,0,2018,"June","Wednesday","01:32 am","110","Freeway","Straight road","Level","Not Applicable","Sealed","Dry","Not Raining","Night","Rear End","02","Driver Rider","3: SI","No Control","","Y",1339712.66,1662165.71,"13397131662166"
"2018-6511-27/05/2021","2 Metropolitan","OLD REYNELLA","5161","CITY OF ONKAPARINGA",3,1,0,0,1,2018,"June","Tuesday","02:15 pm","050","Not Divided","Straight road","Slope","Not Applicable","Sealed","Dry","Not Raining","Daylight","Hit Parked Vehicle","01","Driver Rider","2: MI","No Control","","",1322819.87,1652235.87,"13228201652236"
"2018-6512-27/05/2021","2 Metropolitan","GLENSIDE","5065","CITY OF BURNSIDE",2,0,0,0,0,2018,"June","Wednesday","07:05 am","060","Cross Road","Straight road","Level","Not Applicable","Sealed","Dry","Not Raining","Night","Right Turn","02","Driver Rider","1: PDO","Traffic Signals","","",1330687.25,1668997.74,"13306871668998"
"2018-6513-27/05/2021","2 Metropolitan","KLEMZIG","5087","CITY OF PORT ADELAIDE ENFIELD",2,0,0,0,0,2018,"June","Wednesday","07:52 am","050","Cross Road","Straight road","Level","Not Applicable","Sealed","Dry","Not Raining","Daylight","Right Angle","01","Driver Rider","1: PDO","Give Way Sign","","",1332317.95,1676610.97,"13323181676611"
"2018-6514-27/05/2021","3 Country","ARMAGH","5453","CLARE AND GILBERT VALLEYS DISTRICT COUNCIL",2,0,0,0,0,2018,"June","Wednesday","08:15 am","100","Cross Road","Straight road","Level","Not Applicable","Sealed","Dry","Not Raining","Daylight","Rear End","02","Driver Rider","1: PDO","Give Way Sign","","",1329477.85,1791045.93,"13294781791046"
"2018-6515-27/05/2021","2 Metropolitan","MYRTLE BANK","5064","CITY OF UNLEY",2,0,0,0,0,2018,"June","Tuesday","03:02 pm","040","Not Divided","Straight road","Level","Driveway or Entrance","Sealed","Dry","Not Raining","Daylight","Hit Parked Vehicle","02","Driver Rider","1: PDO","No Control","","",1331805.45,1667176.4,"13318051667176"
"2018-6516-27/05/2021","2 Metropolitan","GLYNDE","5070","CC OF NORWOOD,PAYNEHAM & ST PETERS",3,1,0,0,1,2018,"June","Tuesday","06:10 pm","060","Cross Road","Straight road","Level","Not Applicable","Sealed","Dry","Not Raining","Night","Rear End","02","Driver Rider","2: MI","Traffic Signals","","",1333785.54,1674516.59,"13337861674517"
"2018-6517-27/05/2021","2 Metropolitan","OLD NOARLUNGA","5168","CITY OF ONKAPARINGA",3,1,0,0,1,2018,"June","Wednesday","08:56 am","060","Not Divided","CURVED, VIEW OPEN","Slope","Not Applicable","Sealed","Dry","Not Raining","Daylight","Rear End","01","Driver Rider","2: MI","No Control","","",1318325.37,1641692.19,"13183251641692"
"2018-6518-27/05/2021","2 Metropolitan","MEDINDIE","5081","WALKERVILLE TOWN COUNCIL",2,1,0,0,1,2018,"June","Wednesday","09:50 am","060","Divided Road","Straight road","Level","Not Applicable","Sealed","Dry","Not Raining","Daylight","Rear End","02","Driver Rider","2: MI","No Control","","",1328390.9,1673716.64,"13283911673717"
"2018-6519-27/05/2021","2 Metropolitan","MORPHETT VALE","5162","CITY OF ONKAPARINGA",2,4,0,0,4,2018,"June","Wednesday","08:55 am","060","Cross Road","Straight road","Level","Not Applicable","Sealed","Dry","Not Raining","Daylight","Right Turn","02","Driver Rider","2: MI","Traffic Signals","","",1320772.94,1649856.29,"13207731649856"
"2018-6520-27/05/2021","2 Metropolitan","MITCHELL PARK","5043","CC MARION.                    ",2,1,0,0,1,2018,"June","Wednesday","08:10 am","060","Divided Road","Straight road","Level","Not Applicable","Sealed","Dry","Not Raining","Daylight","Rear End","02","Driver Rider","2: MI","No Control","","",1324361.43,1662147.86,"13243611662148"
"2018-6521-27/05/2021","2 Metropolitan","HENLEY BEACH SOUTH","5022","CITY OF CHARLES STURT",2,1,0,0,1,2018,"June","Wednesday","07:45 am","050","Cross Road","Straight road","Slope","Not Applicable","Sealed","Dry","Not Raining","Daylight","Right Angle","01","Driver Rider","2: MI","Roundabout","","",1319011.68,1670996.19,"13190121670996"
"2018-6522-27/05/2021","2 Metropolitan","NORWOOD","5067","CC OF NORWOOD,PAYNEHAM & ST PETERS",2,1,0,0,1,2018,"June","Tuesday","02:10 pm","060","Cross Road","CURVED, VIEW OPEN","Level","Not Applicable","Sealed","Dry","Not Raining","Daylight","Right Angle","02","Driver Rider","2: MI","Roundabout","","",1330623.32,1670361.88,"13306231670362"
"2018-6523-27/05/2021","2 Metropolitan","GLENALTA","5052","CC MITCHAM.                   ",2,0,0,0,0,2018,"June","Wednesday","08:15 am","060","Not Divided","CURVED, VIEW OBSCURED","Slope","Not Applicable","Sealed","Dry","Not Raining","Daylight","Side Swipe","02","Driver Rider","1: PDO","No Control","","",1331259.19,1660757.31,"13312591660757"
"2018-6524-27/05/2021","2 Metropolitan","MUNNO PARA","5115","CITY OF PLAYFORD.",2,1,0,0,1,2018,"June","Friday","06:05 pm","060","Cross Road","Straight road","Level","Not Applicable","Sealed","Dry","Not Raining","Night","Rear End","02","Driver Rider","2: MI","Roundabout","","",1337173.84,1698251.31,"13371741698251"
"2018-6525-27/05/2021","3 Country","MURRAY BRIDGE","5253","RC MURRAY BRIDGE.             ",2,1,0,0,1,2018,"June","Wednesday","10:30 am","050","T-Junction","Straight road","Level","Not Applicable","Sealed","Dry","Not Raining","Daylight","Right Angle","02","Driver Rider","2: MI","No Control","","",1388669.96,1646725.36,"13886701646725"
"2018-6526-27/05/2021","2 Metropolitan","MARDEN","5070","CC OF NORWOOD,PAYNEHAM & ST PETERS",3,1,0,0,1,2018,"June","Wednesday","11:00 am","060","T-Junction","Straight road","Level","Not Applicable","Sealed","Dry","Not Raining","Daylight","Rear End","01","Driver Rider","2: MI","Traffic Signals","","",1332501.04,1673941.48,"13325011673941"
"2018-6527-27/05/2021","2 Metropolitan","VALE PARK","5081","WALKERVILLE TOWN COUNCIL",2,0,0,0,0,2018,"June","Wednesday","08:15 am","060","Cross Road","Straight road","Level","Not Applicable","Sealed","Dry","Not Raining","Daylight","Right Turn","02","Driver Rider","1: PDO","Traffic Signals","","",1330645.93,1675348.15,"13306461675348"
"2018-6528-27/05/2021","2 Metropolitan","HALLETT COVE","5158","CC MARION.                    ",2,0,0,0,0,2018,"June","Wednesday","10:23 am","080","T-Junction","Straight road","Level","Not Applicable","Sealed","Dry","Not Raining","Daylight","Rear End","02","Driver Rider","1: PDO","Traffic Signals","","",1320537.37,1654084.41,"13205371654084"
"2018-6529-27/05/2021","2 Metropolitan","HAHNDORF","5245","DC MT.BARKER.                 ",2,0,0,0,0,2018,"June","Wednesday","12:00 pm","040","Not Divided","Straight road","Level","Not Applicable","Sealed","Dry","Not Raining","Daylight","Rear End","01","Driver Rider","1: PDO","No Control","","",1347170.98,1658674.16,"13471711658674"
"2018-6530-27/05/2021","2 Metropolitan","ELIZABETH","5112","CITY OF PLAYFORD.",2,0,0,0,0,2018,"June","Wednesday","09:50 am","060","Not Divided","Straight road","Level","Not Applicable","Sealed","Dry","Not Raining","Daylight","Hit Parked Vehicle","01","Driver Rider","1: PDO","No Control","","",1335164.73,1693148.98,"13351651693149"
"2018-6531-27/05/2021","3 Country","COOMANDOOK","5261","COORONG DISTRICT COUNCIL",2,1,0,0,1,2018,"June","Wednesday","12:30 pm","110","Not Divided","Straight road","Level","Not Applicable","Sealed","Dry","Not Raining","Daylight","Hit Fixed Object","01","Driver Rider","2: MI","No Control","","",1424513.69,1607165.9,"14245141607166"
"2018-6532-27/05/2021","2 Metropolitan","STEPNEY","5069","CC OF NORWOOD,PAYNEHAM & ST PETERS",4,1,0,0,1,2018,"June","Wednesday","02:05 pm","060","T-Junction","Straight road","Level","Not Applicable","Sealed","Dry","Not Raining","Daylight","Right Angle","02","Driver Rider","2: MI","Stop Sign","","",1331172.71,1672480.14,"13311731672480"
"2018-6533-27/05/2021","3 Country","WINDSOR","5501","DC MALLALA.                   ",1,0,0,0,0,2018,"June","Wednesday","02:00 pm","110","Not Divided","Straight road","Level","Not Applicable","Sealed","Dry","Not Raining","Daylight","Roll Over","01","Driver Rider","1: PDO","No Control","","",1304942.28,1729304.4,"13049421729304"
"2018-6534-27/05/2021","2 Metropolitan","GOLDEN GROVE","5125","CITY OF TEA TREE GULLY",2,0,0,0,0,2018,"June","Monday","09:10 pm","060","Not Divided","CURVED, VIEW OPEN","Slope","Driveway or Entrance","Sealed","Dry","Not Raining","Night","Hit Fixed Object","01","Driver Rider","1: PDO","No Control","","",1337527.46,1685127.62,"13375271685128"
"2018-6535-27/05/2021","2 Metropolitan","SALISBURY","5108","CITY OF SALISBURY",2,0,0,0,0,2018,"June","Wednesday","10:20 am","060","Divided Road","Straight road","Level","Not Applicable","Sealed","Dry","Not Raining","Daylight","Rear End","02","Driver Rider","1: PDO","No Control","","",1332516.72,1688157.93,"13325171688158"
"2018-6536-27/05/2021","3 Country","TANUNDA","5352","THE BAROSSA COUNCIL.",2,0,0,0,0,2018,"June","Wednesday","02:25 pm","050","T-Junction","Straight road","Level","Not Applicable","Sealed","Dry","Not Raining","Daylight","Rear End","01","Driver Rider","1: PDO","No Control","","",1362949.24,1713965.79,"13629491713966"
"2018-6537-27/05/2021","2 Metropolitan","RENOWN PARK","5008","CITY OF CHARLES STURT",2,0,0,0,0,2018,"June","Thursday","03:20 pm","060","T-Junction","Straight road","Level","Not Applicable","Sealed","Dry","Not Raining","Daylight","Right Angle","02","Driver Rider","1: PDO","No Control","","",1326562.93,1674384.05,"13265631674384"
"2018-6538-27/05/2021","3 Country","CEDUNA","5690","DC CEDUNA                     ",2,0,0,0,0,2018,"June","Wednesday","08:29 am","060","Divided Road","Straight road","Level","Not Applicable","Sealed","Dry","Not Raining","Daylight","Rear End","02","Driver Rider","1: PDO","No Control","","",875246.47,1985292.67,"08752461985293"
"2018-6539-27/05/2021","2 Metropolitan","ROYSTON PARK","5070","CC OF NORWOOD,PAYNEHAM & ST PETERS",2,0,0,0,0,2018,"June","Wednesday","01:00 pm","060","Not Divided","Straight road","Level","Not Applicable","Sealed","Dry","Not Raining","Daylight","Rear End","01","Driver Rider","1: PDO","No Control","","",1331773.12,1673279.36,"13317731673279"
"2018-6540-27/05/2021","2 Metropolitan","PLYMPTON","5038","CITY OF WEST TORRENS",2,0,0,0,0,2018,"June","Wednesday","03:30 pm","060","Cross Road","Straight road","Level","Not Applicable","Sealed","Dry","Not Raining","Daylight","Right Angle","01","Driver Rider","1: PDO","Traffic Signals","","",1325020,1667161.99,"13250201667162"
"2018-6541-27/05/2021","2 Metropolitan","GAWLER","5118","CT GAWLER.                    ",3,1,0,0,1,2018,"June","Wednesday","03:05 pm","050","Not Divided","Straight road","Level","Not Applicable","Sealed","Dry","Not Raining","Daylight","Side Swipe","02","Driver Rider","2: MI","No Control","","",1342883.41,1706951.2,"13428831706951"
"2018-6542-27/05/2021","2 Metropolitan","SALISBURY EAST","5109","CITY OF SALISBURY",2,1,0,0,1,2018,"June","Wednesday","03:24 pm","050","T-Junction","Straight road","Level","Not Applicable","Sealed","Dry","Not Raining","Daylight","Hit Fixed Object","01","Driver Rider","2: MI","No Control","","",1335897.79,1687351.12,"13358981687351"
"2018-6543-27/05/2021","3 Country","PORT ELLIOT","5212","ALEXANDRINA COUNCIL",2,0,0,0,0,2018,"June","Friday","02:30 pm","100","Not Divided","CURVED, VIEW OBSCURED","Slope","Not Applicable","Sealed","Wet","Not Raining","Daylight","Hit Fixed Object","01","Driver Rider","1: PDO","No Control","","",1332452.95,1605283.69,"13324531605284"