"REPORT_ID","Stats Area","Suburb","Postcode","LGA Name","Total Units","Total Cas","Total Fats","Total SI","Total MI","Year","Month","Day","Time","Area Speed","Position Type","Horizontal Align","Vertical Align","Other Feat","Road Surface","Moisture Cond","Weather Cond","DayNight","Crash Type","Unit Resp","Entity Code","CSEF Severity","Traffic Ctrls","DUI Involved","Drugs Involved","ACCLOC_X","ACCLOC_Y","UNIQUE_LOC"
"2018-6787-27/05/2021","2 Metropolitan","BURTON","5110","CITY OF SALISBURY",1,0,0,0,0,2018,"July","Wednesday","01:45 pm","090","T-Junction","Straight road","Level","Not Applicable","Sealed","Dry","Not Raining","Daylight","Roll Over","01","Driver Rider","1: PDO","No Control","","",1327893.28,1691011.41,"13278931691011"
"2018-6788-27/05/2021","2 Metropolitan","HENLEY BEACH","5022","CITY OF CHARLES STURT",2,0,0,0,0,2018,"July","Wednesday","01:35 pm","050","Cross Road","Straight road","Level","Not Applicable","Sealed","Dry","Not Raining","Daylight","Right Angle","01","Driver Rider","1: PDO","Roundabout","","",1318718.7,1673021.6,"13187191673022"
"2018-6789-27/05/2021","2 Metropolitan","MORPHETT VALE","5162","CITY OF ONKAPARINGA",2,0,0,0,0,2018,"July","Wednesday","01:23 pm","060","Cross Road","Straight road","Level","Not Applicable","Sealed","Dry","Not Raining","Daylight","Right Angle","02","Driver Rider","1: PDO","Roundabout","","",1321901.02,1651049.42,"13219011651049"
"2018-6790-27/05/2021","2 Metropolitan","ST MORRIS","5068","CC OF NORWOOD,PAYNEHAM & ST PETERS",2,0,0,0,0,2018,"July","Wednesday","03:30 pm","060","Cross Road","Straight road","Level","Not Applicable","Sealed","Dry","Not Raining","Daylight","Rear End","02","Driver Rider","1: PDO","Traffic Signals","","",1333859.33,1671805.1,"13338591671805"
"2018-6791-27/05/2021","2 Metropolitan","ELIZABETH GROVE","5112","CITY OF PLAYFORD.",2,1,0,0,1,2018,"July","Wednesday","04:00 pm","080","Divided Road","Straight road","Level","Not Applicable","Sealed","Dry","Not Raining","Daylight","Side Swipe","02","Driver Rider","2: MI","No Control","","",1336114.01,1691758.59,"13361141691759"
"2018-6792-27/05/2021","2 Metropolitan","ALDINGA BEACH","5173","CITY OF ONKAPARINGA",2,0,0,0,0,2018,"July","Wednesday","02:50 pm","050","T-Junction","Straight road","Level","Not Applicable","Unsealed","Dry","Not Raining","Daylight","Hit Fixed Object","01","Driver Rider","1: PDO","No Control","","",1313416.66,1628830.24,"13134171628830"
"2018-6793-27/05/2021","2 Metropolitan","EDINBURGH NORTH","5113","CITY OF PLAYFORD.",2,1,0,0,1,2018,"July","Wednesday","04:40 pm","060","Cross Road","Straight road","Level","Not Applicable","Sealed","Dry","Not Raining","Daylight","Right Angle","01","Driver Rider","2: MI","Roundabout","","",1335244.84,1695358.22,"13352451695358"
"2018-6794-27/05/2021","2 Metropolitan","SALISBURY PLAIN","5109","CITY OF SALISBURY",3,0,0,0,0,2018,"July","Wednesday","05:02 pm","080","T-Junction","Straight road","Level","Not Applicable","Sealed","Dry","Not Raining","Daylight","Right Angle","01","Driver Rider","1: PDO","No Control","","",1334910.64,1687473.34,"13349111687473"
"2018-6795-27/05/2021","2 Metropolitan","NETHERBY","5062","CC MITCHAM.                   ",2,0,0,0,0,2018,"July","Wednesday","03:00 am","060","Not Divided","Straight road","Level","Not Applicable","Sealed","Dry","Not Raining","Night","Hit Fixed Object","01","Driver Rider","1: PDO","No Control","","",1330793.8,1665365.45,"13307941665365"
"2018-6796-27/05/2021","3 Country","WILLIAMSTOWN","5351","THE BAROSSA COUNCIL.",1,0,0,0,0,2018,"July","Wednesday","04:55 pm","100","Not Divided","CURVED, VIEW OBSCURED","Slope","Bridge, Culvert, Causeway","Sealed","Dry","Not Raining","Daylight","Left Road - Out of Control","09","Other","1: PDO","No Control","","",1352034.77,1697053.89,"13520351697054"
"2018-6797-27/05/2021","2 Metropolitan","CAMPBELLTOWN","5074","CC CAMPBELLTOWN.              ",2,0,0,0,0,2018,"July","Wednesday","09:26 pm","060","T-Junction","Straight road","Level","Not Applicable","Sealed","Dry","Not Raining","Night","Rear End","02","Driver Rider","1: PDO","Traffic Signals","","",1334468.27,1675734.19,"13344681675734"
"2018-6798-27/05/2021","2 Metropolitan","MAGILL","5072","CITY OF BURNSIDE",2,0,0,0,0,2018,"July","Wednesday","10:50 pm","060","T-Junction","Straight road","Slope","Not Applicable","Sealed","Dry","Not Raining","Night","Rear End","02","Driver Rider","1: PDO","No Control","","",1334863.59,1671831.21,"13348641671831"
"2018-6799-27/05/2021","2 Metropolitan","CHELTENHAM","5014","CITY OF CHARLES STURT",2,0,0,0,0,2018,"July","Thursday","06:40 am","060","T-Junction","Straight road","Level","Not Applicable","Sealed","Wet","Not Raining","Night","Head On","02","Driver Rider","1: PDO","Give Way Sign","","",1322188.8,1676951.34,"13221891676951"
"2018-6800-27/05/2021","2 Metropolitan","DRY CREEK","5094","CITY OF SALISBURY",2,0,0,0,0,2018,"July","Thursday","08:10 am","090","Freeway","Straight road","Level","Not Applicable","Sealed","Dry","Not Raining","Daylight","Rear End","01","Driver Rider","1: PDO","No Control","","",1328308.49,1682834.76,"13283081682835"
"2018-6801-27/05/2021","2 Metropolitan","PARAFIELD GARDENS","5107","CITY OF SALISBURY",2,0,0,0,0,2018,"July","Thursday","07:14 am","060","T-Junction","Straight road","Level","Not Applicable","Sealed","Dry","Not Raining","Night","Rear End","02","Driver Rider","1: PDO","No Control","","",1330638.14,1685788.58,"13306381685789"
"2018-6802-27/05/2021","2 Metropolitan","TORRENS PARK","5062","CC MITCHAM.                   ",2,0,0,0,0,2018,"July","Thursday","07:45 am","060","Not Divided","Straight road","Slope","Not Applicable","Sealed","Dry","Not Raining","Daylight","Side Swipe","01","Driver Rider","1: PDO","No Control","","",1329207.1,1663584.44,"13292071663584"
"2018-6803-27/05/2021","2 Metropolitan","KESWICK","5035","CITY OF WEST TORRENS",3,0,0,0,0,2018,"July","Thursday","08:00 am","050","T-Junction","Straight road","Level","Not Applicable","Sealed","Dry","Not Raining","Daylight","Rear End","01","Driver Rider","1: PDO","No Control","","",1326242.34,1668491.58,"13262421668492"
"2018-6804-27/05/2021","2 Metropolitan","ST MARYS","5042","CC MITCHAM.                   ",3,0,0,0,0,2018,"July","Thursday","08:16 am","060","Cross Road","Straight road","Level","Not Applicable","Sealed","Dry","Not Raining","Daylight","Right Turn","01","Driver Rider","1: PDO","Traffic Signals","","",1325956.08,1663322.82,"13259561663323"
"2018-6805-27/05/2021","2 Metropolitan","PORT ADELAIDE","5015","CITY OF PORT ADELAIDE ENFIELD",3,1,0,0,1,2018,"July","Thursday","09:20 am","050","T-Junction","Straight road","Level","Not Applicable","Sealed","Dry","Not Raining","Daylight","Side Swipe","01","Driver Rider","2: MI","No Control","","",1320512.02,1679539.15,"13205121679539"
"2018-6806-27/05/2021","2 Metropolitan","MORPHETT VALE","5162","CITY OF ONKAPARINGA",2,0,0,0,0,2018,"July","Wednesday","11:50 am","050","T-Junction","Straight road","Level","Not Applicable","Sealed","Dry","Not Raining","Daylight","Hit Parked Vehicle","02","Driver Rider","1: PDO","No Control","","",1321364.29,1650929.94,"13213641650930"
"2018-6807-27/05/2021","2 Metropolitan","LINDEN PARK","5065","CITY OF BURNSIDE",3,1,0,0,1,2018,"July","Tuesday","08:30 am","050","Not Divided","Straight road","Level","Not Applicable","Sealed","Dry","Not Raining","Daylight","Side Swipe","02","Driver Rider","2: MI","No Control","","",1332588.79,1668153.1,"13325891668153"
"2018-6808-27/05/2021","2 Metropolitan","MARION","5043","CC MARION.                    ",2,0,0,0,0,2018,"July","Thursday","10:10 am","060","T-Junction","Straight road","Level","Not Applicable","Sealed","Dry","Not Raining","Daylight","Right Angle","01","Driver Rider","1: PDO","No Control","","",1324388.08,1661091.08,"13243881661091"
"2018-6809-27/05/2021","3 Country","GOOLWA","5214","ALEXANDRINA COUNCIL",2,1,0,0,1,2018,"July","Sunday","11:40 am","050","Cross Road","Straight road","Level","Not Applicable","Sealed","Dry","Not Raining","Daylight","Right Angle","02","Driver Rider","2: MI","Give Way Sign","","",1342867.91,1606393.27,"13428681606393"
"2018-6810-27/05/2021","3 Country","KARATTA","5223","KANGAROO ISLAND COUNCIL",2,0,0,0,0,2018,"June","Wednesday","07:30 am","110","Not Divided","Straight road","Level","Not Applicable","Sealed","Dry","Not Raining","Daylight","Hit Animal","02","Animal","1: PDO","No Control","","",1180256.76,1557381.18,"11802571557381"
"2018-6811-27/05/2021","2 Metropolitan","KESWICK TERMINAL","5035","CITY OF WEST TORRENS",2,0,0,0,0,2018,"July","Thursday","12:40 pm","060","Cross Road","Straight road","Level","Not Applicable","Sealed","Dry","Not Raining","Daylight","Right Turn","02","Driver Rider","1: PDO","Traffic Signals","","",1326431.95,1668966.24,"13264321668966"
"2018-6812-27/05/2021","2 Metropolitan","TOORAK GARDENS","5065","CITY OF BURNSIDE",2,0,0,0,0,2018,"July","Thursday","10:30 am","060","Not Divided","Straight road","Level","Not Applicable","Sealed","Dry","Not Raining","Daylight","Hit Parked Vehicle","01","Driver Rider","1: PDO","No Control","","",1331688.39,1669559.57,"13316881669560"
"2018-6813-27/05/2021","2 Metropolitan","ELIZABETH","5112","CITY OF PLAYFORD.",2,0,0,0,0,2018,"July","Thursday","02:40 pm","060","Divided Road","Straight road","Level","Driveway or Entrance","Sealed","Wet","Not Raining","Daylight","Right Angle","02","Driver Rider","1: PDO","No Control","","",1335262.43,1692495.27,"13352621692495"
"2018-6814-27/05/2021","2 Metropolitan","MORPHETT VALE","5162","CITY OF ONKAPARINGA",2,1,0,0,1,2018,"July","Wednesday","06:48 pm","060","T-Junction","CURVED, VIEW OPEN","Slope","Not Applicable","Sealed","Dry","Not Raining","Night","Rear End","02","Driver Rider","2: MI","Give Way Sign","Y","",1320766.32,1650420.78,"13207661650421"
"2018-6815-27/05/2021","2 Metropolitan","OTTOWAY","5013","CITY OF PORT ADELAIDE ENFIELD",2,0,0,0,0,2018,"July","Thursday","04:00 pm","060","Divided Road","Straight road","Level","Not Applicable","Sealed","Dry","Not Raining","Daylight","Rear End","02","Driver Rider","1: PDO","No Control","","",1322962.73,1679139.81,"13229631679140"
"2018-6816-27/05/2021","2 Metropolitan","FULLARTON","5063","CITY OF UNLEY",2,0,0,0,0,2018,"July","Thursday","11:15 am","060","Cross Road","Straight road","Level","Not Applicable","Sealed","Dry","Not Raining","Daylight","Right Angle","02","Driver Rider","1: PDO","Stop Sign","","",1331652.33,1667508.79,"13316521667509"
"2018-6817-27/05/2021","3 Country","SANDY CREEK","5350","THE BAROSSA COUNCIL.",2,1,0,0,1,2018,"July","Thursday","02:38 pm","090","Not Divided","Straight road","Slope","Not Applicable","Sealed","Dry","Not Raining","Daylight","Hit Fixed Object","01","Driver Rider","2: MI","No Control","","",1351895.62,1706225.6,"13518961706226"
"2018-6818-27/05/2021","2 Metropolitan","CLOVELLY PARK","5042","CC MARION.                    ",2,0,0,0,0,2018,"July","Thursday","04:55 pm","050","T-Junction","Straight road","Level","Not Applicable","Sealed","Wet","Not Raining","Daylight","Side Swipe","01","Driver Rider","1: PDO","Traffic Signals","","",1325974.64,1662554.21,"13259751662554"
"2018-6819-27/05/2021","2 Metropolitan","FELIXSTOW","5070","CC OF NORWOOD,PAYNEHAM & ST PETERS",3,0,0,0,0,2018,"July","Thursday","12:45 pm","060","Divided Road","CURVED, VIEW OBSCURED","Level","Not Applicable","Sealed","Dry","Not Raining","Daylight","Side Swipe","01","Driver Rider","1: PDO","No Control","","",1332588.86,1673991.79,"13325891673992"
"2018-6820-27/05/2021","2 Metropolitan","WYNN VALE","5127","CITY OF TEA TREE GULLY",1,0,0,0,0,2018,"July","Thursday","04:05 pm","060","Divided Road","CURVED, VIEW OPEN","Slope","Not Applicable","Sealed","Wet","Not Raining","Daylight","Other","01","Driver Rider","1: PDO","No Control","","",1337326.39,1683699.28,"13373261683699"
"2018-6821-27/05/2021","1 City","ADELAIDE","5000","CITY OF ADELAIDE",2,2,0,0,2,2018,"July","Thursday","12:41 pm","050","Not Divided","Straight road","Level","Not Applicable","Sealed","Dry","Not Raining","Daylight","Side Swipe","02","Driver Rider","2: MI","No Control","","",1329052.78,1669711.58,"13290531669712"
"2018-6822-27/05/2021","2 Metropolitan","WINGFIELD","5013","CITY OF PORT ADELAIDE ENFIELD",2,0,0,0,0,2018,"July","Thursday","09:30 am","090","Freeway","Straight road","Level","Not Applicable","Sealed","Dry","Not Raining","Daylight","Side Swipe","02","Driver Rider","1: PDO","No Control","","",1326073.16,1681063.11,"13260731681063"
"2018-6823-27/05/2021","2 Metropolitan","WINGFIELD","5013","CITY OF PORT ADELAIDE ENFIELD",2,0,0,0,0,2018,"July","Wednesday","08:15 pm","060","Not Divided","CURVED, VIEW OBSCURED","Level","Not Applicable","Sealed","Dry","Not Raining","Night","Hit Fixed Object","09","Other","1: PDO","No Control","","",1326331.22,1679505.2,"13263311679505"
"2018-6824-27/05/2021","2 Metropolitan","SMITHFIELD","5114","CITY OF PLAYFORD.",2,1,0,0,1,2018,"July","Thursday","01:00 pm","050","Cross Road","Straight road","Level","Not Applicable","Sealed","Dry","Not Raining","Daylight","Hit Pedestrian","02","Driver Rider","2: MI","Roundabout","","",1337441.53,1697243.52,"13374421697244"
"2018-6825-27/05/2021","2 Metropolitan","NORWOOD","5067","CC OF NORWOOD,PAYNEHAM & ST PETERS",2,0,0,0,0,2018,"July","Thursday","06:00 pm","060","Cross Road","Straight road","Level","Not Applicable","Sealed","Dry","Not Raining","Night","Right Angle","01","Driver Rider","1: PDO","Roundabout","","",1331020.19,1671390.92,"13310201671391"
"2018-6826-27/05/2021","2 Metropolitan","GLANDORE","5037","CC MARION.                    ",2,0,0,0,0,2018,"July","Monday","04:54 pm","060","Cross Road","Straight road","Level","Not Applicable","Sealed","Dry","Not Raining","Daylight","Right Turn","02","Driver Rider","1: PDO","Stop Sign","","",1325859.89,1667032.55,"13258601667033"
"2018-6827-27/05/2021","2 Metropolitan","MARRYATVILLE","5068","CC OF NORWOOD,PAYNEHAM & ST PETERS",2,0,0,0,0,2018,"July","Thursday","07:25 pm","050","Not Divided","Straight road","Level","Not Applicable","Sealed","Wet","Raining","Night","Hit Parked Vehicle","01","Driver Rider","1: PDO","No Control","","",1332886.98,1670220.18,"13328871670220"
"2018-6828-27/05/2021","2 Metropolitan","HOPE VALLEY","5090","CITY OF TEA TREE GULLY",2,1,0,0,1,2018,"July","Thursday","07:10 pm","060","T-Junction","Straight road","Level","Not Applicable","Sealed","Dry","Not Raining","Night","Rear End","01","Driver Rider","2: MI","Traffic Signals","","",1336918.1,1679461.71,"13369181679462"
"2018-6829-27/05/2021","2 Metropolitan","CUMBERLAND PARK","5041","CC MITCHAM.                   ",3,0,0,0,0,2018,"July","Thursday","08:25 pm","050","Cross Road","Straight road","Level","Not Applicable","Sealed","Wet","Not Raining","Night","Right Angle","02","Driver Rider","1: PDO","Stop Sign","","",1326714.57,1665113.65,"13267151665114"
"2018-6830-27/05/2021","2 Metropolitan","CALLINGTON","5254","DC MT.BARKER.                 ",2,0,0,0,0,2018,"July","Thursday","08:55 pm","110","Freeway","Straight road","Level","Not Applicable","Sealed","Dry","Not Raining","Night","Hit Parked Vehicle","02","Driver Rider","1: PDO","No Control","","",1364493.01,1648359.41,"13644931648359"
"2018-6831-27/05/2021","2 Metropolitan","INGLEWOOD","5133","THE ADELAIDE HILLS COUNCIL",2,1,0,0,1,2018,"July","Friday","01:40 am","080","Not Divided","CURVED, VIEW OPEN","Slope","Not Applicable","Sealed","Wet","Raining","Night","Hit Object on Road","01","Driver Rider","2: MI","No Control","","",1345129.33,1680444.17,"13451291680444"
"2018-6832-27/05/2021","2 Metropolitan","ST AGNES","5097","CITY OF TEA TREE GULLY",3,0,0,0,0,2018,"July","Friday","06:00 am","060","T-Junction","Straight road","Level","Not Applicable","Sealed","Wet","Raining","Night","Right Angle","02","Driver Rider","1: PDO","No Control","","",1339400.16,1681890.41,"13394001681890"
"2018-6833-27/05/2021","2 Metropolitan","MOUNT GEORGE","5155","THE ADELAIDE HILLS COUNCIL",2,0,0,0,0,2018,"July","Friday","07:20 am","110","Freeway","Straight road","Level","Not Applicable","Sealed","Wet","Not Raining","Night","Side Swipe","02","Driver Rider","1: PDO","No Control","","",1341447.04,1662258.64,"13414471662259"
"2018-6834-27/05/2021","2 Metropolitan","ELIZABETH SOUTH","5112","CITY OF PLAYFORD.",2,0,0,0,0,2018,"July","Friday","08:03 am","060","Not Divided","Straight road","Level","Not Applicable","Sealed","Wet","Not Raining","Daylight","Hit Fixed Object","01","Driver Rider","1: PDO","No Control","","",1333581.34,1690617.33,"13335811690617"
"2018-6835-27/05/2021","2 Metropolitan","WEST CROYDON","5008","CITY OF CHARLES STURT",2,0,0,0,0,2018,"July","Thursday","05:00 pm","060","Divided Road","Straight road","Level","Driveway or Entrance","Sealed","Dry","Not Raining","Daylight","Right Angle","02","Driver Rider","1: PDO","No Control","","",1324901.43,1675688.36,"13249011675688"
"2018-6836-27/05/2021","2 Metropolitan","SHEIDOW PARK","5158","CC MARION.                    ",2,0,0,0,0,2018,"July","Friday","08:25 am","080","Divided Road","Straight road","Level","Not Applicable","Sealed","Dry","Not Raining","Daylight","Side Swipe","01","Driver Rider","1: PDO","No Control","","",1320583.89,1654126.25,"13205841654126"
"2018-6837-27/05/2021","2 Metropolitan","PAYNEHAM","5070","CC OF NORWOOD,PAYNEHAM & ST PETERS",2,0,0,0,0,2018,"July","Thursday","12:10 pm","060","T-Junction","Straight road","Level","Not Applicable","Sealed","Dry","Not Raining","Daylight","Right Angle","01","Driver Rider","1: PDO","No Control","","",1332175.6,1673708.55,"13321761673709"
"2018-6838-27/05/2021","2 Metropolitan","EDWARDSTOWN","5039","CC MARION.                    ",3,0,0,0,0,2018,"July","Friday","08:30 am","060","Divided Road","Straight road","Level","Not Applicable","Sealed","Wet","Not Raining","Daylight","Rear End","01","Driver Rider","1: PDO","No Control","","",1325885.2,1665751.98,"13258851665752"
"2018-6839-27/05/2021","3 Country","MCCRACKEN","5211","DC VICTOR HARBOR.             ",2,0,0,0,0,2018,"July","Thursday","10:05 am","050","T-Junction","CURVED, VIEW OPEN","Level","Not Applicable","Sealed","Dry","Not Raining","Daylight","Right Angle","01","Driver Rider","1: PDO","No Control","","",1328578.33,1602566.26,"13285781602566"
"2018-6840-27/05/2021","2 Metropolitan","HOLDEN HILL","5088","CITY OF TEA TREE GULLY",3,1,0,0,1,2018,"July","Friday","08:00 am","060","T-Junction","CURVED, VIEW OPEN","Level","Not Applicable","Sealed","Wet","Raining","Daylight","Right Angle","01","Driver Rider","2: MI","Give Way Sign","","",1335081.04,1678894.68,"13350811678895"
"2018-6841-27/05/2021","2 Metropolitan","GEPPS CROSS","5094","CITY OF PORT ADELAIDE ENFIELD",4,0,0,0,0,2018,"July","Friday","08:30 am","060","Divided Road","Straight road","Level","Not Applicable","Sealed","Wet","Not Raining","Daylight","Side Swipe","02","Driver Rider","1: PDO","No Control","","",1327313.17,1679238.11,"13273131679238"
"2018-6842-27/05/2021","3 Country","CALLINGTON","5254","RC MURRAY BRIDGE.             ",2,0,0,0,0,2018,"July","Friday","08:40 am","050","Not Divided","CURVED, VIEW OPEN","Level","Bridge, Culvert, Causeway","Sealed","Dry","Not Raining","Daylight","Hit Fixed Object","01","Driver Rider","1: PDO","No Control","","",1367937.48,1648111.87,"13679371648112"
"2018-6843-27/05/2021","3 Country","WHYALLA NORRIE","5608","CC WHYALLA.                   ",3,0,0,0,0,2018,"July","Friday","09:30 am","060","T-Junction","Straight road","Level","Not Applicable","Sealed","Dry","Not Raining","Daylight","Side Swipe","09","Other","1: PDO","Traffic Signals","","",1236312.41,1883609.89,"12363121883610"
"2018-6844-27/05/2021","2 Metropolitan","WEST LAKES SHORE","5020","CITY OF CHARLES STURT",2,1,0,0,1,2018,"March","Friday","03:30 pm","050","T-Junction","Straight road","Level","Not Applicable","Sealed","Dry","Not Raining","Daylight","Right Angle","02","Driver Rider","2: MI","No Control","","",1318602.18,1678165.57,"13186021678166"
"2018-6845-27/05/2021","2 Metropolitan","PROSPECT","5082","CITY OF PROSPECT",2,0,0,0,0,2018,"July","Thursday","02:30 pm","060","Cross Road","Straight road","Level","Not Applicable","Sealed","Dry","Not Raining","Daylight","Side Swipe","02","Driver Rider","1: PDO","Traffic Signals","","",1327236.23,1676392.98,"13272361676393"
"2018-6846-27/05/2021","3 Country","WIRRINA COVE","5204","DC YANKALILLA.                ",2,1,0,0,1,2018,"July","Thursday","06:00 pm","100","Not Divided","CURVED, VIEW OBSCURED","Level","Not Applicable","Sealed","Wet","Unknown","Night","Roll Over","01","Driver Rider","2: MI","No Control","","",1297402.5,1608947.21,"12974031608947"
"2018-6847-27/05/2021","2 Metropolitan","CAMPBELLTOWN","5074","CC CAMPBELLTOWN.              ",2,0,0,0,0,2018,"July","Thursday","12:46 pm","060","T-Junction","Straight road","Level","Not Applicable","Sealed","Dry","Not Raining","Daylight","Rear End","01","Driver Rider","1: PDO","Traffic Signals","","",1334468.27,1675734.19,"13344681675734"
"2018-6848-27/05/2021","3 Country","PORT AUGUSTA WEST","5700","CC PT.AUGUSTA.                ",3,0,0,0,0,2018,"July","Friday","10:40 am","050","Not Divided","Straight road","Level","Not Applicable","Sealed","Dry","Not Raining","Daylight","Hit Parked Vehicle","02","Driver Rider","1: PDO","No Control","","",1258143.04,1944055.75,"12581431944056"
"2018-6849-27/05/2021","2 Metropolitan","SOUTH BRIGHTON","5048","CITY OF HOLDFAST BAY",2,1,0,0,1,2018,"July","Friday","10:25 am","060","T-Junction","Straight road","Level","Not Applicable","Sealed","Dry","Not Raining","Daylight","Hit Fixed Object","01","Driver Rider","2: MI","No Control","","",1321159.45,1660174.3,"13211591660174"
"2018-6850-27/05/2021","2 Metropolitan","PARK HOLME","5043","CC MARION.                    ",2,0,0,0,0,2018,"July","Friday","09:36 am","060","Cross Road","Straight road","Level","Not Applicable","Sealed","Dry","Not Raining","Daylight","Rear End","01","Driver Rider","1: PDO","Traffic Signals","","",1324332.9,1663286.92,"13243331663287"
"2018-6851-27/05/2021","2 Metropolitan","MITCHELL PARK","5043","CC MARION.                    ",2,1,0,0,1,2018,"July","Friday","10:50 am","060","Divided Road","Straight road","Level","Not Applicable","Sealed","Dry","Not Raining","Daylight","Rear End","02","Driver Rider","2: MI","No Control","","",1324348.57,1662582.92,"13243491662583"
"2018-6852-27/05/2021","2 Metropolitan","ST MARYS","5042","CC MITCHAM.                   ",2,0,0,0,0,2018,"July","Wednesday","07:00 am","060","Divided Road","Straight road","Level","Not Applicable","Sealed","Dry","Not Raining","Night","Side Swipe","02","Driver Rider","1: PDO","No Control","","",1325963.22,1663007.93,"13259631663008"
"2018-6853-27/05/2021","2 Metropolitan","CAMDEN PARK","5038","CITY OF WEST TORRENS",2,0,0,0,0,2018,"July","Friday","08:00 am","050","Cross Road","Straight road","Level","Roadworks","Sealed","Dry","Not Raining","Daylight","Right Angle","02","Driver Rider","1: PDO","Give Way Sign","","",1322844.31,1666111.11,"13228441666111"
"2018-6854-27/05/2021","3 Country","YORKETOWN","5576","YORKE PENINSULA COUNCIL",2,1,0,1,0,2018,"July","Friday","08:30 am","100","Not Divided","CURVED, VIEW OBSCURED","Crest of Hill","Not Applicable","Sealed","Wet","Not Raining","Daylight","Hit Fixed Object","01","Driver Rider","3: SI","No Control","","",1235664.51,1663101.76,"12356651663102"
"2018-6855-27/05/2021","2 Metropolitan","MORPHETTVILLE","5043","CC MARION.                    ",2,1,0,0,1,2018,"July","Friday","01:24 pm","050","Not Divided","Straight road","Level","Not Applicable","Sealed","Wet","Not Raining","Daylight","Rear End","02","Driver Rider","2: MI","No Control","","",1323061.66,1664710.41,"13230621664710"
"2018-6856-27/05/2021","2 Metropolitan","TUSMORE","5065","CITY OF BURNSIDE",2,0,0,0,0,2018,"July","Tuesday","07:30 pm","060","Divided Road","Straight road","Level","Not Applicable","Sealed","Dry","Not Raining","Night","Hit Parked Vehicle","01","Driver Rider","1: PDO","No Control","Y","",1332314.79,1669134.65,"13323151669135"
"2018-6857-27/05/2021","2 Metropolitan","GOLDEN GROVE","5125","CITY OF TEA TREE GULLY",2,1,0,0,1,2018,"July","Friday","01:50 pm","060","T-Junction","Straight road","Level","Not Applicable","Sealed","Dry","Not Raining","Daylight","Right Angle","02","Driver Rider","2: MI","No Control","","",1338995.83,1686245.12,"13389961686245"
"2018-6858-27/05/2021","2 Metropolitan","KLEMZIG","5087","CITY OF PORT ADELAIDE ENFIELD",2,1,0,0,1,2018,"July","Friday","12:15 pm","060","Cross Road","Straight road","Level","Not Applicable","Sealed","Dry","Not Raining","Daylight","Right Angle","02","Driver Rider","2: MI","Traffic Signals","","",1331685.71,1676259.54,"13316861676260"
"2018-6859-27/05/2021","2 Metropolitan","VALE PARK","5081","WALKERVILLE TOWN COUNCIL",2,1,0,0,1,2018,"July","Thursday","11:45 pm","060","Cross Road","Straight road","Level","Not Applicable","Sealed","Wet","Raining","Night","Right Turn","02","Driver Rider","2: MI","Traffic Signals","","",1330645.93,1675348.15,"13306461675348"
"2018-6860-27/05/2021","3 Country","MOUNT GAMBIER","5290","CC MT.GAMBIER.                ",2,0,0,0,0,2018,"July","Friday","12:05 pm","050","T-Junction","Straight road","Slope","Not Applicable","Sealed","Wet","Raining","Daylight","Right Angle","02","Driver Rider","1: PDO","No Control","","",1510148.53,1340319.04,"15101491340319"
"2018-6861-27/05/2021","2 Metropolitan","MAGILL","5072","CC CAMPBELLTOWN.              ",2,1,0,0,1,2018,"July","Thursday","05:45 pm","050","Not Divided","Straight road","Level","Not Applicable","Sealed","Dry","Not Raining","Night","Hit Fixed Object","01","Driver Rider","2: MI","No Control","","",1335399.42,1673282.95,"13353991673283"
"2018-6862-27/05/2021","1 City","NORTH ADELAIDE","5006","CITY OF ADELAIDE",2,0,0,0,0,2018,"July","Friday","04:00 pm","060","Divided Road","Straight road","Level","Not Applicable","Sealed","Dry","Not Raining","Daylight","Rear End","02","Driver Rider","1: PDO","No Control","","",1329431.66,1673184.06,"13294321673184"
"2018-6863-27/05/2021","2 Metropolitan","FULHAM GARDENS","5024","CITY OF CHARLES STURT",2,0,0,0,0,2018,"July","Wednesday","03:00 pm","060","Cross Road","Straight road","Level","Not Applicable","Sealed","Dry","Not Raining","Daylight","Side Swipe","02","Driver Rider","1: PDO","Traffic Signals","","",1320790.05,1673070.27,"13207901673070"
"2018-6864-27/05/2021","2 Metropolitan","ECHUNGA","5153","DC MT.BARKER.                 ",1,0,0,0,0,2018,"July","Friday","01:50 pm","080","Not Divided","CURVED, VIEW OBSCURED","Slope","Not Applicable","Sealed","Dry","Not Raining","Daylight","Left Road - Out of Control","09","Other","1: PDO","No Control","","",1347062.89,1650549.8,"13470631650550"
"2018-6865-27/05/2021","2 Metropolitan","DAW PARK","5041","CC MITCHAM.                   ",2,1,0,0,1,2018,"July","Friday","01:10 pm","060","Divided Road","Straight road","Level","Driveway or Entrance","Sealed","Dry","Not Raining","Daylight","Hit Pedestrian","01","Driver Rider","2: MI","No Control","","",1327578.65,1663576.15,"13275791663576"
"2018-6866-27/05/2021","2 Metropolitan","CUMBERLAND PARK","5041","CC MITCHAM.                   ",2,1,0,0,1,2018,"July","Friday","04:10 pm","040","Cross Road","Straight road","Level","Not Applicable","Sealed","Dry","Not Raining","Daylight","Right Turn","01","Driver Rider","2: MI","Traffic Signals","","",1326683.82,1666179.98,"13266841666180"
"2018-6867-27/05/2021","3 Country","PORT AUGUSTA","5700","CC PT.AUGUSTA.                ",2,0,0,0,0,2018,"July","Friday","04:30 pm","050","Not Divided","Straight road","Level","Not Applicable","Sealed","Dry","Not Raining","Daylight","Side Swipe","02","Driver Rider","1: PDO","No Control","","",1259746.66,1941839.98,"12597471941840"