"REPORT_ID","Stats Area","Suburb","Postcode","LGA Name","Total Units","Total Cas","Total Fats","Total SI","Total MI","Year","Month","Day","Time","Area Speed","Position Type","Horizontal Align","Vertical Align","Other Feat","Road Surface","Moisture Cond","Weather Cond","DayNight","Crash Type","Unit Resp","Entity Code","CSEF Severity","Traffic Ctrls","DUI Involved","Drugs Involved","ACCLOC_X","ACCLOC_Y","UNIQUE_LOC"
"2018-6868-27/05/2021","2 Metropolitan","PROSPECT","5082","CITY OF PROSPECT",2,0,0,0,0,2018,"July","Friday","04:30 pm","060","Pedestrian Crossing","Straight road","Level","Not Applicable","Sealed","Dry","Not Raining","Daylight","Rear End","01","Driver Rider","1: PDO","Traffic Signals","","",1327480.32,1676407.86,"13274801676408"
"2018-6869-27/05/2021","2 Metropolitan","ELIZABETH PARK","5113","CITY OF PLAYFORD.",2,0,0,0,0,2018,"July","Friday","05:00 pm","060","Cross Road","Straight road","Slope","Not Applicable","Sealed","Dry","Not Raining","Daylight","Rear End","01","Driver Rider","1: PDO","Traffic Signals","","",1336500.9,1694621.89,"13365011694622"
"2018-6870-27/05/2021","2 Metropolitan","MODBURY","5092","CITY OF TEA TREE GULLY",2,1,0,0,1,2018,"July","Friday","05:00 pm","060","Cross Road","Straight road","Level","Not Applicable","Sealed","Dry","Not Raining","Daylight","Rear End","02","Driver Rider","2: MI","Traffic Signals","","",1336176.33,1680596.93,"13361761680597"
"2018-6871-27/05/2021","2 Metropolitan","HYDE PARK","5061","CITY OF UNLEY",2,0,0,0,0,2018,"July","Thursday","08:24 pm","050","Not Divided","Straight road","Level","Not Applicable","Sealed","Dry","Not Raining","Night","Hit Parked Vehicle","01","Driver Rider","1: PDO","No Control","","",1328858.49,1667417.37,"13288581667417"
"2018-6872-27/05/2021","2 Metropolitan","GLENELG NORTH","5045","CITY OF HOLDFAST BAY",3,0,0,0,0,2018,"July","Friday","07:45 am","060","Cross Road","Straight road","Level","Not Applicable","Sealed","Wet","Not Raining","Daylight","Rear End","01","Driver Rider","1: PDO","Traffic Signals","","",1321009.96,1665305.3,"13210101665305"
"2018-6873-27/05/2021","2 Metropolitan","KINGSWOOD","5062","CC MITCHAM.                   ",2,1,0,1,0,2018,"July","Friday","05:30 pm","060","Pedestrian Crossing","Straight road","Level","Not Applicable","Sealed","Dry","Not Raining","Night","Hit Pedestrian","02","Pedestrian","3: SI","Traffic Signals","","",1329505.38,1666258.56,"13295051666259"
"2018-6874-27/05/2021","2 Metropolitan","KENSINGTON PARK","5068","CITY OF BURNSIDE",2,1,0,0,1,2018,"July","Friday","03:51 pm","060","Cross Road","Straight road","Level","Not Applicable","Sealed","Dry","Not Raining","Daylight","Right Turn","02","Driver Rider","2: MI","Traffic Signals","","",1333879.5,1671121.63,"13338801671122"
"2018-6875-27/05/2021","1 City","NORTH ADELAIDE","5006","CITY OF ADELAIDE",2,1,0,0,1,2018,"July","Friday","06:00 pm","050","Cross Road","Straight road","Level","Not Applicable","Sealed","Dry","Not Raining","Night","Right Turn","01","Driver Rider","2: MI","Traffic Signals","","",1328188.98,1672874.48,"13281891672874"
"2018-6876-27/05/2021","2 Metropolitan","HACKHAM","5163","CITY OF ONKAPARINGA",2,0,0,0,0,2018,"July","Wednesday","07:00 pm","050","Not Divided","CURVED, VIEW OPEN","Level","Not Applicable","Sealed","Dry","Not Raining","Night","Hit Fixed Object","01","Driver Rider","1: PDO","No Control","","",1321200.12,1646695.6,"13212001646696"
"2018-6877-27/05/2021","2 Metropolitan","WATERFALL GULLY","5066","CITY OF BURNSIDE",2,0,0,0,0,2018,"July","Friday","05:30 pm","050","Not Divided","CURVED, VIEW OBSCURED","Slope","Not Applicable","Sealed","Wet","Not Raining","Night","Head On","02","Driver Rider","1: PDO","No Control","Y","",1334995.19,1667313.45,"13349951667313"
"2018-6878-27/05/2021","2 Metropolitan","ALDINGA BEACH","5173","CITY OF ONKAPARINGA",2,1,0,0,1,2018,"July","Friday","06:29 pm","090","Not Divided","Straight road","Level","Not Applicable","Sealed","Dry","Not Raining","Night","Side Swipe","01","Driver Rider","2: MI","No Control","","",1315520.73,1630767.11,"13155211630767"
"2018-6879-27/05/2021","2 Metropolitan","PROSPECT","5082","CITY OF PROSPECT",2,1,0,0,1,2018,"May","Saturday","11:30 am","060","Divided Road","Straight road","Slope","Not Applicable","Sealed","Dry","Not Raining","Daylight","Rear End","02","Driver Rider","2: MI","No Control","","",1328141.26,1676415.42,"13281411676415"
"2018-6880-27/05/2021","3 Country","THRINGTON","5552","COPPER COAST DISTRICT COUNCIL",1,1,0,0,1,2018,"July","Friday","08:40 pm","100","Not Divided","Straight road","Level","Not Applicable","Sealed","Dry","Not Raining","Night","Roll Over","01","Driver Rider","2: MI","No Control","","",1262633.74,1773351.55,"12626341773352"
"2018-6881-27/05/2021","2 Metropolitan","VIRGINIA","5120","CITY OF PLAYFORD.",2,0,0,0,0,2018,"July","Friday","10:10 pm","050","Not Divided","Straight road","Level","Not Applicable","Sealed","Wet","Raining","Night","Hit Fixed Object","01","Driver Rider","1: PDO","No Control","","",1325835.76,1699513.42,"13258361699513"
"2018-6882-27/05/2021","2 Metropolitan","WEST BEACH","5024","CITY OF WEST TORRENS",1,0,0,0,0,2018,"July","Friday","11:55 pm","080","Divided Road","Straight road","Level","Not Applicable","Sealed","Wet","Raining","Night","Roll Over","01","Driver Rider","1: PDO","No Control","","",1320911.59,1669030.03,"13209121669030"
"2018-6883-27/05/2021","2 Metropolitan","SALISBURY DOWNS","5108","CITY OF SALISBURY",1,0,0,0,0,2018,"July","Saturday","12:15 am","050","Divided Road","CURVED, VIEW OPEN","Level","Not Applicable","Sealed","Wet","Raining","Night","Left Road - Out of Control","01","Driver Rider","1: PDO","No Control","","",1330946.32,1688025.32,"13309461688025"
"2018-6884-27/05/2021","2 Metropolitan","KERSBROOK","5231","THE ADELAIDE HILLS COUNCIL",2,0,0,0,0,2018,"July","Saturday","03:00 am","080","Not Divided","Straight road","Level","Not Applicable","Sealed","Dry","Not Raining","Night","Hit Fixed Object","01","Driver Rider","1: PDO","No Control","","",1352925.61,1686406.94,"13529261686407"
"2018-6885-27/05/2021","2 Metropolitan","KILBURN","5084","CITY OF PORT ADELAIDE ENFIELD",3,0,0,0,0,2018,"July","Saturday","12:01 am","050","Divided Road","Straight road","Level","Not Applicable","Sealed","Dry","Not Raining","Night","Hit Fixed Object","01","Driver Rider","1: PDO","No Control","","",1328045.43,1677067.09,"13280451677067"
"2018-6886-27/05/2021","2 Metropolitan","PARA HILLS WEST","5096","CITY OF SALISBURY",2,0,0,0,0,2018,"July","Saturday","08:30 am","070","T-Junction","Straight road","Level","Not Applicable","Sealed","Dry","Not Raining","Daylight","Right Angle","01","Driver Rider","1: PDO","Give Way Sign","","",1332718.48,1682786.02,"13327181682786"
"2018-6887-27/05/2021","3 Country","PORT AUGUSTA","5700","CC PT.AUGUSTA.                ",2,0,0,0,0,2018,"July","Saturday","09:35 am","050","Cross Road","Straight road","Level","Not Applicable","Sealed","Dry","Not Raining","Daylight","Right Angle","01","Driver Rider","1: PDO","Give Way Sign","","",1259085.32,1942394.01,"12590851942394"
"2018-6888-27/05/2021","2 Metropolitan","PAYNEHAM","5070","CC OF NORWOOD,PAYNEHAM & ST PETERS",2,0,0,0,0,2018,"July","Friday","12:00 am","050","Not Divided","Straight road","Level","Not Applicable","Sealed","Dry","Not Raining","Night","Hit Parked Vehicle","02","Driver Rider","1: PDO","No Control","","",1332635.89,1673381.83,"13326361673382"
"2018-6889-27/05/2021","2 Metropolitan","LEABROOK","5068","CITY OF BURNSIDE",2,0,0,0,0,2018,"July","Saturday","10:16 am","060","Cross Road","Straight road","Level","Control Not Operational","Sealed","Wet","Raining","Daylight","Right Angle","02","Driver Rider","1: PDO","Traffic Signals","","",1333899.19,1670462.72,"13338991670463"
"2018-6890-27/05/2021","3 Country","PORT PIRIE","5540","PT.PIRIE CITY & DIST. COUNCIL ",2,0,0,0,0,2018,"July","Saturday","09:10 am","050","Cross Road","Straight road","Level","Not Applicable","Sealed","Wet","Raining","Daylight","Right Angle","02","Driver Rider","1: PDO","Roundabout","","",1280001.37,1865634.4,"12800011865634"
"2018-6891-27/05/2021","2 Metropolitan","GLYNDE","5070","CC OF NORWOOD,PAYNEHAM & ST PETERS",4,0,0,0,0,2018,"July","Saturday","10:50 am","060","T-Junction","Straight road","Level","Not Applicable","Sealed","Dry","Not Raining","Daylight","Right Angle","01","Driver Rider","1: PDO","No Control","","",1333797.42,1673960.44,"13337971673960"
"2018-6892-27/05/2021","2 Metropolitan","MORPHETT VALE","5162","CITY OF ONKAPARINGA",2,1,0,0,1,2018,"July","Thursday","09:50 pm","060","Cross Road","Straight road","Level","Not Applicable","Sealed","Wet","Not Raining","Night","Right Angle","01","Driver Rider","2: MI","Roundabout","","",1321901.02,1651049.42,"13219011651049"
"2018-6893-27/05/2021","3 Country","KAROONDA","5307","DC KAROONDA EAST MURRAY.      ",1,1,0,0,1,2018,"July","Saturday","06:30 am","080","Not Divided","CURVED, VIEW OBSCURED","Level","Not Applicable","Unsealed","Wet","Raining","Night","Roll Over","01","Driver Rider","2: MI","No Control","","",1438967.15,1653222.1,"14389671653222"
"2018-6894-27/05/2021","2 Metropolitan","SEAFORD","5169","CITY OF ONKAPARINGA",2,0,0,0,0,2018,"July","Friday","05:22 pm","060","Divided Road","Straight road","Level","Not Applicable","Sealed","Wet","Raining","Night","Rear End","02","Driver Rider","1: PDO","No Control","","",1317540.88,1641675.03,"13175411641675"
"2018-6895-27/05/2021","2 Metropolitan","HEATHPOOL","5068","CC OF NORWOOD,PAYNEHAM & ST PETERS",2,0,0,0,0,2018,"July","Friday","05:10 pm","060","Cross Road","Straight road","Level","Not Applicable","Sealed","Dry","Not Raining","Daylight","Right Angle","01","Driver Rider","1: PDO","No Control","","",1332289.16,1669738.79,"13322891669739"
"2018-6896-27/05/2021","2 Metropolitan","CHARLESTON","5244","THE ADELAIDE HILLS COUNCIL",3,1,0,0,1,2018,"July","Saturday","10:05 am","100","Not Divided","Straight road","Level","Not Applicable","Sealed","Wet","Raining","Daylight","Side Swipe","02","Driver Rider","2: MI","No Control","","",1357738.36,1672861.63,"13577381672862"
"2018-6897-27/05/2021","2 Metropolitan","SALISBURY","5108","CITY OF SALISBURY",2,0,0,0,0,2018,"July","Saturday","01:50 pm","060","Cross Road","Straight road","Level","Not Applicable","Sealed","Dry","Not Raining","Daylight","Rear End","01","Driver Rider","1: PDO","Traffic Signals","","",1332782.42,1688511.32,"13327821688511"
"2018-6898-27/05/2021","2 Metropolitan","NEWTON","5074","CC CAMPBELLTOWN.              ",2,0,0,0,0,2018,"July","Saturday","09:15 am","060","Not Divided","Straight road","Level","Not Applicable","Sealed","Dry","Not Raining","Daylight","Hit Fixed Object","01","Driver Rider","1: PDO","No Control","","",1335379.35,1675834.61,"13353791675835"
"2018-6899-27/05/2021","2 Metropolitan","BROOKLYN PARK","5032","CITY OF WEST TORRENS",2,0,0,0,0,2018,"July","Saturday","01:15 pm","060","T-Junction","Straight road","Level","Not Applicable","Sealed","Dry","Not Raining","Daylight","Right Turn","01","Driver Rider","1: PDO","Traffic Signals","","",1324123.03,1670938.82,"13241231670939"
"2018-6900-27/05/2021","2 Metropolitan","INGLE FARM","5098","CITY OF SALISBURY",2,1,0,0,1,2018,"July","Saturday","02:21 pm","070","Divided Road","Straight road","Level","Not Applicable","Sealed","Wet","Raining","Daylight","Rear End","02","Driver Rider","2: MI","No Control","","",1332884.16,1681509.16,"13328841681509"
"2018-6901-27/05/2021","2 Metropolitan","WINDSOR GARDENS","5087","CITY OF PORT ADELAIDE ENFIELD",2,0,0,0,0,2018,"July","Saturday","03:15 pm","060","T-Junction","Straight road","Slope","Not Applicable","Sealed","Dry","Not Raining","Daylight","Rear End","02","Driver Rider","1: PDO","Traffic Signals","","",1333112.26,1677477.72,"13331121677478"
"2018-6902-27/05/2021","2 Metropolitan","WEST CROYDON","5008","CITY OF CHARLES STURT",2,0,0,0,0,2018,"July","Saturday","03:30 pm","060","Cross Road","Straight road","Level","Not Applicable","Sealed","Dry","Not Raining","Daylight","Rear End","01","Driver Rider","1: PDO","Traffic Signals","","",1325333.99,1675359.64,"13253341675360"
"2018-6903-27/05/2021","2 Metropolitan","ST MORRIS","5068","CC OF NORWOOD,PAYNEHAM & ST PETERS",4,0,0,0,0,2018,"July","Saturday","02:26 pm","060","Cross Road","Straight road","Level","Not Applicable","Sealed","Dry","Not Raining","Daylight","Rear End","01","Driver Rider","1: PDO","Traffic Signals","","",1333859.33,1671805.1,"13338591671805"
"2018-6904-27/05/2021","2 Metropolitan","HOUGHTON","5131","CITY OF TEA TREE GULLY",2,0,0,0,0,2018,"July","Saturday","01:15 pm","080","Not Divided","CURVED, VIEW OPEN","Slope","Not Applicable","Sealed","Dry","Not Raining","Daylight","Head On","01","Driver Rider","1: PDO","No Control","","",1343097.4,1681788.31,"13430971681788"
"2018-6905-27/05/2021","2 Metropolitan","PARAFIELD GARDENS","5107","CITY OF SALISBURY",2,0,0,0,0,2018,"July","Saturday","04:08 pm","060","Divided Road","Straight road","Level","Not Applicable","Sealed","Dry","Not Raining","Daylight","Rear End","02","Driver Rider","1: PDO","No Control","","",1330826.42,1686042.7,"13308261686043"
"2018-6906-27/05/2021","2 Metropolitan","LOCKLEYS","5032","CITY OF WEST TORRENS",2,0,0,0,0,2018,"July","Saturday","01:40 pm","060","T-Junction","Straight road","Level","Not Applicable","Sealed","Dry","Not Raining","Daylight","Rear End","02","Driver Rider","1: PDO","Traffic Signals","","",1322549.55,1670731.56,"13225501670732"
"2018-6907-27/05/2021","2 Metropolitan","RIDLEYTON","5008","CITY OF CHARLES STURT",1,1,0,0,1,2018,"July","Saturday","03:00 pm","025","Cross Road","Straight road","Level","Roadworks","Sealed","Wet","Raining","Daylight","Roll Over","09","Other","2: MI","Traffic Signals","","",1325785.76,1674453.23,"13257861674453"
"2018-6908-27/05/2021","2 Metropolitan","SKYE","5072","CITY OF BURNSIDE",1,0,0,0,0,2018,"July","Saturday","05:40 pm","050","Not Divided","Straight road","Slope","Not Applicable","Unsealed","Dry","Not Raining","Night","Left Road - Out of Control","01","Driver Rider","1: PDO","No Control","","",1337351.09,1670522.31,"13373511670522"
"2018-6909-27/05/2021","2 Metropolitan","NORWOOD","5067","CC OF NORWOOD,PAYNEHAM & ST PETERS",2,0,0,0,0,2018,"July","Saturday","06:30 pm","060","Cross Road","Straight road","Level","Not Applicable","Sealed","Dry","Not Raining","Night","Right Angle","01","Driver Rider","1: PDO","Roundabout","","",1330623.32,1670361.88,"13306231670362"
"2018-6910-27/05/2021","2 Metropolitan","RIDLEYTON","5008","CITY OF CHARLES STURT",2,2,0,0,2,2018,"July","Saturday","04:06 pm","060","Not Divided","Straight road","Level","Not Applicable","Sealed","Dry","Not Raining","Daylight","Hit Fixed Object","01","Driver Rider","2: MI","No Control","","",1326176.89,1674687.63,"13261771674688"
"2018-6911-27/05/2021","2 Metropolitan","URRBRAE","5064","CC MITCHAM.                   ",2,1,0,0,1,2018,"July","Friday","01:00 pm","060","Not Divided","Straight road","Level","Roadworks","Sealed","Wet","Not Raining","Daylight","Rear End","02","Driver Rider","2: MI","No Control","","",1331682.69,1666318.26,"13316831666318"
"2018-6912-27/05/2021","2 Metropolitan","BRIDGEWATER","5155","THE ADELAIDE HILLS COUNCIL",2,0,0,0,0,2018,"July","Saturday","09:45 pm","060","T-Junction","Straight road","Bottom of Hill","Not Applicable","Sealed","Dry","Not Raining","Night","Right Angle","01","Driver Rider","1: PDO","No Control","","",1342007.45,1660848.67,"13420071660849"
"2018-6913-27/05/2021","2 Metropolitan","PROSPECT","5082","CITY OF PROSPECT",2,0,0,0,0,2018,"July","Saturday","09:05 pm","060","Divided Road","Straight road","Level","Driveway or Entrance","Sealed","Dry","Not Raining","Night","Right Angle","02","Driver Rider","1: PDO","No Control","","",1327505.49,1676399.57,"13275051676400"
"2018-6914-27/05/2021","1 City","ADELAIDE","5000","CITY OF ADELAIDE",4,0,0,0,0,2018,"July","Saturday","08:15 pm","010","Not Divided","Straight road","Level","Not Applicable","Sealed","Dry","Not Raining","Night","Hit Fixed Object","01","Driver Rider","1: PDO","No Control","Y","",1328283.76,1670945.03,"13282841670945"
"2018-6915-27/05/2021","3 Country","VICTOR HARBOR","5211","DC VICTOR HARBOR.             ",3,2,0,0,2,2018,"July","Saturday","11:17 pm","060","Not Divided","CURVED, VIEW OPEN","Crest of Hill","Not Applicable","Sealed","Wet","Raining","Night","Hit Parked Vehicle","01","Driver Rider","2: MI","No Control","Y","Y",1327989.68,1601699.93,"13279901601700"
"2018-6916-27/05/2021","2 Metropolitan","TRANMERE","5073","CC CAMPBELLTOWN.              ",3,0,0,0,0,2018,"July","Sunday","01:30 am","050","Not Divided","Straight road","Slope","Not Applicable","Sealed","Wet","Raining","Night","Hit Fixed Object","01","Driver Rider","1: PDO","No Control","","",1334036.65,1672891,"13340371672891"
"2018-6917-27/05/2021","2 Metropolitan","COROMANDEL VALLEY","5051","CITY OF ONKAPARINGA",2,0,0,0,0,2018,"July","Sunday","01:40 am","060","T-Junction","CURVED, VIEW OPEN","Level","Not Applicable","Sealed","Wet","Not Raining","Night","Hit Fixed Object","01","Driver Rider","1: PDO","Give Way Sign","Y","",1330331.09,1658204.63,"13303311658205"
"2018-6918-27/05/2021","2 Metropolitan","SOUTH PLYMPTON","5038","CC MARION.                    ",3,0,0,0,0,2018,"July","Sunday","04:40 am","060","Divided Road","Straight road","Level","Not Applicable","Sealed","Dry","Not Raining","Night","Hit Fixed Object","01","Driver Rider","1: PDO","No Control","","",1324285.29,1664620.08,"13242851664620"
"2018-6919-27/05/2021","3 Country","WIRRAMINNA","5719",,2,0,0,0,0,2018,"July","Sunday","07:00 am","110","Not Divided","Straight road","Level","Not Applicable","Sealed","Dry","Not Raining","Night","Hit Animal","02","Animal","1: PDO","No Control","","",1112535.09,2089805.43,"11125352089805"
"2018-6920-27/05/2021","3 Country","NECTAR BROOK","5495","DC MT.REMARKABLE.             ",2,0,0,0,0,2018,"July","Thursday","06:00 pm","110","Not Divided","Straight road","Unknown","Not Applicable","Sealed","Dry","Not Raining","Night","Hit Animal","02","Animal","1: PDO","No Control","","",1281310.93,1928666.67,"12813111928667"
"2018-6921-27/05/2021","2 Metropolitan","PARA HILLS WEST","5096","CITY OF SALISBURY",2,0,0,0,0,2018,"July","Saturday","05:40 am","070","Not Divided","Straight road","Level","Not Applicable","Sealed","Wet","Not Raining","Night","Hit Object on Road","01","Driver Rider","1: PDO","No Control","","",1332170.34,1683215.41,"13321701683215"
"2018-6922-27/05/2021","3 Country","MINLATON","5575","YORKE PENINSULA COUNCIL",1,0,0,0,0,2018,"July","Sunday","10:00 am","100","Not Divided","Straight road","Level","Not Applicable","Sealed","Dry","Not Raining","Daylight","Roll Over","01","Driver Rider","1: PDO","No Control","","",1234147.21,1685724.83,"12341471685725"
"2018-6923-27/05/2021","2 Metropolitan","WALKERVILLE","5081","WALKERVILLE TOWN COUNCIL",2,0,0,0,0,2018,"July","Saturday","06:05 pm","050","T-Junction","Straight road","Level","Not Applicable","Sealed","Dry","Not Raining","Night","Hit Pedestrian","01","Driver Rider","1: PDO","No Control","","",1329972.47,1674003.9,"13299721674004"
"2018-6924-27/05/2021","2 Metropolitan","HEATHPOOL","5068","CC OF NORWOOD,PAYNEHAM & ST PETERS",3,1,0,0,1,2018,"July","Sunday","11:00 am","060","T-Junction","Straight road","Level","Not Applicable","Sealed","Dry","Not Raining","Daylight","Rear End","01","Driver Rider","2: MI","No Control","","",1332294.97,1669851.84,"13322951669852"
"2018-6925-27/05/2021","2 Metropolitan","PARAFIELD GARDENS","5107","CITY OF SALISBURY",2,0,0,0,0,2018,"July","Sunday","11:44 am","050","Not Divided","CURVED, VIEW OPEN","Level","Not Applicable","Sealed","Dry","Not Raining","Daylight","Head On","01","Driver Rider","1: PDO","No Control","","Y",1330235.88,1687700.45,"13302361687700"
"2018-6926-27/05/2021","1 City","ADELAIDE","5000","CITY OF ADELAIDE",2,0,0,0,0,2018,"July","Sunday","01:40 pm","050","Cross Road","Straight road","Level","Not Applicable","Sealed","Dry","Not Raining","Daylight","Rear End","01","Driver Rider","1: PDO","Traffic Signals","","",1328453.02,1671132,"13284531671132"
"2018-6927-27/05/2021","2 Metropolitan","SMITHFIELD","5114","CITY OF PLAYFORD.",3,0,0,0,0,2018,"July","Sunday","01:15 pm","080","Divided Road","Straight road","Level","Not Applicable","Sealed","Dry","Not Raining","Daylight","Rear End","01","Driver Rider","1: PDO","No Control","","",1337529.53,1696507.89,"13375301696508"
"2018-6928-27/05/2021","2 Metropolitan","HAMPSTEAD GARDENS","5086","CITY OF PORT ADELAIDE ENFIELD",2,0,0,0,0,2018,"July","Saturday","05:00 pm","060","Cross Road","Straight road","Level","Not Applicable","Sealed","Dry","Not Raining","Daylight","Right Angle","02","Driver Rider","1: PDO","Give Way Sign","","",1331810.03,1676603.26,"13318101676603"
"2018-6929-27/05/2021","1 City","ADELAIDE","5000","CITY OF ADELAIDE",2,0,0,0,0,2018,"July","Sunday","02:00 pm","050","Cross Road","Straight road","Level","Not Applicable","Sealed","Dry","Not Raining","Daylight","Right Angle","01","Driver Rider","1: PDO","Traffic Signals","","",1328497.65,1670033.56,"13284981670034"
"2018-6930-27/05/2021","2 Metropolitan","MITCHELL PARK","5043","CC MARION.                    ",2,1,0,0,1,2018,"July","Sunday","12:30 pm","060","Divided Road","Straight road","Level","Not Applicable","Sealed","Dry","Not Raining","Daylight","Rear End","02","Driver Rider","2: MI","No Control","","",1324360.55,1662172.61,"13243611662173"
"2018-6931-27/05/2021","1 City","ADELAIDE","5000","CITY OF ADELAIDE",2,0,0,0,0,2018,"July","Sunday","02:30 pm","050","T-Junction","Straight road","Level","Not Applicable","Sealed","Dry","Not Raining","Daylight","Rear End","02","Driver Rider","1: PDO","No Control","","",1327559.45,1670321.16,"13275591670321"
"2018-6932-27/05/2021","2 Metropolitan","PARADISE","5075","CC CAMPBELLTOWN.              ",2,0,0,0,0,2018,"July","Sunday","03:00 pm","060","Divided Road","Straight road","Level","Not Applicable","Sealed","Dry","Not Raining","Daylight","Hit Fixed Object","01","Driver Rider","1: PDO","No Control","","",1334742.41,1676591.35,"13347421676591"
"2018-6933-27/05/2021","2 Metropolitan","SPRINGFIELD","5062","CC MITCHAM.                   ",2,0,0,0,0,2018,"July","Sunday","02:30 am","060","Divided Road","CURVED, VIEW OPEN","Slope","Not Applicable","Sealed","Wet","Raining","Night","Hit Fixed Object","01","Driver Rider","1: PDO","No Control","","",1330804.2,1664927.36,"13308041664927"
"2018-6934-27/05/2021","2 Metropolitan","CAMPBELLTOWN","5074","CC CAMPBELLTOWN.              ",2,0,0,0,0,2018,"July","Sunday","05:02 pm","060","T-Junction","Straight road","Level","Not Applicable","Sealed","Dry","Not Raining","Daylight","Rear End","02","Driver Rider","1: PDO","No Control","","",1335399.51,1674921.05,"13354001674921"
"2018-6935-27/05/2021","1 City","ADELAIDE","5000","CITY OF ADELAIDE",2,0,0,0,0,2018,"July","Sunday","10:00 am","050","Cross Road","Straight road","Level","Not Applicable","Sealed","Dry","Not Raining","Daylight","Rear End","01","Driver Rider","1: PDO","Traffic Signals","","",1328464.72,1670670.91,"13284651670671"
"2018-6936-27/05/2021","2 Metropolitan","SALISBURY PLAIN","5109","CITY OF SALISBURY",2,0,0,0,0,2018,"July","Sunday","05:25 pm","080","Divided Road","Straight road","Level","Not Applicable","Sealed","Dry","Not Raining","Night","Rear End","01","Driver Rider","1: PDO","No Control","","",1334993.26,1687544.43,"13349931687544"
"2018-6937-27/05/2021","2 Metropolitan","WOODVILLE SOUTH","5011","CITY OF CHARLES STURT",2,1,0,0,1,2018,"July","Sunday","04:00 pm","050","Cross Road","Straight road","Level","Not Applicable","Sealed","Dry","Not Raining","Daylight","Right Turn","02","Driver Rider","2: MI","Traffic Signals","","",1322765.25,1675866.72,"13227651675867"
"2018-6938-27/05/2021","2 Metropolitan","NORWOOD","5067","CC OF NORWOOD,PAYNEHAM & ST PETERS",2,1,0,0,1,2018,"July","Sunday","07:18 pm","060","Cross Road","Straight road","Level","Not Applicable","Sealed","Dry","Not Raining","Night","Right Angle","02","Driver Rider","2: MI","Roundabout","","",1330623.32,1670361.88,"13306231670362"
"2018-6939-27/05/2021","2 Metropolitan","BLACK FOREST","5035","CITY OF UNLEY",2,1,0,0,1,2018,"July","Sunday","06:50 pm","060","T-Junction","Straight road","Level","Not Applicable","Sealed","Dry","Not Raining","Night","Right Angle","02","Driver Rider","2: MI","Stop Sign","","",1325870.01,1666654.63,"13258701666655"
"2018-6940-27/05/2021","2 Metropolitan","GEPPS CROSS","5094","CITY OF PORT ADELAIDE ENFIELD",2,2,0,2,0,2018,"July","Sunday","06:47 pm","060","Not Divided","Straight road","Level","Not Applicable","Sealed","Dry","Not Raining","Night","Hit Fixed Object","01","Driver Rider","3: SI","No Control","","",1330793.26,1679965.51,"13307931679966"
"2018-6941-27/05/2021","3 Country","MANNUM","5238","MID MURRAY DISTRICT COUNCIL",2,1,0,0,1,2018,"July","Sunday","10:30 pm","100","Not Divided","Straight road","Slope","Not Applicable","Sealed","Dry","Not Raining","Night","Hit Fixed Object","01","Driver Rider","2: MI","No Control","","",1388471.64,1669004.81,"13884721669005"
"2018-6942-27/05/2021","2 Metropolitan","NOARLUNGA CENTRE","5168","CITY OF ONKAPARINGA",2,0,0,0,0,2018,"July","Tuesday","02:16 pm","060","T-Junction","Straight road","Level","Not Applicable","Sealed","Dry","Not Raining","Daylight","Rear End","01","Driver Rider","1: PDO","Traffic Signals","","",1318788.81,1647471.6,"13187891647472"
"2018-6943-27/05/2021","2 Metropolitan","GLENGOWRIE","5044","CC MARION.                    ",2,0,0,0,0,2018,"July","Sunday","11:40 pm","060","Not Divided","Straight road","Level","Not Applicable","Sealed","Dry","Not Raining","Night","Right Angle","01","Driver Rider","1: PDO","No Control","Y","",1322657.85,1664603.46,"13226581664603"
"2018-6944-27/05/2021","2 Metropolitan","MEADOWS","5201","DC MT.BARKER.                 ",1,0,0,0,0,2018,"July","Sunday","11:30 pm","050","Not Divided","Straight road","Level","Driveway or Entrance","Sealed","Dry","Not Raining","Night","Other","01","Driver Rider","1: PDO","No Control","Y","",1341756.46,1641909.31,"13417561641909"
"2018-6945-27/05/2021","2 Metropolitan","UNDERDALE","5032","CITY OF WEST TORRENS",2,0,0,0,0,2018,"July","Monday","08:55 am","060","T-Junction","Straight road","Level","Not Applicable","Sealed","Dry","Not Raining","Daylight","Side Swipe","02","Driver Rider","1: PDO","No Control","","",1324328.3,1670954.65,"13243281670955"
"2018-6946-27/05/2021","2 Metropolitan","BELAIR","5052","CC MITCHAM.                   ",2,0,0,0,0,2018,"July","Monday","09:10 am","060","T-Junction","CURVED, VIEW OBSCURED","Slope","Not Applicable","Sealed","Dry","Not Raining","Daylight","Right Angle","01","Driver Rider","1: PDO","Stop Sign","","",1330556.85,1663179.26,"13305571663179"
"2018-6947-27/05/2021","2 Metropolitan","ROSE PARK","5067","CITY OF BURNSIDE",2,0,0,0,0,2018,"July","Monday","08:30 am","060","Divided Road","Straight road","Level","Not Applicable","Sealed","Dry","Not Raining","Daylight","Rear End","01","Driver Rider","1: PDO","No Control","","",1330641.45,1670269.82,"13306411670270"
"2018-6948-27/05/2021","3 Country","GOOLWA BEACH","5214","ALEXANDRINA COUNCIL",2,0,0,0,0,2018,"July","Sunday","01:07 pm","050","Cross Road","CURVED, VIEW OPEN","Level","Not Applicable","Sealed","Dry","Not Raining","Daylight","Right Angle","02","Driver Rider","1: PDO","Roundabout","","",1342360.88,1605994.64,"13423611605995"