"REPORT_ID","Stats Area","Suburb","Postcode","LGA Name","Total Units","Total Cas","Total Fats","Total SI","Total MI","Year","Month","Day","Time","Area Speed","Position Type","Horizontal Align","Vertical Align","Other Feat","Road Surface","Moisture Cond","Weather Cond","DayNight","Crash Type","Unit Resp","Entity Code","CSEF Severity","Traffic Ctrls","DUI Involved","Drugs Involved","ACCLOC_X","ACCLOC_Y","UNIQUE_LOC"
"2018-6949-27/05/2021","2 Metropolitan","RENOWN PARK","5008","CITY OF CHARLES STURT",2,0,0,0,0,2018,"July","Sunday","12:20 pm","060","Not Divided","Straight road","Level","Not Applicable","Sealed","Dry","Not Raining","Daylight","Hit Fixed Object","01","Driver Rider","1: PDO","No Control","","",1326544.2,1674398.77,"13265441674399"
"2018-6950-27/05/2021","3 Country","PORT LINCOLN","5606","CC PT.LINCOLN.                ",2,1,0,0,1,2018,"July","Monday","10:25 am","050","Cross Road","Straight road","Level","Not Applicable","Sealed","Dry","Not Raining","Daylight","Right Angle","01","Driver Rider","2: MI","Stop Sign","","Y",1079246.92,1697267.73,"10792471697268"
"2018-6951-27/05/2021","2 Metropolitan","ULEYBURY","5114","CITY OF PLAYFORD.",3,2,0,0,2,2018,"July","Sunday","10:40 pm","080","Not Divided","CURVED, VIEW OPEN","Level","Not Applicable","Sealed","Dry","Not Raining","Night","Hit Fixed Object","01","Driver Rider","2: MI","No Control","","",1344759.06,1697724.91,"13447591697725"
"2018-6952-27/05/2021","2 Metropolitan","PARA HILLS WEST","5096","CITY OF SALISBURY",2,0,0,0,0,2018,"July","Monday","01:20 pm","080","Divided Road","Straight road","Level","Not Applicable","Sealed","Dry","Not Raining","Daylight","Rear End","01","Driver Rider","1: PDO","No Control","","",1332600.5,1684486.75,"13326011684487"
"2018-6953-27/05/2021","2 Metropolitan","GLENELG","5045","CITY OF HOLDFAST BAY",2,0,0,0,0,2018,"July","Monday","11:50 am","050","Not Divided","Straight road","Level","Not Applicable","Sealed","Dry","Not Raining","Daylight","Right Angle","01","Driver Rider","1: PDO","No Control","","",1320513.09,1664724.62,"13205131664725"
"2018-6954-27/05/2021","2 Metropolitan","KANGARILLA","5157","CITY OF ONKAPARINGA",2,0,0,0,0,2018,"July","Monday","11:33 am","080","Not Divided","CURVED, VIEW OPEN","Slope","Not Applicable","Sealed","Dry","Not Raining","Daylight","Hit Fixed Object","01","Driver Rider","1: PDO","No Control","","",1331155.11,1647370.84,"13311551647371"
"2018-6955-27/05/2021","2 Metropolitan","LOCKLEYS","5032","CITY OF WEST TORRENS",2,0,0,0,0,2018,"July","Monday","02:15 pm","060","T-Junction","CURVED, VIEW OPEN","Level","Not Applicable","Sealed","Dry","Not Raining","Daylight","Side Swipe","02","Driver Rider","1: PDO","Traffic Signals","","",1322543.94,1670723.04,"13225441670723"
"2018-6956-27/05/2021","2 Metropolitan","KENSINGTON","5068","CC OF NORWOOD,PAYNEHAM & ST PETERS",2,1,0,0,1,2018,"July","Monday","02:20 pm","060","T-Junction","Straight road","Level","Not Applicable","Sealed","Dry","Not Raining","Daylight","Right Angle","01","Driver Rider","2: MI","No Control","","",1332260.73,1670988.63,"13322611670989"
"2018-6957-27/05/2021","2 Metropolitan","NEWTON","5074","CC CAMPBELLTOWN.              ",2,0,0,0,0,2018,"July","Monday","02:45 pm","050","Not Divided","Straight road","Level","Not Applicable","Sealed","Dry","Not Raining","Daylight","Hit Parked Vehicle","01","Driver Rider","1: PDO","No Control","","",1336037.06,1674733.41,"13360371674733"
"2018-6958-27/05/2021","2 Metropolitan","SALISBURY NORTH","5108","CITY OF SALISBURY",2,1,0,0,1,2018,"July","Wednesday","11:00 pm","060","T-Junction","Straight road","Level","Not Applicable","Sealed","Dry","Not Raining","Night","Hit Pedestrian","01","Pedestrian","2: MI","No Control","","",1331149.42,1690034.63,"13311491690035"
"2018-6959-27/05/2021","2 Metropolitan","MORPHETT VALE","5162","CITY OF ONKAPARINGA",2,1,0,0,1,2018,"July","Monday","02:50 pm","100","Interchange","Straight road","Level","Not Applicable","Sealed","Dry","Not Raining","Daylight","Hit Fixed Object","01","Driver Rider","2: MI","No Control","","",1319114.69,1647839.48,"13191151647839"
"2018-6960-27/05/2021","2 Metropolitan","MODBURY","5092","CITY OF TEA TREE GULLY",2,0,0,0,0,2018,"July","Sunday","08:00 pm","060","Divided Road","Straight road","Level","Not Applicable","Sealed","Wet","Not Raining","Night","Rear End","01","Driver Rider","1: PDO","No Control","","",1336037.18,1680258.26,"13360371680258"
"2018-6961-27/05/2021","2 Metropolitan","ALDGATE","5154","THE ADELAIDE HILLS COUNCIL",2,0,0,0,0,2018,"July","Monday","02:18 pm","050","Not Divided","CURVED, VIEW OBSCURED","Level","Not Applicable","Sealed","Dry","Not Raining","Daylight","Head On","02","Driver Rider","1: PDO","No Control","","",1340685.23,1660093.79,"13406851660094"
"2018-6962-27/05/2021","2 Metropolitan","ELIZABETH NORTH","5113","CITY OF PLAYFORD.",3,0,0,0,0,2018,"July","Monday","04:47 pm","040","Divided Road","Straight road","Level","Roadworks","Sealed","Dry","Not Raining","Daylight","Rear End","02","Driver Rider","1: PDO","No Control","","",1336782.32,1695191.53,"13367821695192"
"2018-6963-27/05/2021","2 Metropolitan","PROSPECT","5082","CITY OF PROSPECT",2,0,0,0,0,2018,"July","Monday","03:00 pm","060","Cross Road","Straight road","Level","Not Applicable","Sealed","Dry","Not Raining","Daylight","Right Angle","02","Driver Rider","1: PDO","Traffic Signals","","",1328059.86,1676413.62,"13280601676414"
"2018-6964-27/05/2021","2 Metropolitan","SALISBURY PLAIN","5109","CITY OF SALISBURY",2,0,0,0,0,2018,"July","Monday","06:10 am","080","Cross Road","Straight road","Level","Not Applicable","Sealed","Dry","Not Raining","Night","Rear End","02","Driver Rider","1: PDO","Traffic Signals","","",1334718.19,1687196.62,"13347181687197"
"2018-6965-27/05/2021","2 Metropolitan","MAWSON LAKES","5095","CITY OF SALISBURY",2,0,0,0,0,2018,"July","Monday","06:10 pm","040","T-Junction","Straight road","Level","Not Applicable","Sealed","Dry","Not Raining","Night","Right Angle","01","Driver Rider","1: PDO","Roundabout","","",1330854.4,1683284.5,"13308541683285"
"2018-6966-27/05/2021","2 Metropolitan","PARADISE","5075","CC CAMPBELLTOWN.              ",2,0,0,0,0,2018,"July","Monday","06:12 pm","060","Divided Road","Straight road","Slope","Driveway or Entrance","Sealed","Dry","Not Raining","Night","Right Angle","01","Driver Rider","1: PDO","No Control","","",1334551.63,1676872.17,"13345521676872"
"2018-6967-27/05/2021","2 Metropolitan","SEAFORD MEADOWS","5169","CITY OF ONKAPARINGA",2,1,0,0,1,2018,"July","Friday","12:20 pm","050","Cross Road","CURVED, VIEW OPEN","Level","Not Applicable","Sealed","Dry","Not Raining","Daylight","Right Angle","02","Driver Rider","2: MI","Roundabout","","",1316914.25,1643760.66,"13169141643761"
"2018-6968-27/05/2021","2 Metropolitan","SEAFORD RISE","5169","CITY OF ONKAPARINGA",2,6,0,0,6,2018,"July","Monday","09:26 pm","090","Not Divided","CURVED, VIEW OBSCURED","Slope","Unknown","Sealed","Dry","Not Raining","Night","Head On","01","Driver Rider","2: MI","No Control","","",1317442.27,1639184.84,"13174421639185"
"2018-6969-27/05/2021","3 Country","FREELING","5372","LIGHT REGIONAL COUNCIL",1,1,0,0,1,2018,"July","Monday","04:28 pm","100","Not Divided","Straight road","Level","Not Applicable","Unsealed","Dry","Not Raining","Daylight","Roll Over","01","Driver Rider","2: MI","No Control","","",1355608.69,1724098.34,"13556091724098"
"2018-6970-27/05/2021","2 Metropolitan","WOODVILLE PARK","5011","CITY OF CHARLES STURT",2,0,0,0,0,2018,"July","Tuesday","12:20 am","060","Cross Road","Straight road","Level","Not Applicable","Sealed","Dry","Not Raining","Night","Right Turn","01","Driver Rider","1: PDO","Traffic Signals","","",1324186.57,1676250.45,"13241871676250"
"2018-6971-27/05/2021","2 Metropolitan","BELAIR","5052","CC MITCHAM.                   ",3,1,0,0,1,2018,"July","Monday","11:50 pm","060","Not Divided","CURVED, VIEW OBSCURED","Slope","Not Applicable","Sealed","Dry","Not Raining","Night","Head On","01","Driver Rider","2: MI","No Control","","Y",1330201.2,1662606.3,"13302011662606"
"2018-6972-27/05/2021","3 Country","SNOWTOWN","5520","WAKEFIELD REGIONAL COUNCIL",2,1,0,1,0,2018,"July","Monday","11:45 pm","050","Not Divided","Straight road","Level","Not Applicable","Sealed","Dry","Not Raining","Night","Hit Fixed Object","01","Driver Rider","3: SI","No Control","Y","",1296905.46,1798054.6,"12969051798055"
"2018-6973-27/05/2021","2 Metropolitan","DRY CREEK","5094","CITY OF SALISBURY",2,1,0,0,1,2018,"July","Tuesday","06:35 am","090","Divided Road","Straight road","Level","Not Applicable","Sealed","Dry","Not Raining","Night","Rear End","02","Driver Rider","2: MI","No Control","","",1327524.37,1681492.89,"13275241681493"
"2018-6974-27/05/2021","2 Metropolitan","MAWSON LAKES","5095","CITY OF SALISBURY",3,0,0,0,0,2018,"July","Tuesday","06:50 am","080","Divided Road","Straight road","Level","Not Applicable","Sealed","Dry","Not Raining","Night","Rear End","01","Driver Rider","1: PDO","No Control","","",1328678.26,1685156.13,"13286781685156"
"2018-6975-27/05/2021","2 Metropolitan","BROOKLYN PARK","5032","CITY OF WEST TORRENS",2,0,0,0,0,2018,"July","Tuesday","08:30 am","060","Cross Road","Straight road","Level","Not Applicable","Sealed","Dry","Not Raining","Daylight","Rear End","01","Driver Rider","1: PDO","Traffic Signals","","",1323131.39,1670090.51,"13231311670091"
"2018-6976-27/05/2021","2 Metropolitan","PARAFIELD GARDENS","5107","CITY OF SALISBURY",2,0,0,0,0,2018,"July","Tuesday","09:40 am","050","Not Divided","Straight road","Level","Not Applicable","Sealed","Dry","Not Raining","Daylight","Hit Fixed Object","01","Driver Rider","1: PDO","No Control","","",1329754.33,1687264.54,"13297541687265"
"2018-6977-27/05/2021","2 Metropolitan","SALISBURY PLAIN","5109","CITY OF SALISBURY",2,0,0,0,0,2018,"July","Tuesday","10:30 am","060","T-Junction","Straight road","Level","Not Applicable","Sealed","Dry","Not Raining","Daylight","Hit Fixed Object","01","Driver Rider","1: PDO","No Control","","",1335093.52,1688391.22,"13350941688391"
"2018-6978-27/05/2021","2 Metropolitan","HINDMARSH","5007","CITY OF CHARLES STURT",2,0,0,0,0,2018,"July","Tuesday","10:30 am","060","T-Junction","Straight road","Level","Not Applicable","Sealed","Dry","Not Raining","Daylight","Right Angle","02","Driver Rider","1: PDO","No Control","","",1325569.24,1673049.69,"13255691673050"
"2018-6979-27/05/2021","2 Metropolitan","SEAFORD RISE","5169","CITY OF ONKAPARINGA",2,1,0,0,1,2018,"July","Tuesday","09:52 am","060","Not Divided","Straight road","Level","Not Applicable","Sealed","Dry","Not Raining","Daylight","Side Swipe","02","Driver Rider","2: MI","No Control","","",1317540.84,1641580.45,"13175411641580"
"2018-6980-27/05/2021","2 Metropolitan","GEPPS CROSS","5094","CITY OF PORT ADELAIDE ENFIELD",2,1,0,0,1,2018,"July","Tuesday","09:45 am","060","Multiple","Straight road","Level","Not Applicable","Sealed","Dry","Not Raining","Daylight","Rear End","02","Driver Rider","2: MI","Traffic Signals","","",1328802.51,1679265.44,"13288031679265"
"2018-6981-27/05/2021","2 Metropolitan","CHRISTIES BEACH","5165","CITY OF ONKAPARINGA",2,0,0,0,0,2018,"July","Tuesday","11:15 am","060","T-Junction","Straight road","Slope","Not Applicable","Sealed","Dry","Not Raining","Daylight","Right Angle","01","Driver Rider","1: PDO","No Control","","",1317341.69,1647836.08,"13173421647836"
"2018-6982-27/05/2021","2 Metropolitan","BROOKLYN PARK","5032","CITY OF WEST TORRENS",2,0,0,0,0,2018,"July","Tuesday","08:10 am","060","Divided Road","Straight road","Level","Not Applicable","Sealed","Dry","Not Raining","Daylight","Side Swipe","02","Driver Rider","1: PDO","No Control","","",1324115.41,1670786.28,"13241151670786"
"2018-6983-27/05/2021","2 Metropolitan","EDINBURGH NORTH","5113","CITY OF PLAYFORD.",2,1,0,0,1,2018,"July","Tuesday","10:40 am","050","T-Junction","Straight road","Level","Not Applicable","Sealed","Dry","Not Raining","Daylight","Right Angle","01","Driver Rider","2: MI","No Control","","",1334225.61,1695071.88,"13342261695072"
"2018-6984-27/05/2021","2 Metropolitan","EVANSTON SOUTH","5116","CT GAWLER.                    ",2,1,0,0,1,2018,"July","Tuesday","01:00 pm","090","Divided Road","Straight road","Level","Not Applicable","Sealed","Dry","Not Raining","Daylight","Hit Fixed Object","01","Driver Rider","2: MI","No Control","","",1340593.29,1701493.32,"13405931701493"
"2018-6985-27/05/2021","2 Metropolitan","WEST LAKES SHORE","5020","CITY OF CHARLES STURT",2,0,0,0,0,2018,"July","Tuesday","10:00 am","060","T-Junction","Straight road","Level","Not Applicable","Sealed","Dry","Not Raining","Daylight","Right Angle","02","Driver Rider","1: PDO","No Control","","",1318080.1,1677047.89,"13180801677048"
"2018-6986-27/05/2021","2 Metropolitan","HAMPSTEAD GARDENS","5086","CITY OF PORT ADELAIDE ENFIELD",2,0,0,0,0,2018,"July","Monday","07:45 pm","060","T-Junction","Straight road","Level","Not Applicable","Sealed","Dry","Not Raining","Night","Right Angle","02","Driver Rider","1: PDO","Stop Sign","","",1331522.93,1676596.91,"13315231676597"
"2018-6987-27/05/2021","2 Metropolitan","BROOKLYN PARK","5032","CITY OF WEST TORRENS",2,0,0,0,0,2018,"July","Tuesday","12:40 pm","060","Cross Road","Straight road","Level","Not Applicable","Sealed","Dry","Not Raining","Daylight","Side Swipe","02","Driver Rider","1: PDO","Give Way Sign","","",1323280.39,1670502.25,"13232801670502"
"2018-6988-27/05/2021","2 Metropolitan","PAYNEHAM","5070","CC OF NORWOOD,PAYNEHAM & ST PETERS",2,0,0,0,0,2018,"July","Monday","06:15 am","060","Cross Road","Straight road","Level","Not Applicable","Sealed","Dry","Not Raining","Night","Side Swipe","02","Driver Rider","1: PDO","Traffic Signals","","",1332172.02,1673790.11,"13321721673790"
"2018-6989-27/05/2021","1 City","ADELAIDE","5000","CITY OF ADELAIDE",2,0,0,0,0,2018,"July","Tuesday","10:30 am","050","Divided Road","Straight road","Level","Roadworks","Sealed","Dry","Not Raining","Daylight","Side Swipe","01","Driver Rider","1: PDO","No Control","","",1328989.06,1671148.26,"13289891671148"
"2018-6990-27/05/2021","2 Metropolitan","MITCHELL PARK","5043","CC MARION.                    ",2,1,0,0,1,2018,"June","Thursday","11:30 am","060","Divided Road","Straight road","Level","Not Applicable","Sealed","Dry","Not Raining","Daylight","Rear End","02","Driver Rider","2: MI","No Control","","",1324392.53,1661136.51,"13243931661137"
"2018-6991-27/05/2021","2 Metropolitan","ELIZABETH DOWNS","5113","CITY OF PLAYFORD.",2,0,0,0,0,2018,"July","Tuesday","02:20 pm","050","Not Divided","Straight road","Level","Not Applicable","Sealed","Dry","Not Raining","Daylight","Hit Parked Vehicle","01","Driver Rider","1: PDO","No Control","","",1337718.92,1695561.39,"13377191695561"
"2018-6992-27/05/2021","2 Metropolitan","NAILSWORTH","5083","CITY OF PROSPECT",2,2,0,0,2,2018,"July","Tuesday","02:45 pm","060","T-Junction","Straight road","Level","Not Applicable","Sealed","Dry","Not Raining","Daylight","Right Angle","02","Driver Rider","2: MI","Give Way Sign","","",1328912,1674980.22,"13289121674980"
"2018-6993-27/05/2021","2 Metropolitan","KILBURN","5084","CITY OF PORT ADELAIDE ENFIELD",1,1,0,0,1,2018,"July","Thursday","04:00 am","050","Cross Road","Straight road","Level","Not Applicable","Sealed","Wet","Raining","Night","Roll Over","01","Driver Rider","2: MI","Stop Sign","Y","Y",1328034.09,1677780.54,"13280341677781"
"2018-6994-27/05/2021","2 Metropolitan","MARRYATVILLE","5068","CC OF NORWOOD,PAYNEHAM & ST PETERS",2,1,0,0,1,2018,"July","Monday","08:10 pm","060","Cross Road","Straight road","Level","Not Applicable","Sealed","Dry","Not Raining","Night","Right Turn","01","Driver Rider","2: MI","Traffic Signals","","",1332280.78,1670410.05,"13322811670410"
"2018-6995-27/05/2021","2 Metropolitan","PAYNEHAM","5070","CC OF NORWOOD,PAYNEHAM & ST PETERS",2,1,0,0,1,2018,"July","Tuesday","02:55 pm","060","Cross Road","CURVED, VIEW OPEN","Level","Not Applicable","Sealed","Dry","Not Raining","Daylight","Rear End","02","Driver Rider","2: MI","Traffic Signals","","",1332162.99,1673774.81,"13321631673775"
"2018-6996-27/05/2021","2 Metropolitan","PROSPECT","5082","CITY OF PROSPECT",3,0,0,0,0,2018,"July","Tuesday","04:01 pm","060","T-Junction","Straight road","Level","Not Applicable","Sealed","Dry","Not Raining","Daylight","Rear End","01","Driver Rider","1: PDO","Stop Sign","","",1327257.89,1675579.74,"13272581675580"
"2018-6997-27/05/2021","2 Metropolitan","SEMAPHORE","5019","CITY OF PORT ADELAIDE ENFIELD",2,0,0,0,0,2018,"July","Monday","06:45 pm","050","Not Divided","Straight road","Level","Not Applicable","Sealed","Dry","Not Raining","Night","Hit Parked Vehicle","02","Driver Rider","1: PDO","No Control","","",1318139.38,1680756.35,"13181391680756"
"2018-6998-27/05/2021","3 Country","MOUNT GAMBIER","5290","CC MT.GAMBIER.                ",2,0,0,0,0,2018,"July","Tuesday","10:50 am","060","Cross Road","Straight road","Level","Not Applicable","Sealed","Dry","Not Raining","Daylight","Side Swipe","01","Driver Rider","1: PDO","Roundabout","","",1510345.94,1340747.66,"15103461340748"
"2018-6999-27/05/2021","2 Metropolitan","WINGFIELD","5013","CITY OF PORT ADELAIDE ENFIELD",2,0,0,0,0,2018,"July","Tuesday","04:20 pm","070","Not Divided","Straight road","Level","Driveway or Entrance","Sealed","Dry","Not Raining","Daylight","Right Angle","01","Driver Rider","1: PDO","No Control","","",1326210.89,1680237.17,"13262111680237"
"2018-7000-27/05/2021","2 Metropolitan","ELIZABETH","5112","CITY OF PLAYFORD.",2,0,0,0,0,2018,"July","Tuesday","03:47 pm","060","T-Junction","Straight road","Level","Not Applicable","Sealed","Dry","Not Raining","Daylight","Hit Parked Vehicle","01","Driver Rider","1: PDO","Give Way Sign","","",1335810.11,1693797.29,"13358101693797"
"2018-7001-27/05/2021","2 Metropolitan","KUDLA","5115","CT GAWLER.                    ",2,0,0,0,0,2018,"July","Tuesday","04:10 pm","080","T-Junction","CURVED, VIEW OPEN","Level","Not Applicable","Sealed","Dry","Not Raining","Daylight","Right Angle","01","Driver Rider","1: PDO","Stop Sign","","",1338661.3,1700789.09,"13386611700789"
"2018-7002-27/05/2021","2 Metropolitan","ENFIELD","5085","CITY OF PORT ADELAIDE ENFIELD",2,0,0,0,0,2018,"July","Tuesday","05:08 pm","060","Divided Road","Straight road","Level","Not Applicable","Sealed","Dry","Not Raining","Daylight","Rear End","01","Driver Rider","1: PDO","No Control","","",1328807.16,1678767.55,"13288071678768"
"2018-7003-27/05/2021","2 Metropolitan","WOODVILLE PARK","5011","CITY OF CHARLES STURT",3,0,0,0,0,2018,"July","Tuesday","05:50 pm","060","Cross Road","Straight road","Level","Not Applicable","Sealed","Dry","Not Raining","Night","Rear End","01","Driver Rider","1: PDO","Traffic Signals","","",1324186.57,1676250.45,"13241871676250"
"2018-7004-27/05/2021","3 Country","THE PINES","5577","YORKE PENINSULA COUNCIL",2,0,0,0,0,2018,"July","Monday","10:00 pm","060","Not Divided","Straight road","Level","Not Applicable","Sealed","Dry","Not Raining","Night","Hit Fixed Object","01","Driver Rider","1: PDO","No Control","","",1197413.66,1675146.83,"11974141675147"
"2018-7005-27/05/2021","2 Metropolitan","SALISBURY","5108","CITY OF SALISBURY",3,1,0,0,1,2018,"July","Tuesday","06:04 pm","050","T-Junction","Straight road","Level","Not Applicable","Sealed","Dry","Not Raining","Night","Rear End","01","Driver Rider","2: MI","Traffic Signals","","",1333161.27,1689061.81,"13331611689062"
"2018-7006-27/05/2021","2 Metropolitan","PARADISE","5075","CC CAMPBELLTOWN.              ",2,0,0,0,0,2018,"July","Tuesday","06:17 pm","060","T-Junction","Straight road","Level","Not Applicable","Sealed","Dry","Not Raining","Night","Right Turn","01","Driver Rider","1: PDO","Traffic Signals","","",1335624.13,1676678.29,"13356241676678"
"2018-7007-27/05/2021","2 Metropolitan","PARACOMBE","5132","THE ADELAIDE HILLS COUNCIL",2,1,0,0,1,2018,"July","Tuesday","03:15 pm","080","Not Divided","CURVED, VIEW OBSCURED","Slope","Not Applicable","Sealed","Dry","Not Raining","Daylight","Hit Fixed Object","01","Driver Rider","2: MI","No Control","","",1345834.02,1677465.9,"13458341677466"
"2018-7008-27/05/2021","2 Metropolitan","CRAIGMORE","5114","CITY OF PLAYFORD.",2,0,0,0,0,2018,"July","Monday","02:15 pm","050","Not Divided","CURVED, VIEW OPEN","Slope","Not Applicable","Sealed","Dry","Not Raining","Daylight","Hit Fixed Object","01","Driver Rider","1: PDO","No Control","","",1338917.78,1696104.63,"13389181696105"
"2018-7009-27/05/2021","2 Metropolitan","ST MARYS","5042","CC MITCHAM.                   ",2,0,0,0,0,2018,"July","Tuesday","03:58 pm","060","Divided Road","Straight road","Level","Not Applicable","Sealed","Dry","Not Raining","Daylight","Rear End","02","Driver Rider","1: PDO","No Control","","",1326079.42,1663326.24,"13260791663326"
"2018-7010-27/05/2021","2 Metropolitan","ELIZABETH","5112","CITY OF PLAYFORD.",2,0,0,0,0,2018,"July","Tuesday","12:41 pm","060","T-Junction","Straight road","Level","Not Applicable","Sealed","Dry","Not Raining","Daylight","Rear End","02","Driver Rider","1: PDO","Traffic Signals","","",1335570.41,1693051.39,"13355701693051"
"2018-7011-27/05/2021","2 Metropolitan","EVANSTON PARK","5116","CT GAWLER.                    ",1,1,0,0,1,2018,"July","Wednesday","12:03 am","080","Not Divided","CURVED, VIEW OBSCURED","Slope","Not Applicable","Sealed","Dry","Not Raining","Night","Roll Over","01","Driver Rider","2: MI","No Control","","Y",1343293.04,1703169.2,"13432931703169"
"2018-7012-27/05/2021","2 Metropolitan","DRY CREEK","5094","CITY OF PORT ADELAIDE ENFIELD",2,1,0,0,1,2018,"July","Wednesday","05:50 am","050","T-Junction","Straight road","Level","Not Applicable","Sealed","Dry","Not Raining","Night","Right Turn","01","Driver Rider","2: MI","No Control","","",1327818.51,1680462.31,"13278191680462"
"2018-7013-27/05/2021","2 Metropolitan","KLEMZIG","5087","CITY OF PORT ADELAIDE ENFIELD",3,0,0,0,0,2018,"July","Tuesday","12:30 pm","060","Divided Road","Straight road","Level","Not Applicable","Sealed","Dry","Not Raining","Daylight","Hit Fixed Object","01","Driver Rider","1: PDO","No Control","","",1331485.18,1676085.55,"13314851676086"
"2018-7014-27/05/2021","2 Metropolitan","TERINGIE","5072","THE ADELAIDE HILLS COUNCIL",2,0,0,0,0,2018,"July","Wednesday","06:59 am","050","Not Divided","Straight road","Slope","Not Applicable","Sealed","Wet","Raining","Night","Hit Fixed Object","01","Driver Rider","1: PDO","No Control","","",1338799.43,1671626.63,"13387991671627"
"2018-7015-27/05/2021","2 Metropolitan","LARGS NORTH","5016","CITY OF PORT ADELAIDE ENFIELD",2,0,0,0,0,2018,"July","Wednesday","09:00 am","060","T-Junction","Straight road","Level","Not Applicable","Sealed","Wet","Raining","Daylight","Right Angle","01","Driver Rider","1: PDO","No Control","","",1319893.4,1683137.31,"13198931683137"
"2018-7016-27/05/2021","2 Metropolitan","SEMAPHORE","5019","CITY OF PORT ADELAIDE ENFIELD",2,0,0,0,0,2018,"July","Wednesday","08:25 am","040","T-Junction","Straight road","Level","Not Applicable","Sealed","Wet","Raining","Daylight","Hit Fixed Object","01","Driver Rider","1: PDO","Traffic Signals","","",1317891.69,1680724.19,"13178921680724"
"2018-7017-27/05/2021","2 Metropolitan","TUSMORE","5065","CITY OF BURNSIDE",2,0,0,0,0,2018,"July","Wednesday","09:57 am","060","Divided Road","Straight road","Level","Not Applicable","Sealed","Wet","Not Raining","Daylight","Side Swipe","02","Driver Rider","1: PDO","No Control","","",1332471.95,1669050.62,"13324721669051"
"2018-7018-27/05/2021","2 Metropolitan","BOLIVAR","5110","CITY OF SALISBURY",2,1,0,0,1,2018,"July","Wednesday","10:00 am","090","Divided Road","Straight road","Level","Not Applicable","Sealed","Wet","Not Raining","Daylight","Hit Animal","02","Animal","2: MI","No Control","","",1328346.59,1689149.13,"13283471689149"
"2018-7019-27/05/2021","2 Metropolitan","ROYAL PARK","5014","CITY OF CHARLES STURT",2,0,0,0,0,2018,"July","Wednesday","09:49 am","060","Cross Road","Straight road","Level","Not Applicable","Sealed","Wet","Raining","Daylight","Right Turn","01","Driver Rider","1: PDO","Traffic Signals","","",1320696.01,1677657.59,"13206961677658"
"2018-7020-27/05/2021","2 Metropolitan","THORNGATE","5082","CITY OF PROSPECT",2,1,0,0,1,2018,"July","Wednesday","10:15 am","060","Cross Road","Straight road","Level","Not Applicable","Sealed","Wet","Not Raining","Daylight","Rear End","02","Driver Rider","2: MI","Traffic Signals","","",1328116.31,1673675.73,"13281161673676"
"2018-7021-27/05/2021","2 Metropolitan","CHRISTIE DOWNS","5164","CITY OF ONKAPARINGA",2,0,0,0,0,2018,"July","Wednesday","10:00 am","060","Cross Road","Straight road","Level","Not Applicable","Sealed","Dry","Not Raining","Daylight","Right Angle","02","Driver Rider","1: PDO","Give Way Sign","","",1318484.22,1648627.93,"13184841648628"
"2018-7022-27/05/2021","3 Country","COONALPYN","5265","COORONG DISTRICT COUNCIL",2,1,0,0,1,2018,"July","Wednesday","10:30 am","100","Not Divided","Straight road","Level","Not Applicable","Sealed","Wet","Not Raining","Daylight","Hit Fixed Object","01","Driver Rider","2: MI","No Control","","",1435914.26,1580786.71,"14359141580787"
"2018-7023-27/05/2021","2 Metropolitan","WOODVILLE PARK","5011","CITY OF CHARLES STURT",3,0,0,0,0,2018,"July","Tuesday","06:15 pm","060","Not Divided","Straight road","Level","Not Applicable","Sealed","Dry","Not Raining","Night","Rear End","01","Driver Rider","1: PDO","No Control","","",1324164.42,1676144.57,"13241641676145"
"2018-7024-27/05/2021","2 Metropolitan","WINDSOR GARDENS","5087","CITY OF PORT ADELAIDE ENFIELD",4,0,0,0,0,2018,"July","Wednesday","12:50 pm","060","Divided Road","Straight road","Level","Not Applicable","Sealed","Dry","Not Raining","Daylight","Rear End","01","Driver Rider","1: PDO","No Control","","",1333135.99,1677498.22,"13331361677498"
"2018-7025-27/05/2021","2 Metropolitan","GOODWOOD","5034","CITY OF UNLEY",2,0,0,0,0,2018,"July","Wednesday","10:20 am","050","T-Junction","Straight road","Level","Not Applicable","Sealed","Wet","Not Raining","Daylight","Right Angle","01","Driver Rider","1: PDO","No Control","","",1327231.07,1667619.3,"13272311667619"
"2018-7026-27/05/2021","2 Metropolitan","ANGLE VALE","5117","CITY OF PLAYFORD.",3,1,0,0,1,2018,"July","Wednesday","01:05 pm","060","Not Divided","Straight road","Level","Not Applicable","Sealed","Wet","Not Raining","Daylight","Hit Fixed Object","01","Driver Rider","2: MI","No Control","","",1334572.11,1702196.85,"13345721702197"
"2018-7027-27/05/2021","2 Metropolitan","PORT ADELAIDE","5015","CITY OF PORT ADELAIDE ENFIELD",2,0,0,0,0,2018,"July","Wednesday","11:01 am","040","T-Junction","Straight road","Level","Driveway or Entrance","Sealed","Dry","Not Raining","Daylight","Right Angle","01","Driver Rider","1: PDO","Stop Sign","","",1319952.87,1679603.61,"13199531679604"
"2018-7028-27/05/2021","3 Country","SOLOMONTOWN","5540","PT.PIRIE CITY & DIST. COUNCIL ",2,1,0,0,1,2018,"July","Wednesday","02:35 pm","050","T-Junction","Straight road","Level","Driveway or Entrance","Sealed","Dry","Not Raining","Daylight","Right Turn","01","Driver Rider","2: MI","No Control","","",1280596.15,1865264.13,"12805961865264"
"2018-7029-27/05/2021","2 Metropolitan","SALISBURY SOUTH","5106","CITY OF SALISBURY",1,0,0,0,0,2018,"July","Monday","11:00 am","060","Not Divided","Straight road","Level","Not Applicable","Sealed","Dry","Not Raining","Daylight","Left Road - Out of Control","09","Other","1: PDO","No Control","","",1332518.23,1686297.05,"13325181686297"