"REPORT_ID","Stats Area","Suburb","Postcode","LGA Name","Total Units","Total Cas","Total Fats","Total SI","Total MI","Year","Month","Day","Time","Area Speed","Position Type","Horizontal Align","Vertical Align","Other Feat","Road Surface","Moisture Cond","Weather Cond","DayNight","Crash Type","Unit Resp","Entity Code","CSEF Severity","Traffic Ctrls","DUI Involved","Drugs Involved","ACCLOC_X","ACCLOC_Y","UNIQUE_LOC"
"2018-7841-27/05/2021","2 Metropolitan","ELIZABETH PARK","5113","CITY OF PLAYFORD.",2,3,0,0,3,2018,"August","Thursday","06:30 pm","080","Cross Road","Straight road","Level","Not Applicable","Sealed","Dry","Not Raining","Night","Right Turn","02","Driver Rider","2: MI","Traffic Signals","","",1336482.32,1694632.45,"13364821694632"
"2018-7842-27/05/2021","2 Metropolitan","PARADISE","5075","CC CAMPBELLTOWN.              ",2,1,0,0,1,2018,"August","Thursday","06:10 pm","060","T-Junction","Straight road","Level","Not Applicable","Sealed","Dry","Not Raining","Night","Right Turn","01","Driver Rider","2: MI","Traffic Signals","","",1334585.83,1675907.51,"13345861675908"
"2018-7843-27/05/2021","2 Metropolitan","NOVAR GARDENS","5040","CITY OF WEST TORRENS",2,0,0,0,0,2018,"August","Thursday","03:48 pm","060","Not Divided","Straight road","Level","Not Applicable","Sealed","Dry","Not Raining","Daylight","Rear End","01","Driver Rider","1: PDO","No Control","","",1322617.83,1666023.73,"13226181666024"
"2018-7844-27/05/2021","2 Metropolitan","CHRISTIES BEACH","5165","CITY OF ONKAPARINGA",3,1,0,1,0,2018,"August","Thursday","07:42 pm","050","Not Divided","CURVED, VIEW OPEN","Level","Not Applicable","Sealed","Wet","Raining","Night","Hit Parked Vehicle","01","Driver Rider","3: SI","No Control","Y","Y",1316050.23,1647069.63,"13160501647070"
"2018-7845-27/05/2021","1 City","ADELAIDE","5000","CITY OF ADELAIDE",2,1,0,0,1,2018,"August","Thursday","07:40 pm","060","Not Divided","Straight road","Level","Not Applicable","Sealed","Wet","Raining","Night","Hit Pedestrian","02","Pedestrian","2: MI","No Control","","",1329056.62,1669314.04,"13290571669314"
"2018-7846-27/05/2021","2 Metropolitan","GOLDEN GROVE","5125","CITY OF TEA TREE GULLY",2,0,0,0,0,2018,"August","Thursday","09:15 pm","060","Cross Road","Straight road","Level","Not Applicable","Sealed","Wet","Raining","Night","Hit Fixed Object","01","Driver Rider","1: PDO","Traffic Signals","","",1337892.14,1685350.36,"13378921685350"
"2018-7847-27/05/2021","2 Metropolitan","POORAKA","5095","CITY OF SALISBURY",2,0,0,0,0,2018,"August","Thursday","09:25 pm","070","Divided Road","Straight road","Level","Not Applicable","Sealed","Wet","Raining","Night","Rear End","02","Driver Rider","1: PDO","No Control","","",1330702.4,1682087.51,"13307021682088"
"2018-7848-27/05/2021","2 Metropolitan","WESTBOURNE PARK","5041","CC MITCHAM.                   ",3,0,0,0,0,2018,"July","Tuesday","10:43 pm","060","Cross Road","Straight road","Level","Not Applicable","Sealed","Dry","Not Raining","Night","Hit Fixed Object","01","Driver Rider","1: PDO","Traffic Signals","Y","",1327507.88,1666202.96,"13275081666203"
"2018-7849-27/05/2021","2 Metropolitan","ELIZABETH SOUTH","5112","CITY OF PLAYFORD.",2,1,0,0,1,2018,"August","Thursday","10:10 pm","060","Divided Road","Straight road","Level","Not Applicable","Sealed","Wet","Raining","Night","Hit Pedestrian","02","Pedestrian","2: MI","No Control","","",1334869.04,1691801.71,"13348691691802"
"2018-7850-27/05/2021","2 Metropolitan","REGENCY PARK","5010","CITY OF PORT ADELAIDE ENFIELD",2,0,0,0,0,2018,"August","Thursday","11:00 pm","090","Freeway","CURVED, VIEW OPEN","Level","Not Applicable","Sealed","Wet","Raining","Night","Hit Fixed Object","01","Driver Rider","1: PDO","No Control","","",1325696.13,1678053.98,"13256961678054"
"2018-7851-27/05/2021","2 Metropolitan","EDINBURGH NORTH","5113","CITY OF PLAYFORD.",2,0,0,0,0,2018,"August","Friday","01:15 am","060","T-Junction","Straight road","Level","Not Applicable","Sealed","Wet","Raining","Night","Rear End","02","Driver Rider","1: PDO","No Control","","",1334076.2,1695120.31,"13340761695120"
"2018-7852-27/05/2021","2 Metropolitan","HINDMARSH","5007","CITY OF CHARLES STURT",2,0,0,0,0,2018,"August","Friday","04:00 am","060","Cross Road","Straight road","Level","Not Applicable","Sealed","Wet","Raining","Night","Side Swipe","02","Driver Rider","1: PDO","Traffic Signals","","",1325539.86,1673426,"13255401673426"
"2018-7853-27/05/2021","2 Metropolitan","HINDMARSH","5007","CITY OF CHARLES STURT",3,0,0,0,0,2018,"August","Friday","06:55 am","060","T-Junction","Straight road","Level","Not Applicable","Sealed","Wet","Raining","Night","Rear End","01","Driver Rider","1: PDO","Traffic Signals","","",1326125.23,1672575.24,"13261251672575"
"2018-7854-27/05/2021","2 Metropolitan","THEBARTON","5031","CITY OF WEST TORRENS",3,0,0,0,0,2018,"August","Friday","06:40 am","060","Divided Road","Straight road","Level","Not Applicable","Sealed","Wet","Raining","Night","Rear End","01","Driver Rider","1: PDO","No Control","","",1326566.47,1671774.68,"13265661671775"
"2018-7855-27/05/2021","2 Metropolitan","WARRADALE","5046","CC MARION.                    ",3,0,0,0,0,2018,"August","Thursday","01:50 pm","050","Pedestrian Crossing","Straight road","Level","Not Applicable","Sealed","Dry","Not Raining","Daylight","Hit Fixed Object","01","Driver Rider","1: PDO","No Control","","",1322539.24,1661620.48,"13225391661620"
"2018-7856-27/05/2021","2 Metropolitan","PORT ADELAIDE","5015","CITY OF PORT ADELAIDE ENFIELD",2,0,0,0,0,2018,"August","Thursday","07:15 am","060","Divided Road","Straight road","Level","Not Applicable","Sealed","Dry","Not Raining","Daylight","Rear End","02","Driver Rider","1: PDO","No Control","","",1320627.29,1680467.86,"13206271680468"
"2018-7857-27/05/2021","2 Metropolitan","SALISBURY","5108","CITY OF SALISBURY",2,1,0,0,1,2018,"August","Friday","07:55 am","050","Multiple","Straight road","Level","Not Applicable","Sealed","Wet","Raining","Daylight","Rear End","02","Driver Rider","2: MI","Traffic Signals","","",1333632.48,1688660.75,"13336321688661"
"2018-7858-27/05/2021","3 Country","NARACOORTE","5271","DC NARACOORTE & LUCINDALE.",2,0,0,0,0,2018,"August","Friday","01:00 am","050","Not Divided","Straight road","Crest of Hill","Not Applicable","Sealed","Wet","Raining","Night","Hit Parked Vehicle","01","Driver Rider","1: PDO","No Control","Y","",1512494.52,1435700.31,"15124951435700"
"2018-7859-27/05/2021","2 Metropolitan","WEST BEACH","5024","CITY OF WEST TORRENS",2,0,0,0,0,2018,"August","Thursday","09:09 am","080","T-Junction","Straight road","Level","Not Applicable","Sealed","Wet","Raining","Daylight","Right Angle","02","Driver Rider","1: PDO","No Control","","",1320920.53,1669145.94,"13209211669146"
"2018-7860-27/05/2021","2 Metropolitan","HACKNEY","5069","CC OF NORWOOD,PAYNEHAM & ST PETERS",2,0,0,0,0,2018,"August","Friday","06:00 am","060","Cross Road","Straight road","Level","Not Applicable","Sealed","Wet","Raining","Night","Rear End","01","Driver Rider","1: PDO","Traffic Signals","","",1329902.14,1671311.39,"13299021671311"
"2018-7861-27/05/2021","2 Metropolitan","NOARLUNGA CENTRE","5168","CITY OF ONKAPARINGA",2,0,0,0,0,2018,"August","Friday","09:10 am","050","Not Divided","Straight road","Level","Driveway or Entrance","Sealed","Wet","Raining","Daylight","Rear End","02","Driver Rider","1: PDO","No Control","","",1318114.5,1647337.34,"13181151647337"
"2018-7862-27/05/2021","2 Metropolitan","FERRYDEN PARK","5010","CITY OF PORT ADELAIDE ENFIELD",2,1,0,0,1,2018,"August","Friday","08:50 am","060","Divided Road","Straight road","Level","Not Applicable","Sealed","Wet","Raining","Daylight","Hit Pedestrian","02","Pedestrian","2: MI","No Control","","",1324855.7,1676345.96,"13248561676346"
"2018-7863-27/05/2021","2 Metropolitan","INGLE FARM","5098","CITY OF SALISBURY",2,1,0,0,1,2018,"August","Friday","08:45 am","070","T-Junction","Straight road","Slope","Not Applicable","Sealed","Wet","Raining","Daylight","Right Turn","01","Driver Rider","2: MI","Traffic Signals","","",1332666.48,1681574.09,"13326661681574"
"2018-7864-27/05/2021","1 City","ADELAIDE","5000","CITY OF ADELAIDE",3,0,0,0,0,2018,"August","Friday","09:20 am","050","Cross Road","CURVED, VIEW OPEN","Level","Not Applicable","Sealed","Wet","Raining","Daylight","Rear End","01","Driver Rider","1: PDO","Traffic Signals","","",1327921.16,1670654.98,"13279211670655"
"2018-7865-27/05/2021","2 Metropolitan","COLLINSWOOD","5081","CITY OF PROSPECT",2,1,0,0,1,2018,"August","Thursday","12:25 pm","060","T-Junction","Straight road","Level","Not Applicable","Sealed","Dry","Not Raining","Daylight","Rear End","01","Driver Rider","2: MI","No Control","","",1330192.4,1674956.17,"13301921674956"
"2018-7866-27/05/2021","2 Metropolitan","SALISBURY DOWNS","5108","CITY OF SALISBURY",2,0,0,0,0,2018,"August","Thursday","02:45 pm","060","Cross Road","Straight road","Level","Not Applicable","Sealed","Dry","Not Raining","Daylight","Rear End","02","Driver Rider","1: PDO","Traffic Signals","","",1331438.94,1686827.09,"13314391686827"
"2018-7867-27/05/2021","2 Metropolitan","ELIZABETH GROVE","5112","CITY OF PLAYFORD.",3,0,0,0,0,2018,"August","Friday","10:45 am","080","Cross Road","Straight road","Level","Not Applicable","Sealed","Wet","Raining","Daylight","Side Swipe","01","Driver Rider","1: PDO","Traffic Signals","","",1336080.31,1692236.44,"13360801692236"
"2018-7868-27/05/2021","2 Metropolitan","LONSDALE","5160","CITY OF ONKAPARINGA",2,1,0,1,0,2018,"August","Friday","11:00 am","080","Cross Road","Straight road","Level","Not Applicable","Sealed","Wet","Not Raining","Daylight","Right Turn","01","Driver Rider","3: SI","Traffic Signals","","",1318648.35,1650956.38,"13186481650956"
"2018-7869-27/05/2021","2 Metropolitan","NORWOOD","5067","CC OF NORWOOD,PAYNEHAM & ST PETERS",3,0,0,0,0,2018,"August","Friday","11:25 am","060","Cross Road","Straight road","Level","Not Applicable","Sealed","Wet","Not Raining","Daylight","Rear End","01","Driver Rider","1: PDO","Traffic Signals","","",1332249.24,1671422.17,"13322491671422"
"2018-7870-27/05/2021","2 Metropolitan","SUMMERTOWN","5141","THE ADELAIDE HILLS COUNCIL",2,4,0,0,4,2018,"August","Friday","09:45 am","060","Cross Road","Straight road","Crest of Hill","Not Applicable","Sealed","Wet","Raining","Daylight","Right Angle","02","Driver Rider","2: MI","Give Way Sign","Y","",1340017.03,1666658.61,"13400171666659"
"2018-7871-27/05/2021","2 Metropolitan","EASTWOOD","5063","CITY OF UNLEY",2,0,0,0,0,2018,"August","Friday","08:15 am","060","T-Junction","Straight road","Level","Not Applicable","Sealed","Wet","Raining","Daylight","Rear End","01","Driver Rider","1: PDO","No Control","","",1329986.34,1668893.02,"13299861668893"
"2018-7872-27/05/2021","2 Metropolitan","BIRDWOOD","5234","THE ADELAIDE HILLS COUNCIL",2,0,0,0,0,2018,"July","Saturday","04:30 pm","080","Not Divided","CURVED, VIEW OPEN","Level","Not Applicable","Sealed","Dry","Not Raining","Daylight","Head On","02","Driver Rider","1: PDO","No Control","","",1359943.03,1681133.94,"13599431681134"
"2018-7873-27/05/2021","2 Metropolitan","GREEN FIELDS","5107","CITY OF SALISBURY",1,0,0,0,0,2018,"August","Friday","10:10 am","080","T-Junction","Straight road","Level","Not Applicable","Sealed","Wet","Not Raining","Daylight","Other","09","Other","1: PDO","Traffic Signals","","",1328689.4,1685255.52,"13286891685256"
"2018-7874-27/05/2021","3 Country","MONASH","5342","THE BERRI BARMERA COUNCIL",2,0,0,0,0,2018,"August","Friday","12:05 pm","110","T-Junction","Straight road","Level","Not Applicable","Sealed","Wet","Raining","Daylight","Right Angle","02","Driver Rider","1: PDO","Give Way Sign","","",1507875.03,1739627.48,"15078751739627"
"2018-7875-27/05/2021","1 City","ADELAIDE","5000","CITY OF ADELAIDE",2,0,0,0,0,2018,"August","Friday","09:56 am","050","T-Junction","Straight road","Level","Not Applicable","Sealed","Wet","Raining","Daylight","Side Swipe","02","Driver Rider","1: PDO","Traffic Signals","","",1329012.45,1671149.03,"13290121671149"
"2018-7876-27/05/2021","2 Metropolitan","ADELAIDE","5000","CITY OF UNLEY",2,0,0,0,0,2018,"August","Friday","01:05 pm","060","Divided Road","Straight road","Level","Not Applicable","Sealed","Wet","Raining","Daylight","Rear End","01","Driver Rider","1: PDO","No Control","","",1328831.99,1668974.81,"13288321668975"
"2018-7877-27/05/2021","2 Metropolitan","ADELAIDE","5000","CITY OF UNLEY",2,0,0,0,0,2018,"August","Friday","01:05 pm","060","Divided Road","Straight road","Level","Not Applicable","Sealed","Wet","Raining","Daylight","Rear End","01","Driver Rider","1: PDO","No Control","","",1328831.99,1668974.81,"13288321668975"
"2018-7878-27/05/2021","2 Metropolitan","TRANMERE","5073","CC OF NORWOOD,PAYNEHAM & ST PETERS",2,0,0,0,0,2018,"August","Friday","12:24 pm","060","Divided Road","Straight road","Level","Not Applicable","Sealed","Wet","Not Raining","Daylight","Hit Pedestrian","02","Driver Rider","1: PDO","No Control","","",1333837.03,1672412.2,"13338371672412"
"2018-7879-27/05/2021","2 Metropolitan","INGLE FARM","5098","CITY OF SALISBURY",2,0,0,0,0,2018,"August","Friday","12:50 pm","050","Not Divided","Straight road","Slope","Not Applicable","Sealed","Dry","Not Raining","Daylight","Hit Fixed Object","01","Driver Rider","1: PDO","No Control","","",1333131.46,1681719.32,"13331311681719"
"2018-7880-27/05/2021","2 Metropolitan","ELIZABETH","5112","CITY OF PLAYFORD.",2,0,0,0,0,2018,"August","Friday","02:22 pm","050","Cross Road","Straight road","Level","Not Applicable","Sealed","Wet","Not Raining","Daylight","Side Swipe","02","Driver Rider","1: PDO","Roundabout","","",1335676.1,1693854.14,"13356761693854"
"2018-7881-27/05/2021","2 Metropolitan","GREEN FIELDS","5107","CITY OF SALISBURY",2,0,0,0,0,2018,"July","Tuesday","07:00 pm","090","T-Junction","Straight road","Level","Not Applicable","Sealed","Wet","Raining","Night","Hit Fixed Object","01","Driver Rider","1: PDO","Traffic Signals","","",1328674.22,1685896.53,"13286741685897"
"2018-7882-27/05/2021","2 Metropolitan","BROOKLYN PARK","5032","CITY OF WEST TORRENS",4,0,0,0,0,2018,"August","Friday","02:05 pm","060","Divided Road","Straight road","Level","Not Applicable","Sealed","Dry","Not Raining","Daylight","Rear End","01","Driver Rider","1: PDO","No Control","","",1323702.04,1670106.42,"13237021670106"
"2018-7883-27/05/2021","2 Metropolitan","ST MARYS","5042","CC MITCHAM.                   ",2,0,0,0,0,2018,"August","Thursday","11:40 pm","060","Cross Road","Straight road","Level","Not Applicable","Sealed","Wet","Raining","Night","Rear End","01","Driver Rider","1: PDO","Traffic Signals","","",1325965.37,1663322.86,"13259651663323"
"2018-7884-27/05/2021","2 Metropolitan","EVANSTON SOUTH","5116","CT GAWLER.                    ",3,1,0,0,1,2018,"August","Friday","02:15 pm","090","Cross Road","Straight road","Level","Not Applicable","Sealed","Wet","Raining","Daylight","Rear End","01","Driver Rider","2: MI","Stop Sign","","",1339551.26,1700125.05,"13395511700125"
"2018-7885-27/05/2021","3 Country","WUDINNA","5652","DC WUDINNA. (DC LE HUNTE.)",3,1,0,1,0,2018,"August","Friday","10:10 am","050","Not Divided","Straight road","Level","Not Applicable","Sealed","Dry","Not Raining","Daylight","Hit Fixed Object","01","Driver Rider","3: SI","No Control","","",1043102.64,1884054.06,"10431031884054"
"2018-7886-27/05/2021","2 Metropolitan","BOLIVAR","5110","CITY OF SALISBURY",2,0,0,0,0,2018,"August","Friday","04:00 pm","090","Divided Road","CURVED, VIEW OPEN","Level","Not Applicable","Sealed","Dry","Not Raining","Daylight","Side Swipe","01","Driver Rider","1: PDO","No Control","","",1328182.57,1689740.95,"13281831689741"
"2018-7887-27/05/2021","2 Metropolitan","KILKENNY","5009","CITY OF CHARLES STURT",2,0,0,0,0,2018,"August","Friday","03:15 pm","050","Not Divided","Straight road","Level","Not Applicable","Sealed","Dry","Not Raining","Daylight","Hit Pedestrian","02","Pedestrian","1: PDO","No Control","","",1324249.15,1676649.63,"13242491676650"
"2018-7888-27/05/2021","2 Metropolitan","NEWTON","5074","CC CAMPBELLTOWN.              ",2,1,0,0,1,2018,"August","Friday","03:45 pm","060","Divided Road","Straight road","Level","Not Applicable","Sealed","Dry","Not Raining","Daylight","Hit Fixed Object","01","Driver Rider","2: MI","No Control","","",1336961.09,1674731.88,"13369611674732"
"2018-7889-27/05/2021","2 Metropolitan","PORT ADELAIDE","5015","CITY OF PORT ADELAIDE ENFIELD",3,1,0,0,1,2018,"August","Friday","03:00 pm","060","Not Divided","Straight road","Level","Not Applicable","Sealed","Dry","Not Raining","Daylight","Rear End","01","Driver Rider","2: MI","No Control","","",1321042.55,1680543.68,"13210431680544"
"2018-7890-27/05/2021","2 Metropolitan","HUNTFIELD HEIGHTS","5163","CITY OF ONKAPARINGA",2,0,0,0,0,2018,"August","Friday","04:34 pm","060","T-Junction","CURVED, VIEW OBSCURED","Level","Not Applicable","Sealed","Wet","Not Raining","Daylight","Hit Fixed Object","01","Driver Rider","1: PDO","Traffic Signals","","",1320864.95,1646550.7,"13208651646551"
"2018-7891-27/05/2021","2 Metropolitan","MARION","5043","CC MARION.                    ",2,0,0,0,0,2018,"August","Friday","05:40 pm","060","T-Junction","Straight road","Level","Not Applicable","Sealed","Wet","Not Raining","Night","Rear End","02","Driver Rider","1: PDO","Traffic Signals","","",1324375.43,1661874.99,"13243751661875"
"2018-7892-27/05/2021","2 Metropolitan","EDWARDSTOWN","5039","CC MARION.                    ",2,0,0,0,0,2018,"August","Thursday","06:10 pm","060","T-Junction","Straight road","Level","Not Applicable","Sealed","Dry","Not Raining","Night","Right Turn","02","Driver Rider","1: PDO","Traffic Signals","","",1325910.32,1664786.52,"13259101664787"
"2018-7893-27/05/2021","2 Metropolitan","GEPPS CROSS","5094","CITY OF PORT ADELAIDE ENFIELD",2,0,0,0,0,2018,"August","Friday","04:10 pm","060","Cross Road","Straight road","Level","Not Applicable","Sealed","Dry","Not Raining","Daylight","Hit Fixed Object","01","Driver Rider","1: PDO","Traffic Signals","","",1327182.14,1679208.39,"13271821679208"
"2018-7894-27/05/2021","2 Metropolitan","HINDMARSH","5007","CITY OF CHARLES STURT",3,0,0,0,0,2018,"August","Thursday","11:10 pm","060","Cross Road","CURVED, VIEW OPEN","Level","Not Applicable","Sealed","Wet","Raining","Night","Right Angle","02","Driver Rider","1: PDO","Traffic Signals","","",1326440.45,1672631.13,"13264401672631"
"2018-7895-27/05/2021","3 Country","MOUNT GAMBIER","5290","CC MT.GAMBIER.                ",2,0,0,0,0,2018,"August","Friday","06:18 pm","050","T-Junction","Straight road","Crest of Hill","Not Applicable","Sealed","Wet","Raining","Night","Rear End","02","Driver Rider","1: PDO","Stop Sign","","",1510220.05,1340472.35,"15102201340472"
"2018-7896-27/05/2021","2 Metropolitan","NOARLUNGA DOWNS","5168","CITY OF ONKAPARINGA",4,0,0,0,0,2018,"August","Friday","05:51 pm","080","Divided Road","Straight road","Level","Not Applicable","Sealed","Dry","Not Raining","Night","Rear End","01","Driver Rider","1: PDO","No Control","","",1318789.25,1643866.26,"13187891643866"
"2018-7897-27/05/2021","3 Country","PENOLA","5277","WATTLE RANGE COUNCIL",3,1,0,1,0,2018,"August","Friday","05:15 pm","110","Not Divided","Straight road","Level","Not Applicable","Sealed","Wet","Unknown","Daylight","Side Swipe","01","Driver Rider","3: SI","No Control","","",1516963.53,1381270.73,"15169641381271"
"2018-7898-27/05/2021","2 Metropolitan","MARION","5043","CC MARION.                    ",2,0,0,0,0,2018,"August","Friday","08:30 pm","060","T-Junction","Straight road","Level","Not Applicable","Sealed","Dry","Not Raining","Night","Right Angle","01","Driver Rider","1: PDO","No Control","","",1324398.72,1661091.4,"13243991661091"
"2018-7899-27/05/2021","2 Metropolitan","HINDMARSH","5007","CITY OF CHARLES STURT",2,0,0,0,0,2018,"August","Thursday","11:10 pm","060","T-Junction","Straight road","Level","Not Applicable","Sealed","Dry","Not Raining","Night","Hit Fixed Object","01","Driver Rider","1: PDO","Give Way Sign","","",1325720.68,1673251.6,"13257211673252"
"2018-7900-27/05/2021","2 Metropolitan","WALKERVILLE","5081","WALKERVILLE TOWN COUNCIL",2,1,0,0,1,2018,"August","Wednesday","07:00 pm","060","Not Divided","Straight road","Level","Not Applicable","Sealed","Dry","Not Raining","Night","Hit Object on Road","01","Driver Rider","2: MI","No Control","","",1330214.23,1673448.43,"13302141673448"
"2018-7901-27/05/2021","2 Metropolitan","ELIZABETH DOWNS","5113","CITY OF PLAYFORD.",2,0,0,0,0,2018,"August","Friday","10:15 pm","060","T-Junction","Straight road","Level","Not Applicable","Sealed","Dry","Not Raining","Night","Right Turn","02","Driver Rider","1: PDO","No Control","","",1337491.3,1695157.87,"13374911695158"
"2018-7902-27/05/2021","3 Country","CARRICKALINGA","5204","DC YANKALILLA.                ",2,0,0,0,0,2018,"August","Friday","09:45 pm","100","Not Divided","CURVED, VIEW OPEN","Slope","Not Applicable","Sealed","Dry","Not Raining","Night","Hit Fixed Object","01","Driver Rider","1: PDO","No Control","","",1305570.88,1617536.28,"13055711617536"
"2018-7903-27/05/2021","2 Metropolitan","CLELAND","5152","THE ADELAIDE HILLS COUNCIL",2,0,0,0,0,2018,"August","Friday","11:10 pm","080","Not Divided","CURVED, VIEW OPEN","Slope","Not Applicable","Sealed","Wet","Not Raining","Night","Hit Fixed Object","09","Other","1: PDO","No Control","","",1336598.78,1667622.02,"13365991667622"
"2018-7904-27/05/2021","2 Metropolitan","MUNNO PARA WEST","5115","CITY OF PLAYFORD.",2,0,0,0,0,2018,"August","Friday","11:30 pm","060","Not Divided","Straight road","Level","Bridge, Culvert, Causeway","Sealed","Wet","Raining","Night","Hit Fixed Object","01","Driver Rider","1: PDO","No Control","","",1336756.7,1700247.82,"13367571700248"
"2018-7905-27/05/2021","3 Country","KEITH","5267","DC TATIARA.                   ",2,0,0,0,0,2018,"August","Friday","11:00 am","110","Not Divided","Straight road","Level","Not Applicable","Sealed","Dry","Not Raining","Daylight","Hit Fixed Object","01","Driver Rider","1: PDO","No Control","","Y",1484666.7,1530783.59,"14846671530784"
"2018-7906-27/05/2021","2 Metropolitan","DAVOREN PARK","5113","CITY OF PLAYFORD.",1,0,0,0,0,2018,"August","Saturday","01:30 am","050","Cross Road","Straight road","Level","Not Applicable","Sealed","Wet","Not Raining","Night","Left Road - Out of Control","01","Driver Rider","1: PDO","Roundabout","","",1336088.3,1697533.61,"13360881697534"
"2018-7907-27/05/2021","2 Metropolitan","WOODVILLE NORTH","5012","CITY OF PORT ADELAIDE ENFIELD",2,1,0,0,1,2018,"August","Saturday","03:32 am","060","Divided Road","Straight road","Level","Not Applicable","Sealed","Dry","Not Raining","Night","Hit Parked Vehicle","01","Driver Rider","2: MI","No Control","","",1323957.91,1677299.76,"13239581677300"
"2018-7908-27/05/2021","2 Metropolitan","PORT ADELAIDE","5015","CITY OF PORT ADELAIDE ENFIELD",2,0,0,0,0,2018,"August","Saturday","02:00 am","050","Cross Road","Straight road","Level","Not Applicable","Sealed","Dry","Not Raining","Night","Hit Fixed Object","01","Driver Rider","1: PDO","Traffic Signals","Y","",1320159.6,1679971.34,"13201601679971"
"2018-7909-27/05/2021","2 Metropolitan","GLENUNGA","5064","CITY OF BURNSIDE",2,0,0,0,0,2018,"August","Friday","11:20 pm","050","Not Divided","Straight road","Level","Not Applicable","Sealed","Dry","Not Raining","Night","Hit Parked Vehicle","01","Driver Rider","1: PDO","No Control","Y","",1331976.22,1667696.25,"13319761667696"
"2018-7910-27/05/2021","2 Metropolitan","MUNNO PARA","5115","CITY OF PLAYFORD.",2,1,0,0,1,2018,"August","Saturday","03:07 am","090","Divided Road","Straight road","Level","Not Applicable","Sealed","Dry","Not Raining","Night","Hit Fixed Object","01","Driver Rider","2: MI","No Control","Y","",1339008.6,1699234.82,"13390091699235"
"2018-7911-27/05/2021","3 Country","MOUNT GAMBIER","5290","CC MT.GAMBIER.                ",4,1,0,1,0,2018,"August","Friday","11:41 pm","040","Not Divided","CURVED, VIEW OPEN","Level","Not Applicable","Sealed","Dry","Not Raining","Night","Hit Fixed Object","01","Driver Rider","3: SI","No Control","Y","",1509440.95,1338560.16,"15094411338560"
"2018-7912-27/05/2021","2 Metropolitan","DOVER GARDENS","5048","CC MARION.                    ",2,1,0,0,1,2018,"August","Saturday","06:40 am","060","Cross Road","Straight road","Level","Not Applicable","Sealed","Dry","Not Raining","Night","Right Turn","02","Driver Rider","2: MI","Traffic Signals","","",1322777.1,1660604.93,"13227771660605"
"2018-7913-27/05/2021","2 Metropolitan","NOARLUNGA DOWNS","5168","CITY OF ONKAPARINGA",2,0,0,0,0,2018,"August","Saturday","08:40 am","060","Divided Road","Straight road","Slope","Not Applicable","Sealed","Dry","Not Raining","Daylight","Hit Fixed Object","01","Driver Rider","1: PDO","No Control","","",1318845.15,1646349.49,"13188451646349"
"2018-7914-27/05/2021","2 Metropolitan","PROSPECT","5082","CITY OF PROSPECT",2,0,0,0,0,2018,"August","Friday","11:00 am","060","T-Junction","Straight road","Level","Not Applicable","Sealed","Dry","Not Raining","Daylight","Right Turn","01","Driver Rider","1: PDO","No Control","","",1328884.92,1675672.89,"13288851675673"
"2018-7915-27/05/2021","2 Metropolitan","VALLEY VIEW","5093","CITY OF PORT ADELAIDE ENFIELD",2,0,0,0,0,2018,"August","Friday","02:45 pm","060","Divided Road","Straight road","Level","Not Applicable","Sealed","Wet","Raining","Daylight","Rear End","02","Driver Rider","1: PDO","No Control","","",1334338.07,1679368.58,"13343381679369"
"2018-7916-27/05/2021","2 Metropolitan","GLENELG EAST","5045","CITY OF HOLDFAST BAY",2,0,0,0,0,2018,"August","Friday","09:00 pm","050","Not Divided","Straight road","Level","Driveway or Entrance","Sealed","Dry","Not Raining","Night","Hit Parked Vehicle","02","Driver Rider","1: PDO","No Control","","",1321351.97,1664927.2,"13213521664927"
"2018-7917-27/05/2021","3 Country","KOOLUNGA","5464","PT.PIRIE CITY & DIST. COUNCIL ",2,1,0,0,1,2018,"August","Saturday","06:45 am","080","Not Divided","Straight road","Level","Not Applicable","Sealed","Dry","Not Raining","Night","Hit Fixed Object","01","Driver Rider","2: MI","No Control","Y","",1309921.84,1818344.53,"13099221818345"
"2018-7918-27/05/2021","2 Metropolitan","INGLE FARM","5098","CITY OF SALISBURY",2,0,0,0,0,2018,"August","Saturday","09:30 am","060","Cross Road","CURVED, VIEW OPEN","Level","Not Applicable","Sealed","Dry","Not Raining","Daylight","Side Swipe","02","Driver Rider","1: PDO","Roundabout","","",1334499.5,1681135.42,"13345001681135"
"2018-7919-27/05/2021","2 Metropolitan","SALISBURY DOWNS","5108","CITY OF SALISBURY",2,0,0,0,0,2018,"August","Saturday","11:27 am","060","Divided Road","Straight road","Level","Not Applicable","Sealed","Dry","Not Raining","Daylight","Rear End","01","Driver Rider","1: PDO","No Control","","",1330504.12,1687568.52,"13305041687569"
"2018-7920-27/05/2021","2 Metropolitan","NORWOOD","5067","CC OF NORWOOD,PAYNEHAM & ST PETERS",2,1,0,0,1,2018,"August","Saturday","08:00 am","050","Not Divided","Straight road","Level","Not Applicable","Sealed","Dry","Not Raining","Daylight","Hit Fixed Object","01","Driver Rider","2: MI","No Control","","Y",1330792.23,1670466.03,"13307921670466"
"2018-7921-27/05/2021","2 Metropolitan","SOUTH PLYMPTON","5038","CC MARION.                    ",2,0,0,0,0,2018,"August","Saturday","12:25 pm","060","Divided Road","Straight road","Level","Not Applicable","Sealed","Dry","Not Raining","Daylight","Rear End","02","Driver Rider","1: PDO","No Control","","",1324267.5,1665174.65,"13242681665175"