"REPORT_ID","Stats Area","Suburb","Postcode","LGA Name","Total Units","Total Cas","Total Fats","Total SI","Total MI","Year","Month","Day","Time","Area Speed","Position Type","Horizontal Align","Vertical Align","Other Feat","Road Surface","Moisture Cond","Weather Cond","DayNight","Crash Type","Unit Resp","Entity Code","CSEF Severity","Traffic Ctrls","DUI Involved","Drugs Involved","ACCLOC_X","ACCLOC_Y","UNIQUE_LOC"
"2018-8165-27/05/2021","3 Country","TANUNDA","5352","THE BAROSSA COUNCIL.",2,0,0,0,0,2018,"August","Friday","01:00 pm","050","Not Divided","Straight road","Level","Not Applicable","Sealed","Dry","Not Raining","Daylight","Rear End","02","Driver Rider","1: PDO","No Control","","",1363123.7,1714118.76,"13631241714119"
"2018-8166-27/05/2021","2 Metropolitan","GEPPS CROSS","5094","CITY OF PORT ADELAIDE ENFIELD",6,0,0,0,0,2018,"August","Friday","01:18 pm","070","T-Junction","Straight road","Level","Not Applicable","Sealed","Dry","Not Raining","Daylight","Side Swipe","01","Driver Rider","1: PDO","Traffic Signals","","",1328755.94,1680461.5,"13287561680462"
"2018-8167-27/05/2021","2 Metropolitan","MAWSON LAKES","5095","CITY OF SALISBURY",2,2,0,0,2,2018,"August","Wednesday","06:18 pm","050","Cross Road","Straight road","Level","Not Applicable","Sealed","Dry","Not Raining","Night","Rear End","02","Driver Rider","2: MI","Traffic Signals","","",1330496.17,1683915.05,"13304961683915"
"2018-8168-27/05/2021","2 Metropolitan","BEDFORD PARK","5042","CC MARION.                    ",2,0,0,0,0,2018,"August","Friday","11:40 am","070","T-Junction","Straight road","Slope","Not Applicable","Sealed","Dry","Not Raining","Daylight","Side Swipe","02","Driver Rider","1: PDO","Traffic Signals","","",1324854.16,1660080.43,"13248541660080"
"2018-8169-27/05/2021","2 Metropolitan","SALISBURY PARK","5109","CITY OF SALISBURY",3,0,0,0,0,2018,"August","Friday","03:10 pm","080","Divided Road","Straight road","Level","Not Applicable","Sealed","Wet","Not Raining","Daylight","Rear End","01","Driver Rider","1: PDO","No Control","","",1335513.48,1688203.61,"13355131688204"
"2018-8170-27/05/2021","2 Metropolitan","BRIGHTON","5048","CITY OF HOLDFAST BAY",2,0,0,0,0,2018,"August","Friday","02:55 pm","060","Cross Road","Straight road","Level","Not Applicable","Sealed","Dry","Not Raining","Daylight","Right Turn","02","Driver Rider","1: PDO","Traffic Signals","Y","",1321148.27,1660553.89,"13211481660554"
"2018-8171-27/05/2021","2 Metropolitan","INGLE FARM","5098","CITY OF SALISBURY",2,2,0,0,2,2018,"August","Friday","03:30 pm","060","Not Divided","Straight road","Level","Not Applicable","Sealed","Dry","Not Raining","Daylight","Rear End","02","Driver Rider","2: MI","No Control","","",1332993.64,1680497.84,"13329941680498"
"2018-8172-27/05/2021","2 Metropolitan","ELIZABETH NORTH","5113","CITY OF PLAYFORD.",2,0,0,0,0,2018,"August","Friday","02:50 pm","050","T-Junction","CURVED, VIEW OPEN","Level","Not Applicable","Sealed","Dry","Not Raining","Daylight","Right Angle","01","Driver Rider","1: PDO","No Control","","",1336586.94,1695607.81,"13365871695608"
"2018-8173-27/05/2021","2 Metropolitan","MEDINDIE","5081","WALKERVILLE TOWN COUNCIL",3,0,0,0,0,2018,"August","Friday","03:25 pm","060","T-Junction","Straight road","Level","Not Applicable","Sealed","Dry","Not Raining","Daylight","Rear End","02","Driver Rider","1: PDO","No Control","","",1329459.65,1673964.96,"13294601673965"
"2018-8174-27/05/2021","2 Metropolitan","MARDEN","5070","CC OF NORWOOD,PAYNEHAM & ST PETERS",2,0,0,0,0,2018,"August","Thursday","04:10 pm","050","T-Junction","Straight road","Level","Not Applicable","Sealed","Dry","Not Raining","Daylight","Right Turn","01","Driver Rider","1: PDO","No Control","","",1331235.38,1674000.15,"13312351674000"
"2018-8175-27/05/2021","2 Metropolitan","WEST HINDMARSH","5007","CITY OF CHARLES STURT",2,0,0,0,0,2018,"August","Friday","12:30 pm","060","Not Divided","Straight road","Level","Not Applicable","Sealed","Dry","Not Raining","Daylight","Side Swipe","01","Driver Rider","1: PDO","No Control","","",1325349.43,1672559.8,"13253491672560"
"2018-8176-27/05/2021","2 Metropolitan","KIDMAN PARK","5025","CITY OF CHARLES STURT",2,1,0,0,1,2018,"August","Friday","03:10 pm","060","Divided Road","Straight road","Level","Driveway or Entrance","Sealed","Dry","Not Raining","Daylight","Right Angle","01","Driver Rider","2: MI","No Control","","",1322242.38,1673115.41,"13222421673115"
"2018-8177-27/05/2021","2 Metropolitan","VIRGINIA","5120","CITY OF PLAYFORD.",2,2,0,0,2,2018,"August","Friday","03:40 pm","080","Not Divided","Straight road","Level","Not Applicable","Sealed","Wet","Not Raining","Daylight","Hit Fixed Object","01","Driver Rider","2: MI","No Control","","",1328523.63,1697804.43,"13285241697804"
"2018-8178-27/05/2021","3 Country","TEMPLERS","5371","LIGHT REGIONAL COUNCIL",3,1,0,1,0,2018,"August","Friday","03:07 pm","100","Cross Road","Straight road","Level","Not Applicable","Sealed","Dry","Not Raining","Daylight","Rear End","02","Driver Rider","3: SI","Give Way Sign","","",1343856.07,1718551.03,"13438561718551"
"2018-8179-27/05/2021","2 Metropolitan","HILLCREST","5086","CITY OF PORT ADELAIDE ENFIELD",2,0,0,0,0,2018,"August","Friday","05:05 pm","060","T-Junction","Straight road","Level","Not Applicable","Sealed","Wet","Raining","Daylight","Right Angle","02","Driver Rider","1: PDO","No Control","","",1333153.94,1677525.54,"13331541677526"
"2018-8180-27/05/2021","2 Metropolitan","PROSPECT","5082","CITY OF PROSPECT",3,1,0,0,1,2018,"August","Saturday","08:04 pm","050","Divided Road","Straight road","Level","Not Applicable","Sealed","Dry","Not Raining","Night","Rear End","02","Driver Rider","2: MI","No Control","","",1328108.32,1674222.08,"13281081674222"
"2018-8181-27/05/2021","2 Metropolitan","MORPHETT VALE","5162","CITY OF ONKAPARINGA",2,0,0,0,0,2018,"August","Friday","05:26 pm","060","Not Divided","CURVED, VIEW OPEN","Level","Not Applicable","Sealed","Wet","Raining","Daylight","Head On","02","Driver Rider","1: PDO","No Control","","",1319671.03,1650757.01,"13196711650757"
"2018-8182-27/05/2021","2 Metropolitan","MUNNO PARA WEST","5115","CITY OF PLAYFORD.",2,1,0,0,1,2018,"August","Friday","05:50 pm","060","Divided Road","Straight road","Level","Not Applicable","Sealed","Wet","Raining","Night","Rear End","02","Driver Rider","2: MI","No Control","","",1335769.52,1699048.22,"13357701699048"
"2018-8183-27/05/2021","2 Metropolitan","WINDSOR GARDENS","5087","CITY OF PORT ADELAIDE ENFIELD",3,0,0,0,0,2018,"August","Friday","08:40 am","060","T-Junction","Straight road","Level","Not Applicable","Sealed","Dry","Not Raining","Daylight","Rear End","02","Driver Rider","1: PDO","Traffic Signals","","",1333112.26,1677477.72,"13331121677478"
"2018-8184-27/05/2021","2 Metropolitan","HALLETT COVE","5158","CC MARION.                    ",2,0,0,0,0,2018,"August","Friday","06:07 pm","100","Divided Road","CURVED, VIEW OPEN","Slope","Not Applicable","Sealed","Wet","Raining","Night","Hit Fixed Object","01","Driver Rider","1: PDO","No Control","","",1318735.92,1653048.73,"13187361653049"
"2018-8185-27/05/2021","2 Metropolitan","EDINBURGH","5111","CITY OF SALISBURY",2,0,0,0,0,2018,"August","Friday","06:45 pm","060","T-Junction","Straight road","Level","Not Applicable","Sealed","Wet","Raining","Night","Right Angle","02","Driver Rider","1: PDO","Roundabout","","",1332728.66,1692336.88,"13327291692337"
"2018-8186-27/05/2021","2 Metropolitan","ROSEWORTHY","5371","LIGHT REGIONAL COUNCIL",2,0,0,0,0,2018,"August","Friday","05:30 pm","060","Cross Road","Straight road","Level","Not Applicable","Sealed","Wet","Raining","Daylight","Right Angle","01","Driver Rider","1: PDO","Give Way Sign","","",1343730.75,1713529.75,"13437311713530"
"2018-8187-27/05/2021","1 City","ADELAIDE","5000","CITY OF ADELAIDE",2,0,0,0,0,2018,"August","Friday","04:00 pm","050","Divided Road","Straight road","Level","Median Opening (not at I/S)","Sealed","Wet","Raining","Daylight","Side Swipe","01","Driver Rider","1: PDO","No Control","","",1327698.71,1670799.4,"13276991670799"
"2018-8188-27/05/2021","2 Metropolitan","TORRENSVILLE","5031","CITY OF WEST TORRENS",2,0,0,0,0,2018,"August","Friday","07:11 pm","050","Cross Road","Straight road","Level","Not Applicable","Sealed","Wet","Raining","Night","Right Angle","02","Driver Rider","1: PDO","Give Way Sign","","",1324841.27,1671819.83,"13248411671820"
"2018-8189-27/05/2021","2 Metropolitan","GAWLER EAST","5118","CT GAWLER.                    ",3,1,0,0,1,2018,"August","Friday","06:50 pm","050","Not Divided","Straight road","Slope","Not Applicable","Sealed","Wet","Raining","Night","Hit Parked Vehicle","01","Driver Rider","2: MI","No Control","Y","",1344520.49,1705951.64,"13445201705952"
"2018-8190-27/05/2021","2 Metropolitan","GULFVIEW HEIGHTS","5096","CITY OF SALISBURY",2,2,0,0,2,2018,"August","Friday","06:03 pm","080","Divided Road","Straight road","Level","Not Applicable","Sealed","Wet","Raining","Night","Head On","01","Driver Rider","2: MI","No Control","","",1334579.16,1684155.04,"13345791684155"
"2018-8191-27/05/2021","3 Country","YORKETOWN","5576","YORKE PENINSULA COUNCIL",1,1,0,0,1,2018,"August","Friday","04:50 pm","100","Cross Road","Straight road","Level","Not Applicable","Unsealed","Wet","Raining","Daylight","Roll Over","01","Driver Rider","2: MI","Give Way Sign","","",1241585.99,1676498.34,"12415861676498"
"2018-8192-27/05/2021","2 Metropolitan","MILE END","5031","CITY OF WEST TORRENS",2,0,0,0,0,2018,"August","Friday","09:45 pm","060","Not Divided","Straight road","Level","Not Applicable","Sealed","Wet","Raining","Night","Side Swipe","01","Driver Rider","1: PDO","No Control","","",1326611.76,1671176.8,"13266121671177"
"2018-8193-27/05/2021","2 Metropolitan","STEPNEY","5069","CC OF NORWOOD,PAYNEHAM & ST PETERS",2,0,0,0,0,2018,"August","Friday","10:20 pm","060","Cross Road","Straight road","Level","Not Applicable","Sealed","Wet","Raining","Night","Right Turn","02","Driver Rider","1: PDO","Traffic Signals","","",1331410.34,1671738.59,"13314101671739"
"2018-8194-27/05/2021","2 Metropolitan","SEAFORD","5169","CITY OF ONKAPARINGA",2,0,0,0,0,2018,"August","Saturday","01:05 am","050","T-Junction","Straight road","Level","Not Applicable","Sealed","Wet","Not Raining","Night","Hit Fixed Object","01","Driver Rider","1: PDO","No Control","","",1315874.04,1642106.91,"13158741642107"
"2018-8195-27/05/2021","2 Metropolitan","PARADISE","5075","CC CAMPBELLTOWN.              ",1,0,0,0,0,2018,"August","Saturday","05:00 am","040","Divided Road","Straight road","Level","Not Applicable","Sealed","Wet","Not Raining","Night","Other","01","Driver Rider","1: PDO","No Control","Y","",1334169.15,1676658.87,"13341691676659"
"2018-8196-27/05/2021","2 Metropolitan","SAMPSON FLAT","5114","CITY OF PLAYFORD.",2,1,0,0,1,2018,"August","Saturday","06:20 am","100","Not Divided","CURVED, VIEW OBSCURED","Slope","Not Applicable","Sealed","Wet","Raining","Night","Hit Fixed Object","01","Driver Rider","2: MI","No Control","","",1348415.11,1690425.78,"13484151690426"
"2018-8197-27/05/2021","2 Metropolitan","TUSMORE","5065","CITY OF BURNSIDE",2,0,0,0,0,2018,"August","Friday","07:30 am","060","Divided Road","Straight road","Level","Not Applicable","Sealed","Dry","Not Raining","Daylight","Side Swipe","02","Driver Rider","1: PDO","No Control","","",1332303.43,1669444.81,"13323031669445"
"2018-8198-27/05/2021","3 Country","MORGAN","5320","MID MURRAY DISTRICT COUNCIL",2,0,0,0,0,2018,"August","Friday","04:45 pm","110","Not Divided","CURVED, VIEW OPEN","Level","Not Applicable","Sealed","Dry","Not Raining","Daylight","Hit Fixed Object","01","Driver Rider","1: PDO","No Control","Y","Y",1426905.01,1772736.75,"14269051772737"
"2018-8199-27/05/2021","2 Metropolitan","TEA TREE GULLY","5091","CITY OF TEA TREE GULLY",2,1,0,0,1,2018,"August","Saturday","08:10 am","080","Not Divided","CURVED, VIEW OBSCURED","Slope","Not Applicable","Sealed","Wet","Raining","Daylight","Head On","02","Driver Rider","2: MI","No Control","","",1341903.36,1681453.3,"13419031681453"
"2018-8200-27/05/2021","3 Country","SPRINGTON","5235","THE BAROSSA COUNCIL.",2,0,0,0,0,2018,"August","Saturday","08:45 am","100","Not Divided","CURVED, VIEW OBSCURED","Slope","Not Applicable","Sealed","Wet","Raining","Daylight","Hit Fixed Object","01","Driver Rider","1: PDO","No Control","","",1373739.36,1694413.48,"13737391694413"
"2018-8201-27/05/2021","2 Metropolitan","HOLDEN HILL","5088","CITY OF PORT ADELAIDE ENFIELD",3,0,0,0,0,2018,"August","Friday","09:45 am","060","Cross Road","Straight road","Level","Not Applicable","Sealed","Dry","Not Raining","Daylight","Rear End","01","Driver Rider","1: PDO","Traffic Signals","","",1333825.9,1678094.42,"13338261678094"
"2018-8202-27/05/2021","2 Metropolitan","BROMPTON","5007","CITY OF CHARLES STURT",2,0,0,0,0,2018,"August","Saturday","09:28 am","040","T-Junction","Straight road","Level","Not Applicable","Sealed","Wet","Raining","Daylight","Right Angle","01","Driver Rider","1: PDO","No Control","","",1326532.1,1673845.29,"13265321673845"
"2018-8203-27/05/2021","2 Metropolitan","MANNINGHAM","5086","CITY OF PROSPECT",2,0,0,0,0,2018,"August","Friday","06:00 pm","060","Not Divided","Straight road","Level","Not Applicable","Sealed","Wet","Raining","Night","Rear End","01","Driver Rider","1: PDO","No Control","","",1330470.79,1675375.07,"13304711675375"
"2018-8204-27/05/2021","2 Metropolitan","KENSINGTON","5068","CC OF NORWOOD,PAYNEHAM & ST PETERS",2,0,0,0,0,2018,"August","Saturday","10:25 am","060","Cross Road","Straight road","Level","Not Applicable","Sealed","Dry","Not Raining","Daylight","Right Angle","01","Driver Rider","1: PDO","Traffic Signals","","",1332259.75,1671076.47,"13322601671076"
"2018-8205-27/05/2021","2 Metropolitan","WEST HINDMARSH","5007","CITY OF CHARLES STURT",2,1,0,1,0,2018,"August","Saturday","06:15 am","050","Cross Road","Straight road","Level","Not Applicable","Sealed","Dry","Not Raining","Night","Hit Object on Road","01","Driver Rider","3: SI","Roundabout","","Y",1325198.47,1672893.09,"13251981672893"
"2018-8206-27/05/2021","2 Metropolitan","ST GEORGES","5064","CITY OF BURNSIDE",2,0,0,0,0,2018,"August","Friday","03:45 pm","050","Cross Road","Straight road","Bottom of Hill","Not Applicable","Sealed","Wet","Raining","Daylight","Right Angle","02","Driver Rider","1: PDO","Give Way Sign","","",1332688.99,1667652.07,"13326891667652"
"2018-8207-27/05/2021","2 Metropolitan","ROYSTON PARK","5070","CC OF NORWOOD,PAYNEHAM & ST PETERS",2,1,0,0,1,2018,"August","Friday","04:50 pm","060","T-Junction","Straight road","Level","Not Applicable","Sealed","Wet","Raining","Daylight","Right Turn","02","Driver Rider","2: MI","No Control","","",1332039.28,1673635.81,"13320391673636"
"2018-8208-27/05/2021","2 Metropolitan","WINGFIELD","5013","CITY OF PORT ADELAIDE ENFIELD",2,0,0,0,0,2018,"August","Friday","04:15 pm","060","Cross Road","Straight road","Bottom of Hill","Not Applicable","Sealed","Wet","Raining","Daylight","Rear End","02","Driver Rider","1: PDO","Traffic Signals","","",1323864.47,1681008.97,"13238641681009"
"2018-8209-27/05/2021","2 Metropolitan","BRIGHTON","5048","CITY OF HOLDFAST BAY",2,0,0,0,0,2018,"August","Saturday","10:15 am","060","T-Junction","CURVED, VIEW OBSCURED","Level","Not Applicable","Sealed","Dry","Not Raining","Daylight","Right Angle","02","Driver Rider","1: PDO","Traffic Signals","","",1321140.97,1660807.29,"13211411660807"
"2018-8210-27/05/2021","1 City","NORTH ADELAIDE","5006","CITY OF ADELAIDE",2,0,0,0,0,2018,"August","Friday","05:20 pm","050","Not Divided","Straight road","Level","Not Applicable","Sealed","Wet","Raining","Daylight","Side Swipe","01","Driver Rider","1: PDO","No Control","","",1328355.75,1672697.24,"13283561672697"
"2018-8211-27/05/2021","3 Country","SPRINGTON","5235","THE BAROSSA COUNCIL.",2,2,0,1,1,2018,"August","Saturday","08:45 am","100","Not Divided","CURVED, VIEW OBSCURED","Slope","Not Applicable","Sealed","Wet","Raining","Daylight","Hit Fixed Object","01","Driver Rider","3: SI","No Control","","",1373755.02,1691432.56,"13737551691433"
"2018-8212-27/05/2021","3 Country","MOUNT JAGGED","5211","ALEXANDRINA COUNCIL",2,0,0,0,0,2018,"August","Friday","04:15 pm","100","Not Divided","CURVED, VIEW OBSCURED","Level","Not Applicable","Sealed","Wet","Raining","Daylight","Rear End","02","Driver Rider","1: PDO","No Control","","",1330469.95,1611674.81,"13304701611675"
"2018-8213-27/05/2021","2 Metropolitan","WALKERVILLE","5081","CITY OF PROSPECT",3,0,0,0,0,2018,"August","Saturday","11:55 am","060","Divided Road","Straight road","Level","Median Opening (not at I/S)","Sealed","Dry","Not Raining","Daylight","Rear End","01","Driver Rider","1: PDO","No Control","","",1330221.02,1674993.76,"13302211674994"
"2018-8214-27/05/2021","2 Metropolitan","ALBERT PARK","5014","CITY OF CHARLES STURT",2,2,0,0,2,2018,"August","Saturday","01:20 pm","060","Cross Road","Straight road","Level","Not Applicable","Sealed","Dry","Not Raining","Daylight","Rear End","01","Driver Rider","2: MI","Traffic Signals","","",1321444.17,1675569.1,"13214441675569"
"2018-8215-27/05/2021","2 Metropolitan","LITTLEHAMPTON","5250","DC MT.BARKER.                 ",2,0,0,0,0,2018,"August","Saturday","12:00 pm","050","Not Divided","Straight road","Unknown","Not Applicable","Sealed","Wet","Raining","Daylight","Side Swipe","01","Driver Rider","1: PDO","No Control","","",1351827.14,1656178.01,"13518271656178"
"2018-8216-27/05/2021","2 Metropolitan","PARA HILLS","5096","CITY OF SALISBURY",2,0,0,0,0,2018,"August","Friday","07:30 pm","060","Divided Road","Straight road","Level","Not Applicable","Sealed","Wet","Raining","Night","Side Swipe","02","Driver Rider","1: PDO","No Control","","",1334279.07,1684530.66,"13342791684531"
"2018-8217-27/05/2021","2 Metropolitan","GAWLER SOUTH","5118","CT GAWLER.                    ",2,0,0,0,0,2018,"August","Saturday","11:10 am","050","Not Divided","Straight road","Level","Not Applicable","Sealed","Dry","Not Raining","Daylight","Hit Parked Vehicle","01","Driver Rider","1: PDO","No Control","","",1342687.31,1705627.33,"13426871705627"
"2018-8218-27/05/2021","2 Metropolitan","NOARLUNGA CENTRE","5168","CITY OF ONKAPARINGA",2,0,0,0,0,2018,"August","Saturday","02:15 pm","060","Cross Road","Straight road","Level","Not Applicable","Sealed","Dry","Not Raining","Daylight","Right Turn","02","Driver Rider","1: PDO","Traffic Signals","","",1317357.75,1647424.51,"13173581647425"
"2018-8219-27/05/2021","2 Metropolitan","FULLARTON","5063","CITY OF UNLEY",3,0,0,0,0,2018,"August","Saturday","02:45 pm","060","Not Divided","Straight road","Level","Driveway or Entrance","Sealed","Dry","Not Raining","Daylight","Right Turn","01","Driver Rider","1: PDO","No Control","","",1331102.55,1668017.44,"13311031668017"
"2018-8220-27/05/2021","2 Metropolitan","LEWISTON","5501","DC MALLALA.                   ",2,0,0,0,0,2018,"August","Friday","06:30 pm","100","T-Junction","Straight road","Level","Not Applicable","Sealed","Wet","Raining","Night","Hit Fixed Object","01","Driver Rider","1: PDO","Give Way Sign","Y","",1327930.28,1704083.54,"13279301704084"
"2018-8221-27/05/2021","3 Country","KI KI","5261","COORONG DISTRICT COUNCIL",2,0,0,0,0,2018,"August","Friday","11:55 pm","110","Not Divided","CURVED, VIEW OBSCURED","Level","Not Applicable","Sealed","Wet","Raining","Night","Rear End","01","Driver Rider","1: PDO","No Control","","",1435258.47,1593370.3,"14352581593370"
"2018-8222-27/05/2021","2 Metropolitan","MITCHELL PARK","5043","CC MARION.                    ",2,0,0,0,0,2018,"August","Saturday","02:30 pm","060","Divided Road","Straight road","Level","Not Applicable","Sealed","Dry","Not Raining","Daylight","Rear End","02","Driver Rider","1: PDO","No Control","","",1324368.44,1661926.06,"13243681661926"
"2018-8223-27/05/2021","2 Metropolitan","HIGHBURY","5089","CITY OF TEA TREE GULLY",2,0,0,0,0,2018,"August","Saturday","04:11 pm","060","T-Junction","Straight road","Slope","Not Applicable","Sealed","Dry","Not Raining","Daylight","Right Angle","01","Driver Rider","1: PDO","Traffic Signals","","",1338113.52,1678461.9,"13381141678462"
"2018-8224-27/05/2021","3 Country","MOUNT LIGHT","5271","DC NARACOORTE & LUCINDALE.",3,1,0,1,0,2018,"August","Saturday","03:00 pm","110","Not Divided","CURVED, VIEW OPEN","Slope","Not Applicable","Sealed","Wet","Raining","Daylight","Hit Fixed Object","01","Driver Rider","3: SI","No Control","","",1511891.3,1430869.15,"15118911430869"
"2018-8225-27/05/2021","3 Country","WANGARY","5607","DC LOWER EYRE PENINSULA       ",2,0,0,0,0,2018,"August","Saturday","01:30 pm","080","Not Divided","CURVED, VIEW OPEN","Level","Not Applicable","Unsealed","Dry","Not Raining","Daylight","Head On","02","Driver Rider","1: PDO","No Control","","",1047218,1711155.17,"10472181711155"
"2018-8226-27/05/2021","2 Metropolitan","MOANA","5169","CITY OF ONKAPARINGA",2,1,0,0,1,2018,"August","Saturday","03:56 pm","070","T-Junction","Straight road","Level","Not Applicable","Sealed","Dry","Not Raining","Daylight","Right Angle","01","Driver Rider","2: MI","No Control","","",1316453.68,1639147.64,"13164541639148"
"2018-8227-27/05/2021","2 Metropolitan","KINGSWOOD","5062","CC MITCHAM.                   ",2,0,0,0,0,2018,"August","Saturday","03:15 pm","060","Cross Road","Straight road","Level","Not Applicable","Sealed","Dry","Not Raining","Daylight","Right Angle","01","Driver Rider","1: PDO","Traffic Signals","","",1329756.37,1666265.36,"13297561666265"
"2018-8228-27/05/2021","2 Metropolitan","HOUGHTON","5131","THE ADELAIDE HILLS COUNCIL",2,0,0,0,0,2018,"August","Saturday","12:00 am","080","Not Divided","CURVED, VIEW OBSCURED","Slope","Not Applicable","Sealed","Wet","Raining","Night","Hit Fixed Object","01","Driver Rider","1: PDO","No Control","","",1343852.71,1681438.84,"13438531681439"
"2018-8229-27/05/2021","2 Metropolitan","RENOWN PARK","5008","CITY OF CHARLES STURT",2,0,0,0,0,2018,"August","Saturday","05:25 pm","060","T-Junction","Straight road","Level","Not Applicable","Sealed","Dry","Not Raining","Daylight","Right Angle","02","Driver Rider","1: PDO","No Control","","",1326562.93,1674384.05,"13265631674384"
"2018-8230-27/05/2021","2 Metropolitan","MANSFIELD PARK","5012","CITY OF PORT ADELAIDE ENFIELD",2,1,0,0,1,2018,"August","Saturday","12:20 pm","060","Divided Road","Straight road","Level","Not Applicable","Sealed","Wet","Raining","Daylight","Rear End","02","Driver Rider","2: MI","No Control","","",1323916.28,1678697.4,"13239161678697"
"2018-8231-27/05/2021","3 Country","MATTA FLAT","5554","COPPER COAST DISTRICT COUNCIL",2,1,0,1,0,2018,"August","Saturday","05:20 pm","060","Cross Road","Straight road","Level","Not Applicable","Sealed","Wet","Raining","Daylight","Rear End","01","Driver Rider","3: SI","Give Way Sign","","",1249767.75,1778362.62,"12497681778363"
"2018-8232-27/05/2021","2 Metropolitan","BLAIR ATHOL","5084","CITY OF PORT ADELAIDE ENFIELD",2,2,0,0,2,2018,"August","Saturday","05:35 pm","050","Cross Road","Straight road","Level","Not Applicable","Sealed","Wet","Not Raining","Daylight","Right Angle","02","Driver Rider","2: MI","Give Way Sign","","",1328154.28,1677184.04,"13281541677184"
"2018-8233-27/05/2021","2 Metropolitan","WOODVILLE WEST","5011","CITY OF CHARLES STURT",2,1,0,0,1,2018,"August","Saturday","05:46 pm","060","T-Junction","Straight road","Level","Not Applicable","Sealed","Wet","Not Raining","Night","Right Angle","01","Driver Rider","2: MI","No Control","","",1322344.21,1675977.71,"13223441675978"
"2018-8234-27/05/2021","2 Metropolitan","NORTON SUMMIT","5136","THE ADELAIDE HILLS COUNCIL",2,0,0,0,0,2018,"August","Saturday","08:30 pm","060","Not Divided","CURVED, VIEW OPEN","Slope","Not Applicable","Sealed","Wet","Raining","Night","Hit Fixed Object","01","Driver Rider","1: PDO","No Control","","",1339842.83,1670556.89,"13398431670557"
"2018-8235-27/05/2021","2 Metropolitan","WESTBOURNE PARK","5041","CC MITCHAM.                   ",3,3,0,0,3,2018,"August","Saturday","07:36 pm","060","Cross Road","Straight road","Level","Not Applicable","Sealed","Dry","Not Raining","Night","Side Swipe","01","Driver Rider","2: MI","Traffic Signals","Y","",1327507.88,1666202.96,"13275081666203"
"2018-8236-27/05/2021","2 Metropolitan","WOODVILLE SOUTH","5011","CITY OF CHARLES STURT",2,0,0,0,0,2018,"August","Saturday","10:30 pm","050","T-Junction","Straight road","Level","Not Applicable","Sealed","Wet","Not Raining","Night","Hit Fixed Object","01","Driver Rider","1: PDO","No Control","","",1322902.06,1675195.08,"13229021675195"
"2018-8237-27/05/2021","2 Metropolitan","POORAKA","5095","CITY OF SALISBURY",2,0,0,0,0,2018,"August","Saturday","10:18 pm","050","Not Divided","Straight road","Level","Not Applicable","Sealed","Wet","Raining","Night","Hit Fixed Object","01","Driver Rider","1: PDO","No Control","","",1330199.36,1680820.72,"13301991680821"
"2018-8238-27/05/2021","2 Metropolitan","LOCKLEYS","5032","CITY OF WEST TORRENS",2,0,0,0,0,2018,"August","Sunday","01:00 am","060","Cross Road","Straight road","Level","Not Applicable","Sealed","Dry","Not Raining","Night","Hit Fixed Object","01","Driver Rider","1: PDO","Traffic Signals","","",1320912.02,1669966.83,"13209121669967"
"2018-8239-27/05/2021","3 Country","PORT LINCOLN","5606","CC PT.LINCOLN.                ",1,0,0,0,0,2018,"August","Sunday","04:30 am","060","Not Divided","Straight road","Slope","Not Applicable","Unsealed","Wet","Raining","Night","Roll Over","01","Driver Rider","1: PDO","No Control","","",1080455.78,1697816.98,"10804561697817"
"2018-8240-27/05/2021","2 Metropolitan","GILLES PLAINS","5086","CITY OF PORT ADELAIDE ENFIELD",2,0,0,0,0,2018,"August","Sunday","02:25 am","060","T-Junction","Straight road","Level","Not Applicable","Sealed","Wet","Not Raining","Night","Hit Fixed Object","01","Driver Rider","1: PDO","Stop Sign","","",1333652.43,1679359.16,"13336521679359"
"2018-8241-27/05/2021","2 Metropolitan","ASCOT PARK","5043","CC MARION.                    ",3,0,0,0,0,2018,"August","Sunday","05:15 am","060","Divided Road","Straight road","Level","Not Applicable","Sealed","Dry","Not Raining","Night","Hit Fixed Object","01","Driver Rider","1: PDO","No Control","","",1324447.44,1663279.05,"13244471663279"
"2018-8242-27/05/2021","2 Metropolitan","GLENELG SOUTH","5045","CITY OF HOLDFAST BAY",2,0,0,0,0,2018,"August","Saturday","12:35 pm","050","T-Junction","Straight road","Level","Not Applicable","Sealed","Wet","Not Raining","Daylight","Side Swipe","02","Driver Rider","1: PDO","No Control","","",1320623.01,1664335.68,"13206231664336"
"2018-8243-27/05/2021","2 Metropolitan","MITCHELL PARK","5043","CC MARION.                    ",2,0,0,0,0,2018,"August","Saturday","08:30 am","060","Divided Road","Straight road","Level","Not Applicable","Sealed","Wet","Not Raining","Daylight","Side Swipe","02","Driver Rider","1: PDO","No Control","","",1324404.22,1660830.9,"13244041660831"
"2018-8244-27/05/2021","2 Metropolitan","OLD REYNELLA","5161","CITY OF ONKAPARINGA",2,1,0,0,1,2018,"August","Saturday","12:56 pm","060","T-Junction","Straight road","Slope","Not Applicable","Sealed","Wet","Raining","Daylight","Right Angle","02","Driver Rider","2: MI","No Control","","",1321897.3,1651208.85,"13218971651209"
"2018-8245-27/05/2021","2 Metropolitan","ELIZABETH NORTH","5113","CITY OF PLAYFORD.",2,1,0,0,1,2018,"August","Sunday","09:45 am","080","Divided Road","Straight road","Level","Not Applicable","Sealed","Wet","Raining","Daylight","Side Swipe","01","Driver Rider","2: MI","No Control","","",1336859.42,1695327.67,"13368591695328"