"REPORT_ID","Stats Area","Suburb","Postcode","LGA Name","Total Units","Total Cas","Total Fats","Total SI","Total MI","Year","Month","Day","Time","Area Speed","Position Type","Horizontal Align","Vertical Align","Other Feat","Road Surface","Moisture Cond","Weather Cond","DayNight","Crash Type","Unit Resp","Entity Code","CSEF Severity","Traffic Ctrls","DUI Involved","Drugs Involved","ACCLOC_X","ACCLOC_Y","UNIQUE_LOC"
"2018-9130-27/05/2021","2 Metropolitan","WINDSOR GARDENS","5087","CITY OF PORT ADELAIDE ENFIELD",2,0,0,0,0,2018,"September","Tuesday","07:00 am","060","Cross Road","Straight road","Level","Not Applicable","Sealed","Dry","Not Raining","Daylight","Right Angle","02","Driver Rider","1: PDO","Give Way Sign","","",1333307.84,1677658.48,"13333081677658"
"2018-9131-27/05/2021","3 Country","WORROLONG","5291","CC MT.GAMBIER.                ",3,1,0,0,1,2018,"September","Tuesday","07:24 am","080","T-Junction","Straight road","Level","Not Applicable","Sealed","Dry","Not Raining","Daylight","Right Angle","01","Driver Rider","2: MI","No Control","","",1512261.04,1341111.28,"15122611341111"
"2018-9132-27/05/2021","2 Metropolitan","WATERLOO CORNER","5110","CITY OF PLAYFORD.",1,1,0,0,1,2018,"September","Tuesday","07:40 am","080","Not Divided","Straight road","Level","Not Applicable","Sealed","Dry","Not Raining","Daylight","Roll Over","01","Driver Rider","2: MI","No Control","","",1327943.98,1693648.43,"13279441693648"
"2018-9133-27/05/2021","2 Metropolitan","NETLEY","5037","CITY OF WEST TORRENS",2,0,0,0,0,2018,"September","Tuesday","07:10 am","060","Cross Road","Straight road","Level","Not Applicable","Sealed","Dry","Not Raining","Daylight","Right Turn","02","Driver Rider","1: PDO","Traffic Signals","","",1324175.25,1668909.78,"13241751668910"
"2018-9134-27/05/2021","2 Metropolitan","SEAFORD MEADOWS","5169","CITY OF ONKAPARINGA",2,1,0,0,1,2018,"September","Tuesday","06:22 am","060","Cross Road","Straight road","Level","Not Applicable","Sealed","Dry","Not Raining","Night","Hit Animal","02","Animal","2: MI","Traffic Signals","","",1318114,1642829.74,"13181141642830"
"2018-9135-27/05/2021","2 Metropolitan","GILLES PLAINS","5086","CITY OF TEA TREE GULLY",2,0,0,0,0,2018,"September","Tuesday","07:30 am","060","T-Junction","Straight road","Level","Not Applicable","Sealed","Dry","Not Raining","Daylight","Right Turn","01","Driver Rider","1: PDO","Traffic Signals","","",1334243.77,1679365.77,"13342441679366"
"2018-9136-27/05/2021","2 Metropolitan","LARGS BAY","5016","CITY OF PORT ADELAIDE ENFIELD",2,1,0,0,1,2018,"September","Tuesday","08:25 am","060","T-Junction","Straight road","Level","Not Applicable","Sealed","Dry","Not Raining","Daylight","Right Angle","01","Driver Rider","2: MI","Stop Sign","","",1318539.01,1681492.89,"13185391681493"
"2018-9137-27/05/2021","2 Metropolitan","NOARLUNGA DOWNS","5168","CITY OF ONKAPARINGA",7,0,0,0,0,2018,"September","Tuesday","07:20 am","080","Divided Road","Straight road","Level","Not Applicable","Sealed","Dry","Not Raining","Daylight","Rear End","02","Driver Rider","1: PDO","No Control","","",1318491.25,1643521.27,"13184911643521"
"2018-9138-27/05/2021","2 Metropolitan","MAWSON LAKES","5095","CITY OF SALISBURY",3,1,0,0,1,2018,"September","Tuesday","09:05 am","070","Divided Road","Straight road","Unknown","Not Applicable","Sealed","Dry","Not Raining","Daylight","Rear End","01","Driver Rider","2: MI","No Control","","",1330359,1684000.55,"13303591684001"
"2018-9139-27/05/2021","2 Metropolitan","ST MARYS","5042","CC MITCHAM.                   ",2,1,0,0,1,2018,"September","Tuesday","09:15 am","060","T-Junction","CURVED, VIEW OPEN","Level","Not Applicable","Sealed","Dry","Not Raining","Daylight","Right Angle","01","Driver Rider","2: MI","No Control","","",1326298.08,1663327.7,"13262981663328"
"2018-9140-27/05/2021","1 City","ADELAIDE","5000","CITY OF ADELAIDE",2,0,0,0,0,2018,"September","Monday","04:45 pm","050","Cross Road","Straight road","Level","Unknown","Sealed","Dry","Not Raining","Daylight","Right Angle","01","Driver Rider","1: PDO","Give Way Sign","","",1329600.23,1670064.42,"13296001670064"
"2018-9141-27/05/2021","2 Metropolitan","UNLEY PARK","5061","CITY OF UNLEY",3,0,0,0,0,2018,"September","Monday","01:15 pm","060","Not Divided","Straight road","Level","Not Applicable","Sealed","Dry","Not Raining","Daylight","Hit Parked Vehicle","01","Driver Rider","1: PDO","No Control","","",1329123.45,1666856.32,"13291231666856"
"2018-9142-27/05/2021","2 Metropolitan","EXETER","5019","CITY OF PORT ADELAIDE ENFIELD",2,0,0,0,0,2018,"September","Tuesday","08:25 am","050","T-Junction","Straight road","Level","Not Applicable","Sealed","Dry","Not Raining","Daylight","Right Angle","01","Driver Rider","1: PDO","Give Way Sign","","",1319000.47,1680711.46,"13190001680711"
"2018-9143-27/05/2021","2 Metropolitan","MITCHELL PARK","5043","CC MARION.                    ",3,0,0,0,0,2018,"September","Monday","09:00 am","060","Divided Road","Straight road","Level","Not Applicable","Sealed","Dry","Not Raining","Daylight","Other","02","Driver Rider","1: PDO","No Control","","",1324361.43,1662147.86,"13243611662148"
"2018-9144-27/05/2021","2 Metropolitan","SEACOMBE GARDENS","5047","CC MARION.                    ",2,0,0,0,0,2018,"September","Tuesday","09:00 am","060","Cross Road","Straight road","Level","Not Applicable","Sealed","Dry","Not Raining","Daylight","Right Angle","01","Driver Rider","1: PDO","Traffic Signals","","",1323024.13,1660635.9,"13230241660636"
"2018-9145-27/05/2021","2 Metropolitan","NAIRNE","5252","DC MT.BARKER.                 ",2,1,0,0,1,2018,"August","Thursday","11:14 am","110","Ramp Off","CURVED, VIEW OPEN","Slope","Not Applicable","Sealed","Wet","Not Raining","Daylight","Hit Object on Road","01","Driver Rider","2: MI","No Control","","",1354886.11,1655579.98,"13548861655580"
"2018-9146-27/05/2021","2 Metropolitan","KLEMZIG","5087","CITY OF PORT ADELAIDE ENFIELD",2,2,0,0,2,2018,"September","Tuesday","10:40 am","060","T-Junction","Straight road","Slope","Not Applicable","Sealed","Dry","Not Raining","Daylight","Rear End","02","Driver Rider","2: MI","No Control","","",1331901.47,1675671.24,"13319011675671"
"2018-9147-27/05/2021","2 Metropolitan","WARRADALE","5046","CC MARION.                    ",2,0,0,0,0,2018,"September","Tuesday","08:57 am","060","T-Junction","Straight road","Level","Not Applicable","Sealed","Dry","Not Raining","Daylight","Right Turn","01","Driver Rider","1: PDO","Give Way Sign","","",1322765.97,1660972.05,"13227661660972"
"2018-9148-27/05/2021","2 Metropolitan","HINDMARSH","5007","CITY OF CHARLES STURT",2,1,0,0,1,2018,"September","Tuesday","09:45 am","060","T-Junction","Straight road","Level","Not Applicable","Sealed","Dry","Not Raining","Daylight","Right Angle","02","Driver Rider","2: MI","No Control","","",1325614.35,1673022.21,"13256141673022"
"2018-9149-27/05/2021","2 Metropolitan","WEST LAKES","5021","CITY OF CHARLES STURT",2,0,0,0,0,2018,"September","Tuesday","10:30 am","060","Cross Road","Straight road","Level","Not Applicable","Sealed","Dry","Not Raining","Daylight","Rear End","02","Driver Rider","1: PDO","Traffic Signals","","",1319884.21,1676043.55,"13198841676044"
"2018-9150-27/05/2021","2 Metropolitan","PORT NOARLUNGA","5167","CITY OF ONKAPARINGA",4,3,0,0,3,2018,"September","Tuesday","08:30 am","060","T-Junction","Straight road","Slope","Not Applicable","Sealed","Dry","Not Raining","Daylight","Rear End","01","Driver Rider","2: MI","No Control","","",1316831.69,1646595.55,"13168321646596"
"2018-9151-27/05/2021","2 Metropolitan","WOODVILLE PARK","5011","CITY OF CHARLES STURT",2,0,0,0,0,2018,"September","Tuesday","11:45 am","060","Not Divided","Straight road","Level","Driveway or Entrance","Sealed","Dry","Not Raining","Daylight","Hit Fixed Object","01","Driver Rider","1: PDO","No Control","","",1323979.41,1675211.12,"13239791675211"
"2018-9152-27/05/2021","2 Metropolitan","ELIZABETH GROVE","5112","CITY OF PLAYFORD.",2,1,0,0,1,2018,"September","Tuesday","12:18 pm","080","Cross Road","Straight road","Level","Not Applicable","Sealed","Dry","Not Raining","Daylight","Rear End","02","Driver Rider","2: MI","Traffic Signals","","Y",1336102.24,1692239.97,"13361021692240"
"2018-9153-27/05/2021","2 Metropolitan","WAYVILLE","5034","CITY OF UNLEY",2,0,0,0,0,2018,"September","Tuesday","10:55 am","025","Not Divided","Straight road","Level","Not Applicable","Sealed","Dry","Not Raining","Daylight","Side Swipe","02","Driver Rider","1: PDO","No Control","","",1327125.21,1668168.22,"13271251668168"
"2018-9154-27/05/2021","2 Metropolitan","WINGFIELD","5013","CITY OF PORT ADELAIDE ENFIELD",2,0,0,0,0,2018,"September","Tuesday","05:45 am","050","Cross Road","Straight road","Level","Not Applicable","Sealed","Dry","Not Raining","Night","Right Turn","02","Driver Rider","1: PDO","Stop Sign","","",1323900.67,1679670.46,"13239011679670"
"2018-9155-27/05/2021","2 Metropolitan","PLYMPTON","5038","CITY OF WEST TORRENS",2,0,0,0,0,2018,"September","Tuesday","09:15 am","060","Divided Road","Straight road","Level","Not Applicable","Sealed","Dry","Not Raining","Daylight","Side Swipe","02","Driver Rider","1: PDO","No Control","","",1324735.98,1666930.78,"13247361666931"
"2018-9156-27/05/2021","2 Metropolitan","PARK HOLME","5043","CC MARION.                    ",2,1,0,0,1,2018,"August","Monday","08:00 pm","060","Cross Road","Straight road","Level","Not Applicable","Sealed","Dry","Not Raining","Night","Rear End","02","Driver Rider","2: MI","Traffic Signals","","",1324332.9,1663286.92,"13243331663287"
"2018-9157-27/05/2021","2 Metropolitan","TORRENSVILLE","5031","CITY OF WEST TORRENS",2,1,0,1,0,2018,"September","Monday","09:30 pm","060","Divided Road","Straight road","Level","Not Applicable","Sealed","Dry","Not Raining","Night","Hit Fixed Object","01","Driver Rider","3: SI","No Control","","Y",1324836.26,1670957.99,"13248361670958"
"2018-9158-27/05/2021","2 Metropolitan","ENFIELD","5085","CITY OF PORT ADELAIDE ENFIELD",2,0,0,0,0,2018,"September","Monday","05:00 pm","060","Divided Road","Straight road","Level","Unknown","Sealed","Dry","Not Raining","Daylight","Rear End","01","Driver Rider","1: PDO","No Control","","",1328831.17,1677818.38,"13288311677818"
"2018-9159-27/05/2021","2 Metropolitan","QUEENSTOWN","5014","CITY OF PORT ADELAIDE ENFIELD",2,0,0,0,0,2018,"September","Tuesday","01:40 pm","060","Divided Road","Straight road","Level","Not Applicable","Sealed","Dry","Not Raining","Daylight","Rear End","02","Driver Rider","1: PDO","No Control","","",1320642.04,1677704.17,"13206421677704"
"2018-9160-27/05/2021","1 City","ADELAIDE","5000","CITY OF ADELAIDE",2,1,0,0,1,2018,"September","Tuesday","03:04 pm","050","Cross Road","CURVED, VIEW OPEN","Level","Not Applicable","Sealed","Dry","Not Raining","Daylight","Rear End","02","Driver Rider","2: MI","Traffic Signals","","",1329226.46,1671155.57,"13292261671156"
"2018-9161-27/05/2021","2 Metropolitan","PAYNEHAM","5070","CC OF NORWOOD,PAYNEHAM & ST PETERS",2,0,0,0,0,2018,"September","Tuesday","04:45 pm","060","Divided Road","Straight road","Level","Not Applicable","Sealed","Dry","Not Raining","Daylight","Rear End","02","Driver Rider","1: PDO","No Control","","",1332561.41,1673968.49,"13325611673968"
"2018-9162-27/05/2021","2 Metropolitan","COLLINSWOOD","5081","CITY OF PROSPECT",2,2,0,0,2,2018,"September","Tuesday","04:43 pm","060","T-Junction","Straight road","Level","Not Applicable","Sealed","Dry","Not Raining","Daylight","Right Turn","01","Driver Rider","2: MI","No Control","","",1330284.03,1675048.18,"13302841675048"
"2018-9163-27/05/2021","2 Metropolitan","ST MARYS","5042","CC MITCHAM.                   ",2,1,0,0,1,2018,"September","Tuesday","04:30 pm","050","Cross Road","Straight road","Level","Not Applicable","Sealed","Dry","Not Raining","Daylight","Right Angle","02","Driver Rider","2: MI","Give Way Sign","","",1326322.22,1661957.38,"13263221661957"
"2018-9164-27/05/2021","2 Metropolitan","MUNNO PARA","5115","CITY OF PLAYFORD.",2,3,0,0,3,2018,"September","Tuesday","04:05 pm","060","Cross Road","Straight road","Level","Not Applicable","Sealed","Dry","Not Raining","Daylight","Rear End","02","Driver Rider","2: MI","Roundabout","","",1337173.84,1698251.31,"13371741698251"
"2018-9165-27/05/2021","2 Metropolitan","WATERLOO CORNER","5110","CITY OF SALISBURY",2,0,0,0,0,2018,"September","Tuesday","04:45 pm","090","T-Junction","Straight road","Level","Not Applicable","Sealed","Dry","Not Raining","Daylight","Rear End","02","Driver Rider","1: PDO","Traffic Signals","","",1327645.93,1692118.06,"13276461692118"
"2018-9166-27/05/2021","2 Metropolitan","LOWER MITCHAM","5062","CC MITCHAM.                   ",2,0,0,0,0,2018,"September","Monday","03:15 pm","050","T-Junction","Straight road","Level","Not Applicable","Sealed","Dry","Not Raining","Daylight","Right Angle","02","Driver Rider","1: PDO","No Control","","",1328604.36,1664709.08,"13286041664709"
"2018-9167-27/05/2021","2 Metropolitan","FORESTVILLE","5035","CITY OF UNLEY",2,0,0,0,0,2018,"September","Tuesday","05:10 pm","060","T-Junction","Straight road","Level","Driveway or Entrance","Sealed","Dry","Not Raining","Daylight","Right Angle","01","Driver Rider","1: PDO","No Control","","",1326409.79,1668296.69,"13264101668297"
"2018-9168-27/05/2021","2 Metropolitan","HENLEY BEACH SOUTH","5022","CITY OF CHARLES STURT",2,1,0,0,1,2018,"September","Tuesday","07:30 pm","050","Not Divided","Straight road","Level","Not Applicable","Sealed","Dry","Not Raining","Night","Hit Animal","02","Animal","2: MI","No Control","","",1319204.52,1670166.12,"13192051670166"
"2018-9169-27/05/2021","2 Metropolitan","TORRENSVILLE","5031","CITY OF WEST TORRENS",3,0,0,0,0,2018,"September","Tuesday","07:00 pm","060","Cross Road","Straight road","Level","Not Applicable","Sealed","Dry","Not Raining","Night","Right Turn","01","Driver Rider","1: PDO","Traffic Signals","","",1325740.69,1670981.51,"13257411670982"
"2018-9170-27/05/2021","2 Metropolitan","WOODVILLE PARK","5011","CITY OF CHARLES STURT",3,1,0,0,1,2018,"September","Wednesday","06:49 am","060","Cross Road","Straight road","Level","Not Applicable","Sealed","Dry","Not Raining","Daylight","Right Angle","01","Driver Rider","2: MI","Give Way Sign","","",1323610.09,1675074.42,"13236101675074"
"2018-9171-27/05/2021","3 Country","MINLATON","5575","YORKE PENINSULA COUNCIL",4,1,0,0,1,2018,"September","Tuesday","02:45 pm","100","Cross Road","Straight road","Bottom of Hill","Not Applicable","Sealed","Dry","Not Raining","Daylight","Hit Fixed Object","01","Driver Rider","2: MI","Give Way Sign","Y","",1236833.78,1688140.15,"12368341688140"
"2018-9172-27/05/2021","2 Metropolitan","ROSSLYN PARK","5072","CITY OF BURNSIDE",1,1,0,0,1,2018,"September","Tuesday","11:20 am","050","Not Divided","CURVED, VIEW OPEN","Slope","Not Applicable","Sealed","Dry","Not Raining","Daylight","Roll Over","01","Driver Rider","2: MI","No Control","","",1335875.11,1670591.76,"13358751670592"
"2018-9173-27/05/2021","2 Metropolitan","STURT","5047","CC MARION.                    ",2,1,0,0,1,2018,"September","Wednesday","07:25 am","060","Cross Road","Straight road","Level","Not Applicable","Sealed","Dry","Not Raining","Daylight","Right Turn","02","Driver Rider","2: MI","Traffic Signals","","",1324418.54,1660680,"13244191660680"
"2018-9174-27/05/2021","2 Metropolitan","BEVERLEY","5009","CITY OF CHARLES STURT",2,0,0,0,0,2018,"September","Tuesday","05:15 pm","060","T-Junction","Straight road","Level","Not Applicable","Sealed","Dry","Not Raining","Daylight","Right Angle","01","Driver Rider","1: PDO","Give Way Sign","","",1323529.09,1675211.32,"13235291675211"
"2018-9175-27/05/2021","1 City","ADELAIDE","5000","CITY OF ADELAIDE",2,0,0,0,0,2018,"September","Tuesday","02:00 pm","050","T-Junction","Straight road","Level","Not Applicable","Sealed","Dry","Not Raining","Daylight","Hit Fixed Object","01","Driver Rider","1: PDO","No Control","","",1328151.93,1670970.99,"13281521670971"
"2018-9176-27/05/2021","1 City","ADELAIDE","5000","CITY OF ADELAIDE",3,0,0,0,0,2018,"September","Wednesday","09:12 am","060","Cross Road","Straight road","Level","Not Applicable","Sealed","Dry","Not Raining","Daylight","Right Turn","02","Driver Rider","1: PDO","Give Way Sign","","",1327395.92,1670003.03,"13273961670003"
"2018-9177-27/05/2021","3 Country","EUDUNDA","5374","REGIONAL COUNCIL OF GOYDER",1,0,0,0,0,2018,"September","Tuesday","04:25 pm","100","Not Divided","CURVED, VIEW OPEN","Level","Not Applicable","Unsealed","Dry","Not Raining","Daylight","Roll Over","01","Driver Rider","1: PDO","No Control","","",1379530.19,1754377.97,"13795301754378"
"2018-9178-27/05/2021","3 Country","NURIOOTPA","5355","LIGHT REGIONAL COUNCIL",3,0,0,0,0,2018,"September","Wednesday","09:15 am","080","Not Divided","Straight road","Slope","Not Applicable","Sealed","Dry","Not Raining","Daylight","Hit Fixed Object","01","Driver Rider","1: PDO","No Control","","",1363737.83,1720078.16,"13637381720078"
"2018-9179-27/05/2021","2 Metropolitan","REYNELLA","5161","CITY OF ONKAPARINGA",2,0,0,0,0,2018,"September","Tuesday","06:30 pm","050","Not Divided","Straight road","Level","Driveway or Entrance","Sealed","Dry","Not Raining","Night","Hit Parked Vehicle","02","Driver Rider","1: PDO","No Control","","",1319568.4,1651327.02,"13195681651327"
"2018-9180-27/05/2021","2 Metropolitan","MORPHETT VALE","5162","CITY OF ONKAPARINGA",2,0,0,0,0,2018,"September","Wednesday","10:05 am","060","Cross Road","Straight road","Level","Not Applicable","Sealed","Dry","Not Raining","Daylight","Right Angle","02","Driver Rider","1: PDO","Traffic Signals","","",1320791.25,1649412.04,"13207911649412"
"2018-9181-27/05/2021","2 Metropolitan","LIGHTSVIEW","5085","CITY OF PORT ADELAIDE ENFIELD",2,0,0,0,0,2018,"September","Wednesday","10:47 am","060","Divided Road","Straight road","Level","Not Applicable","Sealed","Dry","Not Raining","Daylight","Side Swipe","02","Driver Rider","1: PDO","No Control","","",1330425.03,1677387.91,"13304251677388"
"2018-9182-27/05/2021","2 Metropolitan","EXETER","5019","CITY OF PORT ADELAIDE ENFIELD",2,0,0,0,0,2018,"September","Wednesday","11:25 am","050","T-Junction","Straight road","Level","Not Applicable","Sealed","Dry","Not Raining","Daylight","Right Turn","02","Driver Rider","1: PDO","Traffic Signals","","",1319005.86,1680428.29,"13190061680428"
"2018-9183-27/05/2021","3 Country","SCEALE BAY","5680","DC STREAKY BAY.               ",1,0,0,0,0,2018,"September","Wednesday","11:09 am","100","Not Divided","CURVED, VIEW OPEN","Slope","Not Applicable","Unsealed","Wet","Raining","Daylight","Roll Over","01","Driver Rider","1: PDO","No Control","","",930578.08,1884134.45,"09305781884134"
"2018-9184-27/05/2021","2 Metropolitan","MEDINDIE","5081","WALKERVILLE TOWN COUNCIL",2,0,0,0,0,2018,"September","Tuesday","09:30 pm","060","Not Divided","Straight road","Level","Not Applicable","Sealed","Dry","Not Raining","Night","Rear End","01","Driver Rider","1: PDO","No Control","","",1329436.87,1673490.27,"13294371673490"
"2018-9185-27/05/2021","2 Metropolitan","MOUNT TORRENS","5244","THE ADELAIDE HILLS COUNCIL",2,0,0,0,0,2018,"September","Wednesday","07:30 am","080","Not Divided","Straight road","Level","Driveway or Entrance","Unsealed","Dry","Not Raining","Daylight","Side Swipe","02","Driver Rider","1: PDO","No Control","","",1359297.67,1676593.95,"13592981676594"
"2018-9186-27/05/2021","2 Metropolitan","MORPHETT VALE","5162","CITY OF ONKAPARINGA",2,0,0,0,0,2018,"September","Wednesday","10:45 am","060","Cross Road","Straight road","Level","Not Applicable","Sealed","Dry","Not Raining","Daylight","Rear End","02","Driver Rider","1: PDO","Traffic Signals","","",1321208.64,1651032.29,"13212091651032"
"2018-9187-27/05/2021","2 Metropolitan","VIRGINIA","5120","CITY OF PLAYFORD.",2,0,0,0,0,2018,"September","Wednesday","12:00 pm","080","T-Junction","Straight road","Slope","Not Applicable","Sealed","Dry","Not Raining","Daylight","Rear End","02","Driver Rider","1: PDO","Give Way Sign","","",1326421.71,1696569.21,"13264221696569"
"2018-9188-27/05/2021","2 Metropolitan","PORT ADELAIDE","5015","CITY OF PORT ADELAIDE ENFIELD",2,0,0,0,0,2018,"September","Wednesday","01:38 pm","050","Cross Road","Straight road","Level","Not Applicable","Sealed","Dry","Not Raining","Daylight","Right Angle","01","Driver Rider","1: PDO","No Control","","",1319868.47,1679990.32,"13198681679990"
"2018-9189-27/05/2021","2 Metropolitan","VALE PARK","5081","WALKERVILLE TOWN COUNCIL",2,1,0,0,1,2018,"September","Tuesday","08:30 am","060","Cross Road","Straight road","Slope","Not Applicable","Sealed","Dry","Not Raining","Daylight","Rear End","02","Driver Rider","2: MI","Traffic Signals","","",1330645.93,1675348.15,"13306461675348"
"2018-9190-27/05/2021","2 Metropolitan","SALISBURY","5108","CITY OF SALISBURY",2,1,0,0,1,2018,"September","Wednesday","02:45 pm","060","Cross Road","Straight road","Level","Not Applicable","Sealed","Dry","Not Raining","Daylight","Rear End","01","Driver Rider","2: MI","Traffic Signals","","",1333601.36,1689549.53,"13336011689550"
"2018-9191-27/05/2021","2 Metropolitan","NOARLUNGA DOWNS","5168","CITY OF ONKAPARINGA",2,0,0,0,0,2018,"September","Wednesday","03:30 pm","060","Cross Road","Straight road","Level","Not Applicable","Sealed","Dry","Not Raining","Daylight","Right Turn","01","Driver Rider","1: PDO","Traffic Signals","","",1318544.62,1646725.5,"13185451646726"
"2018-9192-27/05/2021","2 Metropolitan","NORTH ADELAIDE","5006","CITY OF PROSPECT",3,1,0,0,1,2018,"September","Wednesday","08:00 am","060","Cross Road","Straight road","Level","Not Applicable","Sealed","Dry","Not Raining","Daylight","Rear End","01","Driver Rider","2: MI","Traffic Signals","","",1327513.27,1673636.83,"13275131673637"
"2018-9193-27/05/2021","3 Country","BRINKWORTH","5464","WAKEFIELD REGIONAL COUNCIL",1,1,0,0,1,2018,"September","Wednesday","11:45 am","060","Not Divided","Straight road","Level","Roadworks","Sealed","Dry","Not Raining","Daylight","Roll Over","01","Driver Rider","2: MI","No Control","","Y",1315641.72,1805088.45,"13156421805088"
"2018-9194-27/05/2021","2 Metropolitan","ROSE PARK","5067","CITY OF BURNSIDE",3,1,0,0,1,2018,"September","Wednesday","04:10 pm","060","Divided Road","Straight road","Level","Not Applicable","Sealed","Dry","Not Raining","Daylight","Rear End","01","Driver Rider","2: MI","No Control","","",1330661.23,1669930.44,"13306611669930"
"2018-9195-27/05/2021","1 City","ADELAIDE","5000","CITY OF ADELAIDE",2,0,0,0,0,2018,"September","Wednesday","07:45 am","050","Cross Road","Straight road","Level","Not Applicable","Sealed","Dry","Not Raining","Daylight","Rear End","02","Driver Rider","1: PDO","Traffic Signals","","",1327386.29,1670322.63,"13273861670323"
"2018-9196-27/05/2021","2 Metropolitan","NORWOOD","5067","CC OF NORWOOD,PAYNEHAM & ST PETERS",2,1,0,0,1,2018,"September","Tuesday","05:30 pm","050","Divided Road","Straight road","Level","Not Applicable","Sealed","Dry","Not Raining","Daylight","Side Swipe","02","Driver Rider","2: MI","No Control","","",1331904.59,1671073.59,"13319051671074"
"2018-9197-27/05/2021","1 City","ADELAIDE","5000","CITY OF ADELAIDE",2,0,0,0,0,2018,"September","Wednesday","04:40 pm","060","T-Junction","Straight road","Level","Not Applicable","Sealed","Dry","Not Raining","Daylight","Right Turn","01","Driver Rider","1: PDO","Give Way Sign","","",1327377.74,1670639.77,"13273781670640"
"2018-9198-27/05/2021","2 Metropolitan","VIRGINIA","5120","CITY OF PLAYFORD.",2,0,0,0,0,2018,"September","Wednesday","04:18 pm","090","T-Junction","Straight road","Level","Not Applicable","Sealed","Dry","Not Raining","Daylight","Right Angle","01","Driver Rider","1: PDO","Give Way Sign","","",1326421.71,1696569.21,"13264221696569"
"2018-9199-27/05/2021","2 Metropolitan","BLAKEVIEW","5114","CITY OF PLAYFORD.",2,0,0,0,0,2018,"September","Wednesday","04:46 pm","050","T-Junction","Straight road","Level","Not Applicable","Sealed","Dry","Not Raining","Daylight","Rear End","02","Driver Rider","1: PDO","No Control","","",1338803.94,1697403.77,"13388041697404"
"2018-9200-27/05/2021","3 Country","PORT WAKEFIELD","5550","WAKEFIELD REGIONAL COUNCIL",1,1,0,0,1,2018,"September","Wednesday","10:55 am","050","Multiple","Straight road","Level","Not Applicable","Sealed","Dry","Not Raining","Daylight","Roll Over","01","Driver Rider","2: MI","Give Way Sign","","",1290167.17,1754069.61,"12901671754070"
"2018-9201-27/05/2021","2 Metropolitan","DRY CREEK","5094","CITY OF SALISBURY",3,0,0,0,0,2018,"September","Wednesday","05:35 pm","080","T-Junction","Straight road","Level","Not Applicable","Sealed","Dry","Not Raining","Daylight","Rear End","01","Driver Rider","1: PDO","Traffic Signals","","",1328672.58,1683237.82,"13286731683238"
"2018-9202-27/05/2021","2 Metropolitan","NAILSWORTH","5083","CITY OF PROSPECT",2,0,0,0,0,2018,"September","Wednesday","05:20 pm","060","Divided Road","Straight road","Level","Not Applicable","Sealed","Wet","Raining","Daylight","Rear End","01","Driver Rider","1: PDO","No Control","","",1328893.12,1675707.37,"13288931675707"
"2018-9203-27/05/2021","2 Metropolitan","LARGS BAY","5016","CITY OF PORT ADELAIDE ENFIELD",2,0,0,0,0,2018,"September","Friday","10:30 am","050","Not Divided","Straight road","Level","Driveway or Entrance","Sealed","Dry","Not Raining","Daylight","Hit Parked Vehicle","02","Driver Rider","1: PDO","No Control","","",1318667.48,1681299.98,"13186671681300"
"2018-9204-27/05/2021","2 Metropolitan","MODBURY HEIGHTS","5092","CITY OF TEA TREE GULLY",3,0,0,0,0,2018,"September","Wednesday","05:50 pm","080","Divided Road","Straight road","Slope","Not Applicable","Sealed","Wet","Raining","Daylight","Rear End","01","Driver Rider","1: PDO","No Control","","",1335803.31,1682890.89,"13358031682891"
"2018-9205-27/05/2021","2 Metropolitan","SHEIDOW PARK","5158","CC MARION.                    ",2,3,0,1,2,2018,"September","Wednesday","02:42 pm","080","T-Junction","Straight road","Level","Not Applicable","Sealed","Dry","Not Raining","Daylight","Right Turn","01","Driver Rider","3: SI","Traffic Signals","","",1321177.96,1654686.82,"13211781654687"
"2018-9206-27/05/2021","2 Metropolitan","PROSPECT","5082","CITY OF PROSPECT",2,1,0,0,1,2018,"September","Wednesday","06:40 pm","060","Not Divided","Straight road","Level","Not Applicable","Sealed","Wet","Raining","Night","Rear End","01","Driver Rider","2: MI","No Control","","",1328871.32,1676163.75,"13288711676164"
"2018-9207-27/05/2021","2 Metropolitan","MEDINDIE","5081","WALKERVILLE TOWN COUNCIL",3,0,0,0,0,2018,"September","Wednesday","08:36 pm","060","Multiple","Straight road","Level","Not Applicable","Sealed","Dry","Not Raining","Night","Rear End","01","Driver Rider","1: PDO","Traffic Signals","","",1329427.23,1673281.86,"13294271673282"
"2018-9208-27/05/2021","2 Metropolitan","CRAFERS","5152","THE ADELAIDE HILLS COUNCIL",2,3,0,0,3,2018,"September","Wednesday","11:50 pm","060","Not Divided","CURVED, VIEW OBSCURED","Slope","Not Applicable","Sealed","Dry","Not Raining","Night","Head On","01","Driver Rider","2: MI","No Control","","",1338202.15,1663573.57,"13382021663574"
"2018-9209-27/05/2021","2 Metropolitan","HALLETT COVE","5158","CC MARION.                    ",2,1,0,0,1,2018,"September","Wednesday","10:45 am","060","Not Divided","Straight road","Level","Not Applicable","Sealed","Dry","Not Raining","Daylight","Hit Fixed Object","01","Driver Rider","2: MI","No Control","","",1320496.49,1655775.6,"13204961655776"