"REPORT_ID","Stats Area","Suburb","Postcode","LGA Name","Total Units","Total Cas","Total Fats","Total SI","Total MI","Year","Month","Day","Time","Area Speed","Position Type","Horizontal Align","Vertical Align","Other Feat","Road Surface","Moisture Cond","Weather Cond","DayNight","Crash Type","Unit Resp","Entity Code","CSEF Severity","Traffic Ctrls","DUI Involved","Drugs Involved","ACCLOC_X","ACCLOC_Y","UNIQUE_LOC"
"2018-9290-27/05/2021","3 Country","CEDUNA","5690","DC CEDUNA                     ",2,1,0,0,1,2018,"September","Friday","07:45 pm","100","T-Junction","Straight road","Level","Not Applicable","Sealed","Dry","Not Raining","Night","Hit Pedestrian","01","Driver Rider","2: MI","No Control","","",874966.33,1987512.75,"08749661987513"
"2018-9291-27/05/2021","2 Metropolitan","NORTHFIELD","5085","CITY OF PORT ADELAIDE ENFIELD",2,0,0,0,0,2018,"September","Friday","08:00 pm","060","Divided Road","Straight road","Level","Not Applicable","Sealed","Dry","Not Raining","Night","Side Swipe","01","Driver Rider","1: PDO","No Control","","",1330389.93,1678445.89,"13303901678446"
"2018-9292-27/05/2021","2 Metropolitan","BROMPTON","5007","CITY OF CHARLES STURT",2,0,0,0,0,2018,"September","Friday","10:30 pm","060","T-Junction","Straight road","Level","Not Applicable","Sealed","Dry","Not Raining","Night","Right Angle","01","Driver Rider","1: PDO","Traffic Signals","","",1326963.8,1674068.65,"13269641674069"
"2018-9293-27/05/2021","2 Metropolitan","WOODVILLE PARK","5011","CITY OF CHARLES STURT",2,0,0,0,0,2018,"September","Friday","09:48 pm","060","T-Junction","Straight road","Level","Not Applicable","Sealed","Dry","Not Raining","Night","Right Angle","01","Driver Rider","1: PDO","No Control","","",1323958.75,1675112.43,"13239591675112"
"2018-9294-27/05/2021","3 Country","BORDERTOWN","5268","DC TATIARA.                   ",2,1,0,0,1,2018,"September","Friday","06:00 pm","050","Not Divided","Straight road","Level","Not Applicable","Sealed","Dry","Not Raining","Daylight","Hit Parked Vehicle","02","Driver Rider","2: MI","No Control","","",1518659.96,1508927.07,"15186601508927"
"2018-9295-27/05/2021","2 Metropolitan","SEATON","5023","CITY OF CHARLES STURT",2,1,0,0,1,2018,"September","Friday","01:00 pm","060","Divided Road","Straight road","Level","Not Applicable","Sealed","Dry","Not Raining","Daylight","Rear End","01","Driver Rider","2: MI","No Control","","",1320782.81,1673399.52,"13207831673400"
"2018-9296-27/05/2021","2 Metropolitan","ELIZABETH EAST","5112","CITY OF PLAYFORD.",3,0,0,0,0,2018,"September","Saturday","09:00 am","080","Divided Road","Straight road","Level","Not Applicable","Sealed","Dry","Not Raining","Daylight","Rear End","01","Driver Rider","1: PDO","No Control","","",1336142.77,1691787.77,"13361431691788"
"2018-9297-27/05/2021","3 Country","ANANGU PITJANTJATJARA YANKUNYTJATJARA","0872",,1,1,0,1,0,2018,"September","Thursday","06:00 pm","100","Not Divided","Straight road","Level","Roadworks","Unsealed","Dry","Not Raining","Night","Roll Over","01","Driver Rider","3: SI","No Control","","",710017.92,2624065.03,"07100182624065"
"2018-9298-27/05/2021","2 Metropolitan","RIDLEYTON","5008","CITY OF CHARLES STURT",2,0,0,0,0,2018,"September","Saturday","08:25 am","040","Cross Road","Straight road","Level","Not Applicable","Sealed","Dry","Not Raining","Daylight","Right Angle","02","Driver Rider","1: PDO","Stop Sign","","",1326045.6,1674254.07,"13260461674254"
"2018-9299-27/05/2021","2 Metropolitan","BLAKEVIEW","5114","CITY OF PLAYFORD.",2,1,0,0,1,2018,"September","Saturday","11:45 am","080","Divided Road","Straight road","Level","Not Applicable","Sealed","Dry","Not Raining","Daylight","Rear End","02","Driver Rider","2: MI","No Control","","",1338287.36,1697808.48,"13382871697808"
"2018-9300-27/05/2021","1 City","NORTH ADELAIDE","5006","CITY OF ADELAIDE",2,0,0,0,0,2018,"September","Saturday","11:55 am","050","Not Divided","Straight road","Level","Not Applicable","Sealed","Dry","Not Raining","Daylight","Side Swipe","02","Driver Rider","1: PDO","No Control","","",1328091.17,1673167.95,"13280911673168"
"2018-9301-27/05/2021","2 Metropolitan","DRY CREEK","5094","CITY OF PORT ADELAIDE ENFIELD",2,1,0,0,1,2018,"September","Saturday","11:21 am","050","Cross Road","Straight road","Level","Not Applicable","Sealed","Dry","Not Raining","Daylight","Right Angle","02","Driver Rider","2: MI","Give Way Sign","","",1327778.78,1680308.68,"13277791680309"
"2018-9302-27/05/2021","2 Metropolitan","PARK HOLME","5043","CC MARION.                    ",2,0,0,0,0,2018,"September","Saturday","12:09 pm","060","T-Junction","Straight road","Level","Not Applicable","Sealed","Dry","Not Raining","Daylight","Rear End","01","Driver Rider","1: PDO","No Control","","",1324297.25,1664222.52,"13242971664223"
"2018-9303-27/05/2021","2 Metropolitan","RIDGEHAVEN","5097","CITY OF TEA TREE GULLY",2,1,0,1,0,2018,"September","Saturday","10:00 am","050","Not Divided","Straight road","Level","Not Applicable","Sealed","Dry","Not Raining","Daylight","Roll Over","01","Driver Rider","3: SI","No Control","","",1337724.56,1681493.27,"13377251681493"
"2018-9304-27/05/2021","2 Metropolitan","KILBURN","5084","CITY OF PORT ADELAIDE ENFIELD",2,0,0,0,0,2018,"September","Saturday","12:10 pm","050","Divided Road","Straight road","Level","Not Applicable","Sealed","Dry","Not Raining","Daylight","Hit Fixed Object","01","Driver Rider","1: PDO","No Control","","",1328026.3,1677829.49,"13280261677829"
"2018-9305-27/05/2021","2 Metropolitan","KLEMZIG","5087","CITY OF PORT ADELAIDE ENFIELD",2,0,0,0,0,2018,"September","Friday","03:40 pm","060","Not Divided","Straight road","Slope","Not Applicable","Sealed","Dry","Not Raining","Daylight","Hit Parked Vehicle","02","Driver Rider","1: PDO","No Control","","",1331955.79,1675527.48,"13319561675527"
"2018-9306-27/05/2021","2 Metropolitan","UPPER STURT","5156","THE ADELAIDE HILLS COUNCIL",1,1,0,0,1,2018,"September","Saturday","11:18 am","050","Not Divided","CURVED, VIEW OPEN","Slope","Not Applicable","Sealed","Dry","Not Raining","Daylight","Roll Over","01","Driver Rider","2: MI","No Control","","",1336245.91,1659518.55,"13362461659519"
"2018-9307-27/05/2021","2 Metropolitan","INGLE FARM","5098","CITY OF SALISBURY",2,0,0,0,0,2018,"September","Saturday","09:40 am","060","Not Divided","Straight road","Level","Not Applicable","Sealed","Dry","Not Raining","Daylight","Side Swipe","01","Driver Rider","1: PDO","No Control","","",1331586.7,1681109.87,"13315871681110"
"2018-9308-27/05/2021","2 Metropolitan","PARAFIELD GARDENS","5107","CITY OF SALISBURY",2,1,0,0,1,2018,"September","Saturday","12:00 pm","050","T-Junction","Straight road","Level","Not Applicable","Sealed","Dry","Not Raining","Daylight","Right Angle","01","Driver Rider","2: MI","No Control","","",1329277.8,1687834.2,"13292781687834"
"2018-9309-27/05/2021","2 Metropolitan","FLINDERS PARK","5025","CITY OF CHARLES STURT",2,1,0,0,1,2018,"September","Tuesday","08:15 am","050","T-Junction","Straight road","Level","Not Applicable","Sealed","Dry","Not Raining","Daylight","Right Angle","01","Driver Rider","2: MI","No Control","","",1322963.71,1672369.47,"13229641672369"
"2018-9310-27/05/2021","2 Metropolitan","MITCHELL PARK","5043","CC MARION.                    ",4,0,0,0,0,2018,"September","Saturday","01:48 pm","060","Divided Road","Straight road","Level","Not Applicable","Sealed","Dry","Not Raining","Daylight","Rear End","01","Driver Rider","1: PDO","No Control","","",1324336.69,1662912.82,"13243371662913"
"2018-9311-27/05/2021","2 Metropolitan","WOODVILLE NORTH","5012","CITY OF CHARLES STURT",2,0,0,0,0,2018,"September","Friday","03:30 pm","050","Cross Road","Straight road","Level","Not Applicable","Sealed","Dry","Not Raining","Daylight","Right Angle","02","Driver Rider","1: PDO","Traffic Signals","","",1323541.68,1676774.33,"13235421676774"
"2018-9312-27/05/2021","2 Metropolitan","SEATON","5023","CITY OF CHARLES STURT",2,1,0,0,1,2018,"September","Saturday","11:40 am","060","Not Divided","Straight road","Level","Not Applicable","Sealed","Dry","Not Raining","Daylight","Side Swipe","02","Driver Rider","2: MI","No Control","","",1321054.13,1674691.68,"13210541674692"
"2018-9313-27/05/2021","2 Metropolitan","ROYSTON PARK","5070","CC OF NORWOOD,PAYNEHAM & ST PETERS",2,0,0,0,0,2018,"September","Saturday","03:15 pm","050","Not Divided","Straight road","Level","Not Applicable","Sealed","Dry","Not Raining","Daylight","Hit Parked Vehicle","01","Driver Rider","1: PDO","No Control","","",1331532.48,1673866.05,"13315321673866"
"2018-9314-27/05/2021","2 Metropolitan","KANGARILLA","5157","CITY OF ONKAPARINGA",2,0,0,0,0,2018,"September","Friday","08:01 pm","050","Not Divided","Straight road","Level","Not Applicable","Sealed","Dry","Not Raining","Night","Hit Fixed Object","01","Driver Rider","1: PDO","No Control","","",1332640.75,1645848.97,"13326411645849"
"2018-9315-27/05/2021","2 Metropolitan","MOUNT BARKER","5251","DC MT.BARKER.                 ",2,1,0,0,1,2018,"September","Saturday","04:07 pm","060","Cross Road","Straight road","Level","Not Applicable","Sealed","Dry","Not Raining","Daylight","Right Angle","02","Driver Rider","2: MI","Roundabout","","",1351901.57,1653063.6,"13519021653064"
"2018-9316-27/05/2021","2 Metropolitan","GLENELG SOUTH","5045","CITY OF HOLDFAST BAY",2,1,0,1,0,2018,"September","Thursday","11:45 am","050","Not Divided","Straight road","Level","Not Applicable","Sealed","Dry","Not Raining","Daylight","Hit Parked Vehicle","01","Driver Rider","3: SI","No Control","","",1320554.48,1664059.76,"13205541664060"
"2018-9317-27/05/2021","3 Country","EDEN VALLEY","5235","THE BAROSSA COUNCIL.",2,1,0,0,1,2018,"September","Saturday","04:45 pm","100","Not Divided","Straight road","Slope","Not Applicable","Sealed","Dry","Not Raining","Daylight","Hit Fixed Object","01","Driver Rider","2: MI","No Control","","",1374905.65,1697320.02,"13749061697320"
"2018-9318-27/05/2021","2 Metropolitan","DRY CREEK","5094","CITY OF PORT ADELAIDE ENFIELD",2,0,0,0,0,2018,"September","Saturday","06:38 pm","090","Divided Road","CURVED, VIEW OPEN","Level","Not Applicable","Sealed","Dry","Not Raining","Night","Head On","02","Driver Rider","1: PDO","No Control","","",1327135.91,1681066.31,"13271361681066"
"2018-9319-27/05/2021","2 Metropolitan","MOUNT TORRENS","5244","THE ADELAIDE HILLS COUNCIL",3,0,0,0,0,2018,"September","Saturday","06:53 pm","100","Not Divided","Straight road","Slope","Not Applicable","Sealed","Dry","Not Raining","Night","Hit Fixed Object","01","Driver Rider","1: PDO","No Control","","",1358339.15,1673816.75,"13583391673817"
"2018-9320-27/05/2021","3 Country","INMAN VALLEY","5211","DC YANKALILLA.                ",2,0,0,0,0,2018,"September","Saturday","07:00 pm","100","Not Divided","CURVED, VIEW OBSCURED","Crest of Hill","Not Applicable","Unsealed","Dry","Not Raining","Night","Head On","02","Driver Rider","1: PDO","No Control","","",1312870.96,1611812.27,"13128711611812"
"2018-9321-27/05/2021","2 Metropolitan","THEBARTON","5031","CITY OF WEST TORRENS",4,3,0,0,3,2018,"September","Saturday","09:25 pm","060","T-Junction","Straight road","Level","Not Applicable","Sealed","Dry","Not Raining","Night","Rear End","01","Driver Rider","2: MI","Traffic Signals","","",1326555.4,1671678.49,"13265551671678"
"2018-9322-27/05/2021","3 Country","INMAN VALLEY","5211","DC YANKALILLA.                ",2,1,0,0,1,2018,"September","Saturday","07:15 pm","100","Not Divided","CURVED, VIEW OBSCURED","Slope","Not Applicable","Sealed","Dry","Not Raining","Night","Hit Fixed Object","01","Driver Rider","2: MI","No Control","","Y",1309885.03,1607247.19,"13098851607247"
"2018-9323-27/05/2021","2 Metropolitan","O'HALLORAN HILL","5158","CITY OF ONKAPARINGA",2,0,0,0,0,2018,"September","Saturday","10:06 pm","080","Divided Road","CURVED, VIEW OPEN","Slope","Not Applicable","Sealed","Dry","Not Raining","Night","Hit Fixed Object","01","Driver Rider","1: PDO","No Control","","",1324510.62,1657604.27,"13245111657604"
"2018-9324-27/05/2021","3 Country","INGOMAR","5723",,2,2,0,0,2,2018,"July","Thursday","08:30 pm","110","Not Divided","Straight road","Level","Not Applicable","Sealed","Dry","Not Raining","Night","Hit Animal","02","Animal","2: MI","No Control","","Y",1013019.43,2257398.91,"10130192257399"
"2018-9325-27/05/2021","2 Metropolitan","HALLETT COVE","5158","CC MARION.                    ",2,1,0,0,1,2018,"September","Saturday","11:04 pm","050","Not Divided","Straight road","Slope","Not Applicable","Sealed","Dry","Not Raining","Night","Hit Parked Vehicle","01","Driver Rider","2: MI","No Control","","",1319416.04,1654573.68,"13194161654574"
"2018-9326-27/05/2021","2 Metropolitan","WATERLOO CORNER","5110","CITY OF PLAYFORD.",2,0,0,0,0,2018,"September","Saturday","11:45 pm","090","Divided Road","Straight road","Slope","Bridge, Culvert, Causeway","Sealed","Dry","Not Raining","Night","Hit Fixed Object","01","Driver Rider","1: PDO","No Control","","",1326858.36,1694979.7,"13268581694980"
"2018-9327-27/05/2021","2 Metropolitan","SALISBURY","5108","CITY OF SALISBURY",2,0,0,0,0,2018,"September","Saturday","05:38 am","050","Not Divided","Straight road","Level","Not Applicable","Sealed","Dry","Not Raining","Night","Hit Fixed Object","01","Driver Rider","1: PDO","No Control","","",1332506.55,1688523.66,"13325071688524"
"2018-9328-27/05/2021","2 Metropolitan","KERSBROOK","5231","THE ADELAIDE HILLS COUNCIL",2,0,0,0,0,2018,"September","Sunday","12:05 am","100","Not Divided","CURVED, VIEW OBSCURED","Slope","Not Applicable","Sealed","Dry","Not Raining","Night","Hit Fixed Object","01","Driver Rider","1: PDO","No Control","","",1351272.5,1694877.95,"13512731694878"
"2018-9329-27/05/2021","3 Country","BOORS PLAIN","5554","COPPER COAST DISTRICT COUNCIL",2,0,0,0,0,2018,"September","Sunday","12:10 am","100","Not Divided","Straight road","Level","Not Applicable","Unsealed","Dry","Not Raining","Night","Hit Fixed Object","01","Driver Rider","1: PDO","No Control","Y","",1245739.77,1770603.45,"12457401770603"
"2018-9330-27/05/2021","3 Country","ARCOONA","5720",,1,1,0,1,0,2018,"September","Sunday","12:30 am","110","Not Divided","CURVED, VIEW OPEN","Level","Not Applicable","Sealed","Dry","Not Raining","Night","Roll Over","01","Driver Rider","3: SI","No Control","Y","",1177907.14,2071333.28,"11779072071333"
"2018-9331-27/05/2021","3 Country","WILLIAMSTOWN","5351","THE BAROSSA COUNCIL.",4,3,0,2,1,2018,"September","Saturday","11:40 pm","100","Not Divided","CURVED, VIEW OBSCURED","Level","Not Applicable","Sealed","Dry","Not Raining","Night","Head On","01","Driver Rider","3: SI","No Control","Y","",1354580.28,1701613.17,"13545801701613"
"2018-9332-27/05/2021","2 Metropolitan","DUDLEY PARK","5008","CITY OF PORT ADELAIDE ENFIELD",2,0,0,0,0,2018,"September","Sunday","06:55 am","050","Not Divided","Straight road","Level","Not Applicable","Sealed","Dry","Not Raining","Daylight","Hit Parked Vehicle","01","Driver Rider","1: PDO","No Control","","Y",1326540.36,1675910.71,"13265401675911"
"2018-9333-27/05/2021","2 Metropolitan","MAYLANDS","5069","CC OF NORWOOD,PAYNEHAM & ST PETERS",3,0,0,0,0,2018,"September","Sunday","06:30 am","060","Pedestrian Crossing","Straight road","Level","Not Applicable","Sealed","Dry","Not Raining","Daylight","Hit Fixed Object","01","Driver Rider","1: PDO","Other","","",1332217.97,1672392.73,"13322181672393"
"2018-9334-27/05/2021","2 Metropolitan","PROSPECT","5082","CITY OF PROSPECT",2,1,0,0,1,2018,"September","Saturday","11:10 am","050","Pedestrian Crossing","Straight road","Level","Not Applicable","Sealed","Dry","Not Raining","Daylight","Rear End","02","Driver Rider","2: MI","Traffic Signals","","",1328117.98,1674084.88,"13281181674085"
"2018-9335-27/05/2021","2 Metropolitan","ST CLAIR","5011","CITY OF CHARLES STURT",2,0,0,0,0,2018,"September","Sunday","09:35 am","060","T-Junction","Straight road","Level","Not Applicable","Sealed","Dry","Not Raining","Daylight","Right Angle","01","Driver Rider","1: PDO","No Control","","",1323296.21,1676954.61,"13232961676955"
"2018-9336-27/05/2021","2 Metropolitan","STURT","5047","CC MARION.                    ",2,0,0,0,0,2018,"September","Sunday","10:23 am","060","Multiple","Straight road","Level","Not Applicable","Sealed","Dry","Not Raining","Daylight","Right Angle","01","Driver Rider","1: PDO","Traffic Signals","","",1323558.89,1660650.4,"13235591660650"
"2018-9337-27/05/2021","2 Metropolitan","GEPPS CROSS","5094","CITY OF PORT ADELAIDE ENFIELD",2,1,0,0,1,2018,"September","Sunday","10:45 am","060","Multiple","Straight road","Level","Not Applicable","Sealed","Dry","Not Raining","Daylight","Rear End","02","Driver Rider","2: MI","Traffic Signals","","",1328802.51,1679265.44,"13288031679265"
"2018-9338-27/05/2021","2 Metropolitan","MYRTLE BANK","5064","CITY OF UNLEY",2,1,0,0,1,2018,"September","Sunday","10:50 am","060","T-Junction","Straight road","Level","Not Applicable","Sealed","Dry","Not Raining","Daylight","Right Angle","01","Driver Rider","2: MI","Traffic Signals","","",1330752.74,1666735.72,"13307531666736"
"2018-9339-27/05/2021","2 Metropolitan","CUDLEE CREEK","5232","THE ADELAIDE HILLS COUNCIL",2,0,0,0,0,2018,"September","Sunday","09:04 am","080","Not Divided","CURVED, VIEW OBSCURED","Level","Not Applicable","Sealed","Dry","Not Raining","Daylight","Hit Animal","02","Animal","1: PDO","No Control","","",1351282.51,1677627.98,"13512831677628"
"2018-9340-27/05/2021","2 Metropolitan","COLONEL LIGHT GARDENS","5041","CC MITCHAM.                   ",2,1,0,0,1,2018,"September","Sunday","11:40 am","060","Divided Road","Straight road","Level","Not Applicable","Sealed","Dry","Not Raining","Daylight","Rear End","01","Driver Rider","2: MI","No Control","","",1327543.1,1664922.71,"13275431664923"
"2018-9341-27/05/2021","2 Metropolitan","WATERLOO CORNER","5110","CITY OF SALISBURY",2,0,0,0,0,2018,"August","Thursday","07:45 pm","080","Not Divided","Straight road","Level","Not Applicable","Sealed","Wet","Raining","Night","Hit Fixed Object","01","Driver Rider","1: PDO","No Control","","",1327278.96,1692954.83,"13272791692955"
"2018-9342-27/05/2021","3 Country","MURRAY BRIDGE","5253","RC MURRAY BRIDGE.             ",2,0,0,0,0,2018,"September","Sunday","11:18 am","050","T-Junction","Straight road","Level","Not Applicable","Sealed","Dry","Not Raining","Daylight","Right Angle","01","Driver Rider","1: PDO","No Control","","",1388981.37,1646642.92,"13889811646643"
"2018-9343-27/05/2021","3 Country","MOCULTA","5353","THE BAROSSA COUNCIL.",2,1,0,0,1,2018,"September","Sunday","10:10 am","100","Not Divided","Straight road","Level","Not Applicable","Unsealed","Dry","Not Raining","Daylight","Rear End","02","Driver Rider","2: MI","No Control","","",1376340.55,1718587.27,"13763411718587"
"2018-9344-27/05/2021","2 Metropolitan","ELIZABETH DOWNS","5113","CITY OF PLAYFORD.",2,1,0,0,1,2018,"September","Sunday","01:00 pm","050","T-Junction","Straight road","Level","Not Applicable","Sealed","Dry","Not Raining","Daylight","Rear End","02","Driver Rider","2: MI","No Control","","",1337998.36,1696450.86,"13379981696451"
"2018-9345-27/05/2021","2 Metropolitan","LOBETHAL","5241","THE ADELAIDE HILLS COUNCIL",2,1,0,0,1,2018,"September","Sunday","11:00 am","050","Not Divided","Straight road","Slope","Driveway or Entrance","Sealed","Dry","Not Raining","Daylight","Right Angle","02","Driver Rider","2: MI","No Control","","",1353580.66,1671999.25,"13535811671999"
"2018-9346-27/05/2021","2 Metropolitan","WOODVILLE","5011","CITY OF CHARLES STURT",2,1,0,0,1,2018,"September","Sunday","02:00 pm","050","Divided Road","Straight road","Level","Not Applicable","Sealed","Dry","Not Raining","Daylight","Rear End","02","Driver Rider","2: MI","No Control","","",1322802.02,1675911.13,"13228021675911"
"2018-9347-27/05/2021","2 Metropolitan","STIRLING","5152","THE ADELAIDE HILLS COUNCIL",2,0,0,0,0,2018,"September","Sunday","02:40 pm","060","Cross Road","CURVED, VIEW OPEN","Level","Not Applicable","Sealed","Dry","Not Raining","Daylight","Rear End","02","Driver Rider","1: PDO","Roundabout","","",1338787.87,1661686.75,"13387881661687"
"2018-9348-27/05/2021","2 Metropolitan","MARION","5043","CC MARION.                    ",2,1,0,0,1,2018,"September","Sunday","01:30 pm","060","Not Divided","Straight road","Level","Not Applicable","Sealed","Dry","Not Raining","Daylight","Rear End","02","Driver Rider","2: MI","No Control","","",1324348.77,1662575.58,"13243491662576"
"2018-9349-27/05/2021","2 Metropolitan","TORRENSVILLE","5031","CITY OF WEST TORRENS",3,0,0,0,0,2018,"September","Sunday","12:40 pm","060","Divided Road","Straight road","Level","Not Applicable","Sealed","Dry","Not Raining","Daylight","Rear End","02","Driver Rider","1: PDO","No Control","","",1325385.23,1672087.95,"13253851672088"
"2018-9350-27/05/2021","3 Country","KOONUNGA","5373","LIGHT REGIONAL COUNCIL",1,1,0,0,1,2018,"September","Sunday","02:30 pm","100","Not Divided","Straight road","Slope","Not Applicable","Sealed","Dry","Not Raining","Daylight","Roll Over","01","Driver Rider","2: MI","No Control","","",1369234.92,1727777.29,"13692351727777"
"2018-9351-27/05/2021","2 Metropolitan","OAKLANDS PARK","5046","CC MARION.                    ",5,1,0,0,1,2018,"September","Sunday","03:00 pm","060","T-Junction","Straight road","Level","Not Applicable","Sealed","Dry","Not Raining","Daylight","Right Angle","01","Driver Rider","2: MI","Traffic Signals","","",1322768.82,1660878.17,"13227691660878"
"2018-9352-27/05/2021","2 Metropolitan","PARKSIDE","5063","CITY OF UNLEY",2,0,0,0,0,2018,"September","Sunday","06:15 pm","060","Multiple","Straight road","Slope","Not Applicable","Sealed","Dry","Not Raining","Night","Right Turn","01","Driver Rider","1: PDO","Traffic Signals","","",1330332.48,1668616.78,"13303321668617"
"2018-9353-27/05/2021","2 Metropolitan","HAZELWOOD PARK","5066","CITY OF BURNSIDE",2,1,0,0,1,2018,"September","Friday","03:00 pm","060","Divided Road","Straight road","Slope","Not Applicable","Sealed","Dry","Not Raining","Daylight","Hit Pedestrian","02","Pedestrian","2: MI","No Control","","",1333896.16,1669092.64,"13338961669093"
"2018-9354-27/05/2021","2 Metropolitan","VISTA","5091","CITY OF TEA TREE GULLY",2,0,0,0,0,2018,"September","Sunday","07:46 pm","060","Not Divided","Straight road","Slope","Not Applicable","Sealed","Dry","Not Raining","Night","Hit Animal","02","Animal","1: PDO","No Control","","",1339901.93,1679816.09,"13399021679816"
"2018-9355-27/05/2021","2 Metropolitan","ELIZABETH PARK","5113","CITY OF PLAYFORD.",2,0,0,0,0,2018,"September","Sunday","08:15 pm","080","Divided Road","Straight road","Level","Not Applicable","Sealed","Dry","Not Raining","Night","Hit Fixed Object","01","Driver Rider","1: PDO","No Control","","",1336167.19,1694074.75,"13361671694075"
"2018-9356-27/05/2021","3 Country","MORGAN","5320","MID MURRAY DISTRICT COUNCIL",2,0,0,0,0,2018,"September","Sunday","06:23 pm","110","Not Divided","Straight road","Level","Not Applicable","Sealed","Dry","Not Raining","Night","Hit Animal","02","Animal","1: PDO","No Control","","",1427584.11,1771665.4,"14275841771665"
"2018-9357-27/05/2021","3 Country","YAHL","5291","DISTRICT COUNCIL OF GRANT",2,0,0,0,0,2018,"September","Sunday","08:10 pm","100","Not Divided","Straight road","Level","Not Applicable","Sealed","Wet","Not Raining","Night","Hit Animal","02","Animal","1: PDO","No Control","","",1514288.61,1336987.75,"15142891336988"
"2018-9358-27/05/2021","2 Metropolitan","BUCKLAND PARK","5120","CITY OF PLAYFORD.",2,0,0,0,0,2018,"September","Monday","04:10 am","110","Divided Road","Straight road","Level","Not Applicable","Sealed","Dry","Not Raining","Night","Hit Fixed Object","01","Driver Rider","1: PDO","No Control","","",1324731.88,1698821.58,"13247321698822"
"2018-9359-27/05/2021","3 Country","CRYSTAL BROOK","5523","PT.PIRIE CITY & DIST. COUNCIL ",2,0,0,0,0,2018,"September","Monday","06:05 am","110","Not Divided","Straight road","Level","Not Applicable","Sealed","Dry","Not Raining","Night","Hit Fixed Object","01","Driver Rider","1: PDO","No Control","","",1295098.41,1846088.01,"12950981846088"
"2018-9360-27/05/2021","2 Metropolitan","GLENUNGA","5064","CITY OF BURNSIDE",2,3,0,0,3,2018,"September","Sunday","01:20 pm","060","T-Junction","Straight road","Level","Not Applicable","Sealed","Dry","Not Raining","Daylight","Right Angle","01","Driver Rider","2: MI","No Control","","",1332347.73,1667705.26,"13323481667705"
"2018-9361-27/05/2021","2 Metropolitan","ATHELSTONE","5076","CC CAMPBELLTOWN.              ",2,1,0,0,1,2018,"September","Monday","07:35 am","060","Not Divided","Straight road","Level","Not Applicable","Sealed","Dry","Not Raining","Daylight","Side Swipe","01","Driver Rider","2: MI","No Control","","",1337026.85,1674999.19,"13370271674999"
"2018-9362-27/05/2021","2 Metropolitan","ST PETERS","5069","CC OF NORWOOD,PAYNEHAM & ST PETERS",2,1,0,0,1,2018,"September","Thursday","03:00 pm","060","Cross Road","Straight road","Level","Not Applicable","Sealed","Dry","Not Raining","Daylight","Right Angle","02","Driver Rider","2: MI","Give Way Sign","","",1330740.61,1672905.66,"13307411672906"
"2018-9363-27/05/2021","2 Metropolitan","SEATON","5023","CITY OF CHARLES STURT",2,0,0,0,0,2018,"September","Monday","07:45 am","050","Not Divided","Straight road","Level","Driveway or Entrance","Sealed","Dry","Not Raining","Daylight","Right Angle","01","Driver Rider","1: PDO","No Control","","",1321157.11,1674493.43,"13211571674493"
"2018-9364-27/05/2021","2 Metropolitan","MODBURY HEIGHTS","5092","CITY OF TEA TREE GULLY",2,0,0,0,0,2018,"September","Monday","09:00 am","080","Divided Road","Straight road","Slope","Not Applicable","Sealed","Dry","Not Raining","Daylight","Rear End","02","Driver Rider","1: PDO","No Control","","",1335896.93,1682603.49,"13358971682603"
"2018-9365-27/05/2021","2 Metropolitan","URRBRAE","5064","CC MITCHAM.                   ",1,1,0,0,1,2018,"September","Monday","08:20 am","060","Cross Road","Straight road","Level","Not Applicable","Sealed","Dry","Not Raining","Daylight","Roll Over","01","Driver Rider","2: MI","Traffic Signals","","",1330765.11,1666293.95,"13307651666294"
"2018-9366-27/05/2021","2 Metropolitan","HAHNDORF","5245","DC MT.BARKER.                 ",2,1,0,0,1,2018,"September","Monday","08:00 am","080","Not Divided","CURVED, VIEW OPEN","Slope","Not Applicable","Sealed","Dry","Not Raining","Daylight","Hit Fixed Object","01","Driver Rider","2: MI","No Control","","",1345216.88,1658209.91,"13452171658210"
"2018-9367-27/05/2021","2 Metropolitan","PARAFIELD GARDENS","5107","CITY OF SALISBURY",2,1,0,0,1,2018,"September","Monday","09:45 am","060","Cross Road","Straight road","Level","Not Applicable","Sealed","Dry","Not Raining","Daylight","Hit Pedestrian","02","Pedestrian","2: MI","Roundabout","","",1329779.29,1686588.74,"13297791686589"
"2018-9368-27/05/2021","1 City","ADELAIDE","5000","CITY OF ADELAIDE",2,1,0,1,0,2018,"August","Wednesday","09:50 am","050","Not Divided","Straight road","Level","Driveway or Entrance","Sealed","Dry","Not Raining","Daylight","Hit Pedestrian","02","Driver Rider","3: SI","No Control","","",1327432.48,1670950.95,"13274321670951"
"2018-9369-27/05/2021","2 Metropolitan","FINDON","5023","CITY OF CHARLES STURT",2,0,0,0,0,2018,"September","Monday","10:05 am","040","Cross Road","Straight road","Level","Not Applicable","Sealed","Dry","Not Raining","Daylight","Right Angle","02","Driver Rider","1: PDO","Roundabout","","",1321752.16,1674247.77,"13217521674248"