"REPORT_ID","Stats Area","Suburb","Postcode","LGA Name","Total Units","Total Cas","Total Fats","Total SI","Total MI","Year","Month","Day","Time","Area Speed","Position Type","Horizontal Align","Vertical Align","Other Feat","Road Surface","Moisture Cond","Weather Cond","DayNight","Crash Type","Unit Resp","Entity Code","CSEF Severity","Traffic Ctrls","DUI Involved","Drugs Involved","ACCLOC_X","ACCLOC_Y","UNIQUE_LOC"
"2018-9529-27/05/2021","2 Metropolitan","OLD REYNELLA","5161","CITY OF ONKAPARINGA",2,1,0,0,1,2018,"September","Thursday","05:30 pm","050","Cross Road","Straight road","Level","Not Applicable","Sealed","Dry","Not Raining","Daylight","Right Angle","01","Driver Rider","2: MI","Traffic Signals","","",1322349.71,1652220.86,"13223501652221"
"2018-9530-27/05/2021","2 Metropolitan","HAZELWOOD PARK","5066","CITY OF BURNSIDE",3,1,0,0,1,2018,"September","Thursday","03:15 pm","060","Not Divided","Straight road","Level","Not Applicable","Sealed","Dry","Not Raining","Daylight","Head On","01","Driver Rider","2: MI","No Control","","",1333928.22,1669469.46,"13339281669469"
"2018-9531-27/05/2021","2 Metropolitan","HACKHAM","5163","CITY OF ONKAPARINGA",2,0,0,0,0,2018,"September","Wednesday","08:05 pm","050","Not Divided","Straight road","Slope","Not Applicable","Sealed","Dry","Not Raining","Night","Hit Parked Vehicle","01","Driver Rider","1: PDO","No Control","","",1321941.71,1646687.58,"13219421646688"
"2018-9532-27/05/2021","2 Metropolitan","LONSDALE","5160","CITY OF ONKAPARINGA",2,0,0,0,0,2018,"September","Thursday","06:30 pm","080","Cross Road","Straight road","Slope","Not Applicable","Sealed","Dry","Not Raining","Night","Right Angle","01","Driver Rider","1: PDO","Traffic Signals","","",1317823.83,1649782.83,"13178241649783"
"2018-9533-27/05/2021","2 Metropolitan","NORWOOD","5067","CC OF NORWOOD,PAYNEHAM & ST PETERS",2,0,0,0,0,2018,"September","Thursday","05:30 pm","060","Cross Road","Straight road","Level","Not Applicable","Sealed","Dry","Not Raining","Daylight","Right Turn","01","Driver Rider","1: PDO","Traffic Signals","","",1332238.2,1671421.89,"13322381671422"
"2018-9534-27/05/2021","1 City","ADELAIDE","5000","CITY OF ADELAIDE",2,1,0,0,1,2018,"September","Wednesday","03:00 pm","050","Not Divided","Straight road","Level","Not Applicable","Sealed","Dry","Not Raining","Daylight","Hit Pedestrian","01","Pedestrian","2: MI","No Control","","",1328791.06,1670525.66,"13287911670526"
"2018-9535-27/05/2021","2 Metropolitan","MITCHELL PARK","5043","CC MARION.                    ",2,0,0,0,0,2018,"September","Thursday","06:15 pm","060","T-Junction","Straight road","Level","Not Applicable","Sealed","Dry","Not Raining","Night","Rear End","02","Driver Rider","1: PDO","No Control","","",1324359.92,1662412.83,"13243601662413"
"2018-9536-27/05/2021","2 Metropolitan","DERNANCOURT","5075","CITY OF TEA TREE GULLY",2,0,0,0,0,2018,"September","Thursday","05:30 pm","060","Divided Road","Straight road","Level","Not Applicable","Sealed","Dry","Not Raining","Daylight","Rear End","01","Driver Rider","1: PDO","No Control","","",1336069.21,1677298.14,"13360691677298"
"2018-9537-27/05/2021","3 Country","WHYALLA","5600","CC WHYALLA.                   ",2,0,0,0,0,2018,"September","Thursday","05:00 pm","050","Not Divided","Straight road","Slope","Not Applicable","Sealed","Dry","Not Raining","Daylight","Hit Parked Vehicle","01","Driver Rider","1: PDO","No Control","","",1241179.98,1882365.17,"12411801882365"
"2018-9538-27/05/2021","2 Metropolitan","WINGFIELD","5013","CITY OF PORT ADELAIDE ENFIELD",4,1,0,0,1,2018,"September","Thursday","06:42 pm","060","Cross Road","Straight road","Level","Not Applicable","Sealed","Dry","Not Raining","Night","Right Angle","01","Driver Rider","2: MI","Traffic Signals","Y","",1325526.91,1679186.68,"13255271679187"
"2018-9539-27/05/2021","2 Metropolitan","PORT ADELAIDE","5015","CITY OF PORT ADELAIDE ENFIELD",2,0,0,0,0,2018,"September","Thursday","12:30 pm","060","Not Divided","Straight road","Level","Not Applicable","Sealed","Dry","Not Raining","Daylight","Side Swipe","02","Driver Rider","1: PDO","No Control","","",1321872.14,1680505.9,"13218721680506"
"2018-9540-27/05/2021","2 Metropolitan","BLAIR ATHOL","5084","CITY OF PORT ADELAIDE ENFIELD",2,0,0,0,0,2018,"September","Friday","11:00 pm","030","Not Divided","Straight road","Level","Not Applicable","Unsealed","Wet","Not Raining","Night","Hit Fixed Object","01","Driver Rider","1: PDO","No Control","Y","",1328363.69,1679171.72,"13283641679172"
"2018-9541-27/05/2021","2 Metropolitan","PENFIELD","5121","CITY OF PLAYFORD.",2,0,0,0,0,2018,"September","Tuesday","08:30 am","080","Not Divided","Straight road","Level","Not Applicable","Sealed","Dry","Not Raining","Daylight","Head On","01","Driver Rider","1: PDO","No Control","","",1332736.99,1696755.54,"13327371696756"
"2018-9542-27/05/2021","2 Metropolitan","UNDERDALE","5032","CITY OF WEST TORRENS",2,0,0,0,0,2018,"September","Friday","10:00 am","060","T-Junction","Straight road","Level","Not Applicable","Sealed","Dry","Not Raining","Daylight","Rear End","02","Driver Rider","1: PDO","No Control","","",1323835.32,1671492.27,"13238351671492"
"2018-9543-27/05/2021","2 Metropolitan","NORTHFIELD","5085","CITY OF PORT ADELAIDE ENFIELD",2,0,0,0,0,2018,"September","Friday","09:30 am","060","Divided Road","Straight road","Level","Not Applicable","Sealed","Dry","Not Raining","Daylight","Side Swipe","01","Driver Rider","1: PDO","No Control","","",1330386.65,1678536.56,"13303871678537"
"2018-9544-27/05/2021","2 Metropolitan","SALISBURY EAST","5109","CITY OF SALISBURY",2,0,0,0,0,2018,"September","Friday","08:35 am","050","Cross Road","Straight road","Level","Not Applicable","Sealed","Dry","Not Raining","Daylight","Right Angle","01","Driver Rider","1: PDO","No Control","","",1334204.02,1685069.42,"13342041685069"
"2018-9545-27/05/2021","2 Metropolitan","MORPHETTVILLE","5043","CC MARION.                    ",2,0,0,0,0,2018,"September","Friday","11:15 am","050","Not Divided","Straight road","Level","Not Applicable","Sealed","Dry","Not Raining","Daylight","Hit Fixed Object","01","Driver Rider","1: PDO","No Control","","",1323148.19,1664712.84,"13231481664713"
"2018-9546-27/05/2021","2 Metropolitan","ELIZABETH VALE","5112","CITY OF PLAYFORD.",2,1,0,0,1,2018,"September","Friday","10:45 am","060","T-Junction","Straight road","Level","Not Applicable","Sealed","Dry","Not Raining","Daylight","Right Angle","02","Driver Rider","2: MI","No Control","","",1335254.54,1690056.88,"13352551690057"
"2018-9547-27/05/2021","2 Metropolitan","KLEMZIG","5087","CITY OF PORT ADELAIDE ENFIELD",2,0,0,0,0,2018,"September","Friday","10:40 am","060","T-Junction","Straight road","Slope","Not Applicable","Sealed","Dry","Not Raining","Daylight","Right Turn","02","Driver Rider","1: PDO","Traffic Signals","","",1331881.33,1675724.54,"13318811675725"
"2018-9548-27/05/2021","2 Metropolitan","URRBRAE","5064","CC MITCHAM.                   ",2,1,0,0,1,2018,"September","Friday","10:35 am","060","Cross Road","Straight road","Level","Not Applicable","Sealed","Dry","Not Raining","Daylight","Hit Pedestrian","02","Pedestrian","2: MI","Traffic Signals","","",1330765.11,1666293.95,"13307651666294"
"2018-9549-27/05/2021","2 Metropolitan","WINGFIELD","5013","CITY OF PORT ADELAIDE ENFIELD",2,0,0,0,0,2018,"September","Thursday","03:10 pm","090","Divided Road","Straight road","Level","Not Applicable","Sealed","Dry","Not Raining","Daylight","Rear End","01","Driver Rider","1: PDO","No Control","","",1326808.05,1681037.44,"13268081681037"
"2018-9550-27/05/2021","2 Metropolitan","FORESTVILLE","5035","CITY OF UNLEY",2,1,0,0,1,2018,"September","Friday","12:00 pm","040","T-Junction","Straight road","Level","Not Applicable","Sealed","Dry","Not Raining","Daylight","Rear End","02","Driver Rider","2: MI","Traffic Signals","","",1326320.33,1668149.85,"13263201668150"
"2018-9551-27/05/2021","2 Metropolitan","PROSPECT","5082","CITY OF PROSPECT",3,1,0,0,1,2018,"September","Friday","11:00 am","060","T-Junction","Straight road","Slope","Not Applicable","Sealed","Dry","Not Raining","Daylight","Rear End","01","Driver Rider","2: MI","No Control","","",1327591.09,1676401.75,"13275911676402"
"2018-9552-27/05/2021","2 Metropolitan","FIRLE","5070","CC OF NORWOOD,PAYNEHAM & ST PETERS",2,1,0,0,1,2018,"September","Friday","12:05 pm","060","T-Junction","Straight road","Level","Not Applicable","Sealed","Dry","Not Raining","Daylight","Right Angle","02","Driver Rider","2: MI","Stop Sign","","",1333828.96,1672697.56,"13338291672698"
"2018-9553-27/05/2021","2 Metropolitan","SHEIDOW PARK","5158","CC MARION.                    ",2,1,0,0,1,2018,"September","Wednesday","10:45 am","080","Cross Road","Straight road","Slope","Not Applicable","Sealed","Dry","Not Raining","Daylight","Rear End","02","Driver Rider","2: MI","Traffic Signals","","",1320343.3,1653904.34,"13203431653904"
"2018-9554-27/05/2021","3 Country","HAYBOROUGH","5211","DC VICTOR HARBOR.             ",2,0,0,0,0,2018,"September","Friday","12:25 pm","050","Cross Road","Straight road","Level","Not Applicable","Sealed","Dry","Not Raining","Daylight","Right Angle","01","Driver Rider","1: PDO","Give Way Sign","","",1330149.58,1603312.4,"13301501603312"
"2018-9555-27/05/2021","2 Metropolitan","WOODVILLE WEST","5011","CITY OF CHARLES STURT",2,0,0,0,0,2018,"September","Friday","01:20 pm","060","Multiple","CURVED, VIEW OPEN","Level","Not Applicable","Sealed","Dry","Not Raining","Daylight","Right Angle","01","Driver Rider","1: PDO","Traffic Signals","","",1322354.24,1676151.89,"13223541676152"
"2018-9556-27/05/2021","2 Metropolitan","LEABROOK","5068","CITY OF BURNSIDE",2,0,0,0,0,2018,"September","Friday","12:00 pm","060","Not Divided","Straight road","Level","Not Applicable","Sealed","Dry","Not Raining","Daylight","Hit Pedestrian","01","Driver Rider","1: PDO","No Control","","",1333124.59,1670439.82,"13331251670440"
"2018-9557-27/05/2021","2 Metropolitan","SALISBURY SOUTH","5106","CITY OF SALISBURY",2,0,0,0,0,2018,"September","Friday","01:30 pm","070","T-Junction","Straight road","Level","Not Applicable","Sealed","Dry","Not Raining","Daylight","Right Angle","02","Driver Rider","1: PDO","No Control","","",1332651.83,1685882.34,"13326521685882"
"2018-9558-27/05/2021","2 Metropolitan","WESTBOURNE PARK","5041","CC MITCHAM.                   ",2,1,0,0,1,2018,"September","Friday","09:30 am","060","Not Divided","Straight road","Level","Not Applicable","Sealed","Dry","Not Raining","Daylight","Side Swipe","02","Driver Rider","2: MI","No Control","","",1327537.28,1665187.14,"13275371665187"
"2018-9559-27/05/2021","2 Metropolitan","WOODVILLE SOUTH","5011","CITY OF CHARLES STURT",2,0,0,0,0,2018,"September","Friday","04:00 pm","060","Divided Road","Straight road","Level","Not Applicable","Sealed","Dry","Not Raining","Daylight","Rear End","01","Driver Rider","1: PDO","No Control","","",1322386.98,1676124.73,"13223871676125"
"2018-9560-27/05/2021","3 Country","PORT AUGUSTA","5700","CC PT.AUGUSTA.                ",2,0,0,0,0,2018,"September","Friday","04:00 pm","050","Not Divided","Straight road","Level","Driveway or Entrance","Sealed","Dry","Not Raining","Daylight","Hit Fixed Object","01","Driver Rider","1: PDO","No Control","","",1260804.84,1939882.86,"12608051939883"
"2018-9561-27/05/2021","2 Metropolitan","WINDSOR GARDENS","5087","CITY OF PORT ADELAIDE ENFIELD",3,0,0,0,0,2018,"September","Thursday","05:50 pm","060","T-Junction","Straight road","Level","Not Applicable","Sealed","Dry","Not Raining","Daylight","Right Angle","02","Driver Rider","1: PDO","No Control","","",1334451.3,1678022.32,"13344511678022"
"2018-9562-27/05/2021","2 Metropolitan","WINGFIELD","5013","CITY OF PORT ADELAIDE ENFIELD",3,0,0,0,0,2018,"September","Friday","05:20 pm","080","Divided Road","Straight road","Level","Roadworks","Sealed","Dry","Not Raining","Daylight","Rear End","01","Driver Rider","1: PDO","No Control","","",1326807.07,1681037.5,"13268071681038"
"2018-9563-27/05/2021","2 Metropolitan","WINGFIELD","5013","CITY OF PORT ADELAIDE ENFIELD",2,0,0,0,0,2018,"September","Friday","05:50 pm","080","Divided Road","Straight road","Level","Roadworks","Sealed","Dry","Not Raining","Daylight","Rear End","01","Driver Rider","1: PDO","No Control","","",1326791.66,1681038.46,"13267921681038"
"2018-9564-27/05/2021","2 Metropolitan","MITCHELL PARK","5043","CC MARION.                    ",4,0,0,0,0,2018,"September","Friday","03:26 pm","050","T-Junction","Straight road","Level","Not Applicable","Sealed","Dry","Not Raining","Daylight","Side Swipe","02","Driver Rider","1: PDO","No Control","","",1324868.14,1662192.58,"13248681662193"
"2018-9565-27/05/2021","1 City","ADELAIDE","5000","CITY OF ADELAIDE",5,1,0,0,1,2018,"September","Friday","03:05 pm","050","T-Junction","Straight road","Level","Not Applicable","Sealed","Dry","Not Raining","Daylight","Side Swipe","01","Driver Rider","2: MI","Traffic Signals","","",1329012.15,1671159.87,"13290121671160"
"2018-9566-27/05/2021","2 Metropolitan","MAGILL","5072","CITY OF BURNSIDE",1,0,0,0,0,2018,"September","Friday","03:20 pm","060","T-Junction","Straight road","Level","Not Applicable","Sealed","Dry","Not Raining","Daylight","Roll Over","09","Other","1: PDO","No Control","","",1335491.3,1671534.09,"13354911671534"
"2018-9567-27/05/2021","2 Metropolitan","CRAIGMORE","5114","CITY OF PLAYFORD.",2,0,0,0,0,2018,"September","Friday","07:15 pm","050","Not Divided","Straight road","Level","Not Applicable","Sealed","Dry","Not Raining","Night","Hit Parked Vehicle","01","Driver Rider","1: PDO","No Control","","",1339603.13,1696082.84,"13396031696083"
"2018-9568-27/05/2021","2 Metropolitan","CAMPBELLTOWN","5074","CC CAMPBELLTOWN.              ",2,0,0,0,0,2018,"September","Friday","08:00 am","060","Divided Road","Straight road","Level","Not Applicable","Sealed","Dry","Not Raining","Daylight","Side Swipe","02","Driver Rider","1: PDO","No Control","","",1333838.28,1674512.85,"13338381674513"
"2018-9569-27/05/2021","2 Metropolitan","STIRLING","5152","THE ADELAIDE HILLS COUNCIL",2,0,0,0,0,2018,"September","Friday","05:05 pm","050","T-Junction","CURVED, VIEW OPEN","Slope","Not Applicable","Sealed","Dry","Not Raining","Daylight","Hit Fixed Object","01","Driver Rider","1: PDO","Roundabout","","",1338061.22,1661760.39,"13380611661760"
"2018-9570-27/05/2021","2 Metropolitan","FINDON","5023","CITY OF CHARLES STURT",2,0,0,0,0,2018,"September","Friday","07:10 pm","060","Cross Road","Straight road","Level","Not Applicable","Sealed","Dry","Not Raining","Night","Right Angle","01","Driver Rider","1: PDO","Traffic Signals","","",1322391.64,1674259.27,"13223921674259"
"2018-9571-27/05/2021","2 Metropolitan","KINGSWOOD","5062","CC MITCHAM.                   ",2,0,0,0,0,2018,"September","Friday","08:05 pm","050","Not Divided","Straight road","Level","Not Applicable","Sealed","Dry","Not Raining","Night","Hit Parked Vehicle","01","Driver Rider","1: PDO","No Control","","",1329659.35,1665828.72,"13296591665829"
"2018-9572-27/05/2021","2 Metropolitan","ROSSLYN PARK","5072","CITY OF BURNSIDE",2,0,0,0,0,2018,"September","Saturday","12:50 pm","050","Cross Road","Straight road","Level","Not Applicable","Sealed","Dry","Not Raining","Daylight","Hit Parked Vehicle","01","Driver Rider","1: PDO","No Control","Y","",1335374.13,1670582.1,"13353741670582"
"2018-9573-27/05/2021","2 Metropolitan","NAILSWORTH","5083","CITY OF PROSPECT",2,0,0,0,0,2018,"September","Friday","07:54 pm","060","T-Junction","Straight road","Level","Not Applicable","Sealed","Dry","Not Raining","Night","Right Angle","02","Driver Rider","1: PDO","No Control","","",1328917.57,1674760.92,"13289181674761"
"2018-9574-27/05/2021","2 Metropolitan","KURRALTA PARK","5037","CITY OF WEST TORRENS",2,0,0,0,0,2018,"September","Friday","03:50 pm","060","Divided Road","Straight road","Level","Not Applicable","Sealed","Dry","Not Raining","Daylight","Rear End","02","Driver Rider","1: PDO","No Control","","",1325812.18,1668379.58,"13258121668380"
"2018-9575-27/05/2021","2 Metropolitan","GOLDEN GROVE","5125","CITY OF TEA TREE GULLY",3,0,0,0,0,2018,"September","Friday","08:36 pm","060","Cross Road","Straight road","Slope","Not Applicable","Sealed","Dry","Not Raining","Night","Right Angle","01","Driver Rider","1: PDO","Traffic Signals","","",1337848.99,1685515,"13378491685515"
"2018-9576-27/05/2021","2 Metropolitan","REDWOOD PARK","5097","CITY OF TEA TREE GULLY",2,0,0,0,0,2018,"September","Friday","11:55 pm","070","Divided Road","Straight road","Level","Not Applicable","Sealed","Dry","Not Raining","Night","Hit Fixed Object","01","Driver Rider","1: PDO","No Control","","",1337680.32,1683053.27,"13376801683053"
"2018-9577-27/05/2021","2 Metropolitan","STEPNEY","5069","CC OF NORWOOD,PAYNEHAM & ST PETERS",2,0,0,0,0,2018,"September","Friday","11:15 pm","060","Multiple","Straight road","Level","Not Applicable","Sealed","Dry","Not Raining","Night","Right Turn","01","Driver Rider","1: PDO","Traffic Signals","","",1330600.73,1671714.93,"13306011671715"
"2018-9578-27/05/2021","3 Country","NEW TOWN","5554","COPPER COAST DISTRICT COUNCIL",2,2,0,0,2,2018,"September","Friday","10:50 pm","050","Not Divided","Straight road","Level","Not Applicable","Sealed","Dry","Not Raining","Night","Hit Pedestrian","02","Pedestrian","2: MI","No Control","","",1248764.53,1780248.43,"12487651780248"
"2018-9579-27/05/2021","2 Metropolitan","MORPHETT VALE","5162","CITY OF ONKAPARINGA",2,0,0,0,0,2018,"September","Friday","10:50 pm","060","Cross Road","Straight road","Level","Roadworks","Sealed","Wet","Raining","Night","Right Turn","02","Driver Rider","1: PDO","Traffic Signals","","",1320740.53,1651017.75,"13207411651018"
"2018-9580-27/05/2021","1 City","NORTH ADELAIDE","5006","CITY OF ADELAIDE",3,0,0,0,0,2018,"September","Saturday","03:20 am","050","Not Divided","Straight road","Level","Not Applicable","Sealed","Wet","Raining","Night","Hit Parked Vehicle","01","Driver Rider","1: PDO","No Control","Y","",1327875.97,1672407.21,"13278761672407"
"2018-9581-27/05/2021","2 Metropolitan","LYNTON","5062","CC MITCHAM.                   ",2,1,0,0,1,2018,"September","Saturday","01:50 am","060","Not Divided","CURVED, VIEW OPEN","Slope","Not Applicable","Sealed","Wet","Raining","Night","Hit Fixed Object","01","Driver Rider","2: MI","No Control","","",1328931.46,1662468.49,"13289311662468"
"2018-9582-27/05/2021","2 Metropolitan","PORT NOARLUNGA","5167","CITY OF ONKAPARINGA",2,0,0,0,0,2018,"September","Saturday","04:00 am","050","Not Divided","Straight road","Level","Not Applicable","Sealed","Wet","Raining","Night","Hit Fixed Object","01","Driver Rider","1: PDO","No Control","","",1317128.86,1646940.07,"13171291646940"
"2018-9583-27/05/2021","2 Metropolitan","WINDSOR GARDENS","5087","CITY OF PORT ADELAIDE ENFIELD",2,0,0,0,0,2018,"September","Saturday","12:15 am","060","T-Junction","CURVED, VIEW OPEN","Level","Not Applicable","Sealed","Wet","Raining","Night","Hit Pedestrian","01","Driver Rider","1: PDO","Traffic Signals","","",1333433.85,1677755.39,"13334341677755"
"2018-9584-27/05/2021","2 Metropolitan","KILBURN","5084","CITY OF PORT ADELAIDE ENFIELD",2,0,0,0,0,2018,"September","Saturday","06:55 am","060","T-Junction","Straight road","Level","Not Applicable","Sealed","Wet","Raining","Daylight","Hit Fixed Object","01","Driver Rider","1: PDO","No Control","","",1327189.08,1678616.25,"13271891678616"
"2018-9585-27/05/2021","2 Metropolitan","SALISBURY EAST","5109","CITY OF SALISBURY",2,0,0,0,0,2018,"September","Saturday","06:30 am","060","Cross Road","Straight road","Bottom of Hill","Not Applicable","Sealed","Wet","Raining","Daylight","Rear End","01","Driver Rider","1: PDO","Traffic Signals","","",1334182.03,1684642.83,"13341821684643"
"2018-9586-27/05/2021","2 Metropolitan","LONGWOOD","5153","THE ADELAIDE HILLS COUNCIL",2,0,0,0,0,2018,"September","Friday","05:15 pm","080","Not Divided","Straight road","Slope","Driveway or Entrance","Sealed","Dry","Not Raining","Daylight","Right Angle","01","Driver Rider","1: PDO","No Control","","",1339973.72,1657294.15,"13399741657294"
"2018-9587-27/05/2021","3 Country","MURRAY BRIDGE","5253","RC MURRAY BRIDGE.             ",2,0,0,0,0,2018,"September","Saturday","10:00 am","050","Not Divided","Straight road","Level","Not Applicable","Sealed","Dry","Not Raining","Daylight","Hit Parked Vehicle","02","Driver Rider","1: PDO","No Control","","",1388218.13,1646627.94,"13882181646628"
"2018-9588-27/05/2021","2 Metropolitan","MORPHETT VALE","5162","CITY OF ONKAPARINGA",2,0,0,0,0,2018,"September","Saturday","11:31 am","060","T-Junction","Straight road","Level","Not Applicable","Sealed","Dry","Not Raining","Daylight","Right Angle","01","Driver Rider","1: PDO","No Control","","",1322937.47,1649915.42,"13229371649915"
"2018-9589-27/05/2021","2 Metropolitan","FLINDERS PARK","5025","CITY OF CHARLES STURT",2,0,0,0,0,2018,"September","Saturday","11:31 am","060","Cross Road","Straight road","Level","Not Applicable","Sealed","Dry","Not Raining","Daylight","Right Turn","01","Driver Rider","1: PDO","Give Way Sign","","",1322984.58,1673142.4,"13229851673142"
"2018-9590-27/05/2021","2 Metropolitan","MOUNT BARKER","5251","DC MT.BARKER.                 ",2,1,0,0,1,2018,"September","Saturday","03:38 pm","060","Cross Road","Straight road","Level","Not Applicable","Sealed","Dry","Not Raining","Daylight","Right Turn","01","Driver Rider","2: MI","Traffic Signals","","",1351314.75,1654262.86,"13513151654263"
"2018-9591-27/05/2021","2 Metropolitan","YATTALUNGA","5114","CITY OF PLAYFORD.",2,1,0,0,1,2018,"September","Saturday","12:20 pm","080","Not Divided","Straight road","Slope","Driveway or Entrance","Sealed","Dry","Not Raining","Daylight","Rear End","01","Driver Rider","2: MI","No Control","","",1344802.52,1696271.92,"13448031696272"
"2018-9592-27/05/2021","1 City","ADELAIDE","5000","CITY OF ADELAIDE",2,0,0,0,0,2018,"September","Friday","05:00 pm","050","Cross Road","Straight road","Level","Not Applicable","Sealed","Dry","Not Raining","Daylight","Right Angle","01","Driver Rider","1: PDO","Stop Sign","","",1329914.07,1669763.33,"13299141669763"
"2018-9593-27/05/2021","2 Metropolitan","KANAGARILLA","5157","CITY OF ONKAPARINGA",2,1,0,0,1,2018,"September","Saturday","12:56 pm","080","T-Junction","CURVED, VIEW OBSCURED","Crest of Hill","Not Applicable","Sealed","Dry","Not Raining","Daylight","Side Swipe","01","Driver Rider","2: MI","Stop Sign","","Y",1331688,1648572.56,"13316881648573"
"2018-9594-27/05/2021","2 Metropolitan","COWANDILLA","5033","CITY OF WEST TORRENS",2,0,0,0,0,2018,"September","Saturday","01:25 pm","050","Not Divided","Straight road","Level","Not Applicable","Sealed","Dry","Not Raining","Daylight","Hit Fixed Object","01","Driver Rider","1: PDO","No Control","","",1324496.04,1669892.32,"13244961669892"
"2018-9595-27/05/2021","2 Metropolitan","ANDREWS FARM","5114","CITY OF PLAYFORD.",3,0,0,0,0,2018,"September","Saturday","01:20 pm","060","Not Divided","Straight road","Level","Not Applicable","Sealed","Dry","Not Raining","Daylight","Hit Parked Vehicle","01","Driver Rider","1: PDO","No Control","","",1335057.18,1696858.23,"13350571696858"
"2018-9596-27/05/2021","1 City","ADELAIDE","5000","CITY OF ADELAIDE",2,2,0,0,2,2018,"September","Saturday","01:25 pm","060","T-Junction","Straight road","Level","Not Applicable","Sealed","Dry","Not Raining","Daylight","Rear End","02","Driver Rider","2: MI","Traffic Signals","","",1327359.49,1670486.3,"13273591670486"
"2018-9597-27/05/2021","2 Metropolitan","NORTHFIELD","5085","CITY OF PORT ADELAIDE ENFIELD",2,0,0,0,0,2018,"August","Sunday","07:20 pm","060","Divided Road","Straight road","Level","Not Applicable","Sealed","Dry","Not Raining","Night","Hit Fixed Object","01","Driver Rider","1: PDO","No Control","Y","",1330390.38,1678427.49,"13303901678427"
"2018-9598-27/05/2021","2 Metropolitan","ROSTREVOR","5073","CC CAMPBELLTOWN.              ",2,0,0,0,0,2018,"September","Saturday","01:00 pm","060","T-Junction","Straight road","Level","Not Applicable","Sealed","Dry","Not Raining","Daylight","Side Swipe","02","Driver Rider","1: PDO","No Control","","",1335436.67,1673578.43,"13354371673578"
"2018-9599-27/05/2021","2 Metropolitan","CROMER","5235","THE ADELAIDE HILLS COUNCIL",2,3,0,0,3,2018,"September","Saturday","01:58 pm","100","Cross Road","Straight road","Level","Not Applicable","Sealed","Wet","Raining","Daylight","Right Angle","02","Driver Rider","2: MI","Give Way Sign","","",1361394.91,1684498.8,"13613951684499"
"2018-9600-27/05/2021","2 Metropolitan","KILBURN","5084","CITY OF PORT ADELAIDE ENFIELD",2,2,0,0,2,2018,"September","Saturday","01:00 pm","060","Cross Road","Straight road","Level","Not Applicable","Sealed","Dry","Not Raining","Daylight","Rear End","01","Driver Rider","2: MI","No Control","","Y",1327202.06,1678013.88,"13272021678014"
"2018-9601-27/05/2021","2 Metropolitan","WHITES VALLEY","5172","CITY OF ONKAPARINGA",2,0,0,0,0,2018,"September","Saturday","02:00 pm","080","Cross Road","Straight road","Level","Not Applicable","Sealed","Dry","Not Raining","Daylight","Right Angle","01","Driver Rider","1: PDO","Give Way Sign","","",1320078.81,1634748.22,"13200791634748"
"2018-9602-27/05/2021","2 Metropolitan","GREENACRES","5086","CITY OF PORT ADELAIDE ENFIELD",2,1,0,0,1,2018,"September","Saturday","03:32 pm","050","T-Junction","Straight road","Level","Not Applicable","Sealed","Dry","Not Raining","Daylight","Right Turn","02","Driver Rider","2: MI","No Control","","",1332085.16,1676827,"13320851676827"
"2018-9603-27/05/2021","1 City","ADELAIDE","5000","CITY OF ADELAIDE",2,0,0,0,0,2018,"September","Saturday","03:20 pm","050","Not Divided","Straight road","Level","Not Applicable","Sealed","Dry","Not Raining","Daylight","Side Swipe","01","Driver Rider","1: PDO","No Control","","",1329097.62,1670534.43,"13290981670534"
"2018-9604-27/05/2021","2 Metropolitan","CRAFERS","5152","THE ADELAIDE HILLS COUNCIL",2,0,0,0,0,2018,"September","Saturday","02:50 pm","060","Cross Road","CURVED, VIEW OPEN","Level","Not Applicable","Sealed","Wet","Not Raining","Daylight","Right Angle","02","Driver Rider","1: PDO","Roundabout","","",1337615.75,1662454.93,"13376161662455"
"2018-9605-27/05/2021","3 Country","HAINES","5223","KANGAROO ISLAND COUNCIL",2,2,0,0,2,2018,"September","Saturday","01:00 am","100","Not Divided","CURVED, VIEW OPEN","Level","Not Applicable","Unsealed","Dry","Not Raining","Night","Roll Over","01","Driver Rider","2: MI","No Control","Y","",1244170.43,1571309.47,"12441701571309"
"2018-9606-27/05/2021","2 Metropolitan","MOUNT BARKER","5251","DC MT.BARKER.                 ",3,0,0,0,0,2018,"September","Saturday","04:20 pm","060","Divided Road","Straight road","Level","Not Applicable","Sealed","Dry","Not Raining","Daylight","Rear End","01","Driver Rider","1: PDO","No Control","","",1351284.56,1654315.66,"13512851654316"
"2018-9607-27/05/2021","1 City","NORTH ADELAIDE","5006","CITY OF ADELAIDE",3,0,0,0,0,2018,"September","Saturday","07:45 am","050","T-Junction","Straight road","Level","Not Applicable","Sealed","Wet","Raining","Daylight","Rear End","01","Driver Rider","1: PDO","Traffic Signals","","",1328616.56,1672152.86,"13286171672153"