"REPORT_ID","Stats Area","Suburb","Postcode","LGA Name","Total Units","Total Cas","Total Fats","Total SI","Total MI","Year","Month","Day","Time","Area Speed","Position Type","Horizontal Align","Vertical Align","Other Feat","Road Surface","Moisture Cond","Weather Cond","DayNight","Crash Type","Unit Resp","Entity Code","CSEF Severity","Traffic Ctrls","DUI Involved","Drugs Involved","ACCLOC_X","ACCLOC_Y","UNIQUE_LOC"
"2018-10486-27/05/2021","3 Country","KAROONDA","5307","DC KAROONDA EAST MURRAY.      ",2,1,0,1,0,2018,"October","Monday","02:15 pm","110","Not Divided","Straight road","Level","Not Applicable","Sealed","Dry","Not Raining","Daylight","Hit Fixed Object","01","Driver Rider","3: SI","No Control","","",1448322.65,1649357.1,"14483231649357"
"2018-10487-27/05/2021","2 Metropolitan","CRAFERS WEST","5152","THE ADELAIDE HILLS COUNCIL",2,0,0,0,0,2018,"October","Tuesday","08:50 am","090","Interchange","Straight road","Level","Not Applicable","Sealed","Wet","Raining","Daylight","Rear End","02","Driver Rider","1: PDO","No Control","","",1337135,1662792.12,"13371351662792"
"2018-10488-27/05/2021","2 Metropolitan","MOUNT BARKER","5251","DC MT.BARKER.                 ",2,0,0,0,0,2018,"October","Tuesday","09:40 am","060","Cross Road","Straight road","Level","Not Applicable","Sealed","Wet","Raining","Daylight","Right Turn","02","Driver Rider","1: PDO","Traffic Signals","","",1351314.75,1654262.86,"13513151654263"
"2018-10489-27/05/2021","2 Metropolitan","OVINGHAM","5082","CITY OF CHARLES STURT",2,1,0,0,1,2018,"October","Tuesday","08:20 am","060","Cross Road","CURVED, VIEW OPEN","Level","Not Applicable","Sealed","Dry","Not Raining","Daylight","Rear End","02","Driver Rider","2: MI","Traffic Signals","","",1327131.58,1673269.49,"13271321673269"
"2018-10490-27/05/2021","2 Metropolitan","WATERLOO CORNER","5110","CITY OF SALISBURY",2,0,0,0,0,2018,"October","Monday","02:30 pm","090","Divided Road","Straight road","Level","Not Applicable","Sealed","Dry","Not Raining","Daylight","Side Swipe","01","Driver Rider","1: PDO","No Control","","",1327216.35,1693710.93,"13272161693711"
"2018-10491-27/05/2021","2 Metropolitan","COLONEL LIGHT GARDENS","5041","CC MITCHAM.                   ",2,1,0,0,1,2018,"October","Tuesday","12:00 pm","050","Cross Road","Straight road","Level","Not Applicable","Sealed","Wet","Raining","Daylight","Right Angle","02","Driver Rider","2: MI","Give Way Sign","","",1328185.43,1664451.64,"13281851664452"
"2018-10492-27/05/2021","1 City","ADELAIDE","5000","CITY OF ADELAIDE",2,0,0,0,0,2018,"October","Tuesday","12:05 pm","050","Divided Road","Straight road","Level","Driveway or Entrance","Sealed","Wet","Raining","Daylight","Rear End","01","Driver Rider","1: PDO","No Control","","",1327891.52,1670330.67,"13278921670331"
"2018-10493-27/05/2021","2 Metropolitan","MORPHETT VALE","5162","CITY OF ONKAPARINGA",2,0,0,0,0,2018,"October","Tuesday","01:26 pm","060","T-Junction","Straight road","Level","Not Applicable","Sealed","Wet","Not Raining","Daylight","Right Angle","01","Driver Rider","1: PDO","Stop Sign","","",1320315.28,1651007.34,"13203151651007"
"2018-10494-27/05/2021","2 Metropolitan","WINGFIELD","5013","CITY OF PORT ADELAIDE ENFIELD",2,1,0,0,1,2018,"October","Tuesday","12:22 pm","050","Not Divided","Straight road","Slope","Not Applicable","Sealed","Dry","Not Raining","Daylight","Right Angle","01","Driver Rider","2: MI","No Control","","",1323897.51,1679798.62,"13238981679799"
"2018-10495-27/05/2021","2 Metropolitan","GLENELG EAST","5045","CITY OF HOLDFAST BAY",2,0,0,0,0,2018,"October","Monday","03:30 pm","060","Not Divided","Straight road","Level","Not Applicable","Sealed","Dry","Not Raining","Daylight","Rear End","02","Driver Rider","1: PDO","No Control","","",1321022.04,1664862.22,"13210221664862"
"2018-10496-27/05/2021","2 Metropolitan","MOUNT BARKER","5251","DC MT.BARKER.                 ",2,3,0,0,3,2018,"October","Tuesday","12:30 pm","050","Not Divided","Straight road","Level","Driveway or Entrance","Sealed","Wet","Raining","Daylight","Rear End","02","Driver Rider","2: MI","No Control","","",1352189.04,1653342.59,"13521891653343"
"2018-10497-27/05/2021","3 Country","COCKATOO VALLEY","5351","THE BAROSSA COUNCIL.",3,0,0,0,0,2018,"October","Tuesday","01:54 pm","080","Not Divided","Straight road","Level","Not Applicable","Sealed","Dry","Not Raining","Daylight","Hit Fixed Object","01","Driver Rider","1: PDO","No Control","","",1350834.4,1704937.82,"13508341704938"
"2018-10498-27/05/2021","3 Country","MOUNT GAMBIER","5290","CC MT.GAMBIER.                ",3,0,0,0,0,2018,"October","Tuesday","01:55 pm","050","Not Divided","Straight road","Level","Not Applicable","Sealed","Wet","Not Raining","Daylight","Rear End","02","Driver Rider","1: PDO","No Control","","",1510091.86,1339935.84,"15100921339936"
"2018-10499-27/05/2021","3 Country","WILD HORSE PLAINS","5501","DC MALLALA.                   ",1,0,0,0,0,2018,"October","Tuesday","10:15 am","110","Not Divided","Straight road","Level","Not Applicable","Sealed","Dry","Not Raining","Daylight","Left Road - Out of Control","01","Driver Rider","1: PDO","No Control","","",1302956.99,1732313.68,"13029571732314"
"2018-10500-27/05/2021","3 Country","BUNGAREE","5464","CLARE AND GILBERT VALLEYS DISTRICT COUNCIL",1,1,0,0,1,2018,"October","Tuesday","12:38 pm","100","Not Divided","CURVED, VIEW OPEN","Level","Not Applicable","Sealed","Wet","Raining","Daylight","Roll Over","01","Driver Rider","2: MI","No Control","","",1331229.48,1804310.74,"13312291804311"
"2018-10501-27/05/2021","2 Metropolitan","WEST HINDMARSH","5007","CITY OF CHARLES STURT",3,0,0,0,0,2018,"October","Tuesday","01:56 pm","050","Not Divided","Straight road","Level","Not Applicable","Sealed","Dry","Not Raining","Daylight","Head On","02","Driver Rider","1: PDO","No Control","","",1325309.55,1673495.85,"13253101673496"
"2018-10502-27/05/2021","2 Metropolitan","ST MARYS","5042","CC MITCHAM.                   ",3,0,0,0,0,2018,"October","Tuesday","03:34 pm","050","T-Junction","Straight road","Level","Not Applicable","Sealed","Wet","Raining","Daylight","Right Turn","01","Driver Rider","1: PDO","No Control","","",1326586.82,1662312.49,"13265871662312"
"2018-10503-27/05/2021","2 Metropolitan","FLAGSTAFF HILL","5159","CITY OF ONKAPARINGA",3,0,0,0,0,2018,"October","Tuesday","03:40 pm","070","T-Junction","Straight road","Level","Not Applicable","Sealed","Wet","Raining","Daylight","Rear End","01","Driver Rider","1: PDO","Traffic Signals","","",1325387.85,1657544.26,"13253881657544"
"2018-10504-27/05/2021","2 Metropolitan","PARKSIDE","5063","CITY OF UNLEY",2,0,0,0,0,2018,"October","Tuesday","02:00 pm","060","Cross Road","Straight road","Level","Not Applicable","Sealed","Wet","Raining","Daylight","Rear End","02","Driver Rider","1: PDO","Traffic Signals","","",1330707.08,1668319.59,"13307071668320"
"2018-10505-27/05/2021","2 Metropolitan","MORPHETT VALE","5162","CITY OF ONKAPARINGA",2,0,0,0,0,2018,"October","Tuesday","03:15 pm","060","T-Junction","Straight road","Level","Not Applicable","Sealed","Wet","Not Raining","Daylight","Rear End","02","Driver Rider","1: PDO","No Control","","",1321457.29,1648713.69,"13214571648714"
"2018-10506-27/05/2021","2 Metropolitan","GLYNDE","5070","CC OF NORWOOD,PAYNEHAM & ST PETERS",2,1,0,0,1,2018,"October","Tuesday","02:00 pm","060","T-Junction","Straight road","Level","Not Applicable","Sealed","Wet","Raining","Daylight","Right Angle","01","Driver Rider","2: MI","No Control","","",1333805.16,1673647.41,"13338051673647"
"2018-10507-27/05/2021","2 Metropolitan","MAWSON LAKES","5095","CITY OF SALISBURY",2,0,0,0,0,2018,"October","Tuesday","04:30 pm","080","Divided Road","Straight road","Level","Not Applicable","Sealed","Dry","Not Raining","Daylight","Side Swipe","02","Driver Rider","1: PDO","No Control","","",1331294.6,1682870.17,"13312951682870"
"2018-10508-27/05/2021","2 Metropolitan","RICHMOND","5033","CITY OF WEST TORRENS",2,1,0,0,1,2018,"October","Tuesday","03:20 pm","060","T-Junction","Straight road","Level","Not Applicable","Sealed","Wet","Raining","Daylight","Right Turn","01","Driver Rider","2: MI","Stop Sign","","",1325770.23,1669854.14,"13257701669854"
"2018-10509-27/05/2021","2 Metropolitan","GREENWITH","5125","CITY OF TEA TREE GULLY",2,0,0,0,0,2018,"October","Tuesday","05:40 pm","060","Not Divided","Straight road","Level","Not Applicable","Sealed","Wet","Raining","Daylight","Hit Fixed Object","01","Driver Rider","1: PDO","No Control","","",1339726.74,1687081.14,"13397271687081"
"2018-10510-27/05/2021","2 Metropolitan","MEADOWS","5201","DC MT.BARKER.                 ",2,1,0,0,1,2018,"October","Tuesday","04:15 pm","080","Not Divided","Straight road","Level","Not Applicable","Sealed","Wet","Raining","Daylight","Right Turn","01","Driver Rider","2: MI","No Control","","",1341799.34,1642680.66,"13417991642681"
"2018-10511-27/05/2021","2 Metropolitan","POORAKA","5095","CITY OF SALISBURY",2,0,0,0,0,2018,"October","Tuesday","06:23 pm","050","T-Junction","Straight road","Level","Not Applicable","Sealed","Dry","Not Raining","Daylight","Hit Fixed Object","01","Driver Rider","1: PDO","No Control","","",1330028.67,1680927.3,"13300291680927"
"2018-10512-27/05/2021","2 Metropolitan","WYNN VALE","5127","CITY OF TEA TREE GULLY",4,0,0,0,0,2018,"October","Tuesday","05:30 pm","060","Not Divided","Straight road","Slope","Not Applicable","Sealed","Dry","Not Raining","Daylight","Rear End","01","Driver Rider","1: PDO","No Control","","",1338875.19,1684689.24,"13388751684689"
"2018-10513-27/05/2021","2 Metropolitan","LONSDALE","5160","CITY OF ONKAPARINGA",2,0,0,0,0,2018,"October","Tuesday","03:25 pm","070","T-Junction","Straight road","Level","Not Applicable","Sealed","Wet","Raining","Daylight","Right Angle","01","Driver Rider","1: PDO","No Control","","",1318880.3,1650962.38,"13188801650962"
"2018-10514-27/05/2021","2 Metropolitan","MILLBROOK","5231","THE ADELAIDE HILLS COUNCIL",2,0,0,0,0,2018,"October","Tuesday","06:30 pm","080","Not Divided","CURVED, VIEW OBSCURED","Slope","Not Applicable","Sealed","Wet","Raining","Daylight","Hit Fixed Object","01","Driver Rider","1: PDO","No Control","","",1348040.54,1682322.84,"13480411682323"
"2018-10515-27/05/2021","2 Metropolitan","WEST LAKES","5021","CITY OF CHARLES STURT",2,0,0,0,0,2018,"October","Wednesday","06:20 am","060","Cross Road","Straight road","Level","Not Applicable","Sealed","Dry","Not Raining","Night","Right Angle","02","Driver Rider","1: PDO","Traffic Signals","","",1319886.59,1678300.06,"13198871678300"
"2018-10516-27/05/2021","2 Metropolitan","DERNANCOURT","5075","CITY OF TEA TREE GULLY",2,1,0,1,0,2018,"October","Wednesday","07:51 am","060","T-Junction","CURVED, VIEW OPEN","Slope","Not Applicable","Sealed","Dry","Not Raining","Daylight","Right Angle","02","Driver Rider","3: SI","No Control","","",1336795.71,1677863.88,"13367961677864"
"2018-10517-27/05/2021","2 Metropolitan","HAWTHORNDENE","5051","CC MITCHAM.                   ",2,1,0,0,1,2018,"October","Wednesday","09:00 am","060","Cross Road","CURVED, VIEW OBSCURED","Slope","Not Applicable","Sealed","Dry","Not Raining","Daylight","Right Angle","01","Driver Rider","2: MI","Give Way Sign","","",1330152.95,1659737.73,"13301531659738"
"2018-10518-27/05/2021","2 Metropolitan","NETHERBY","5062","CC MITCHAM.                   ",2,0,0,0,0,2018,"October","Monday","04:30 pm","050","Cross Road","Straight road","Level","Not Applicable","Sealed","Dry","Not Raining","Daylight","Right Angle","02","Driver Rider","1: PDO","Give Way Sign","","",1330407.08,1665328.41,"13304071665328"
"2018-10519-27/05/2021","2 Metropolitan","CHANDLERS HILL","5159","CITY OF ONKAPARINGA",3,1,0,0,1,2018,"October","Wednesday","10:00 am","070","T-Junction","Straight road","Level","Not Applicable","Sealed","Dry","Not Raining","Daylight","Roll Over","01","Driver Rider","2: MI","Give Way Sign","","Y",1330463.74,1654360.82,"13304641654361"
"2018-10520-27/05/2021","3 Country","NURIOOTPA","5355","THE BAROSSA COUNCIL.",2,0,0,0,0,2018,"October","Wednesday","10:45 am","050","T-Junction","Straight road","Level","Not Applicable","Sealed","Dry","Not Raining","Daylight","Right Turn","02","Driver Rider","1: PDO","No Control","","",1366318.69,1719576.56,"13663191719577"
"2018-10521-27/05/2021","2 Metropolitan","HAWTHORN","5062","CC MITCHAM.                   ",2,0,0,0,0,2018,"October","Wednesday","11:53 am","060","Cross Road","Straight road","Level","Not Applicable","Sealed","Dry","Not Raining","Daylight","Right Turn","01","Driver Rider","1: PDO","Stop Sign","","Y",1328577.62,1666238.33,"13285781666238"
"2018-10522-27/05/2021","2 Metropolitan","STURT","5047","CC MARION.                    ",2,1,0,0,1,2018,"October","Wednesday","12:20 pm","060","T-Junction","Straight road","Level","Not Applicable","Sealed","Dry","Not Raining","Daylight","Right Turn","01","Driver Rider","2: MI","No Control","","",1323837.15,1660658.2,"13238371660658"
"2018-10523-27/05/2021","1 City","ADELAIDE","5000","CITY OF ADELAIDE",2,0,0,0,0,2018,"October","Tuesday","12:45 pm","050","Not Divided","Straight road","Level","Not Applicable","Sealed","Dry","Not Raining","Daylight","Side Swipe","02","Driver Rider","1: PDO","No Control","","",1327674.76,1670010.73,"13276751670011"
"2018-10524-27/05/2021","2 Metropolitan","ELIZABETH VALE","5112","CITY OF PLAYFORD.",2,1,0,0,1,2018,"October","Wednesday","11:31 am","080","T-Junction","Straight road","Level","Not Applicable","Sealed","Dry","Not Raining","Daylight","Rear End","02","Driver Rider","2: MI","Traffic Signals","","",1336141.79,1690279.18,"13361421690279"
"2018-10525-27/05/2021","2 Metropolitan","WINGFIELD","5013","CITY OF PORT ADELAIDE ENFIELD",2,0,0,0,0,2018,"October","Wednesday","12:50 pm","060","T-Junction","Straight road","Level","Not Applicable","Sealed","Dry","Not Raining","Daylight","Side Swipe","02","Driver Rider","1: PDO","No Control","","",1324703.44,1679182.3,"13247031679182"
"2018-10526-27/05/2021","2 Metropolitan","REYNELLA","5161","CITY OF ONKAPARINGA",2,1,0,0,1,2018,"October","Wednesday","01:00 pm","050","Not Divided","CURVED, VIEW OBSCURED","Crest of Hill","Not Applicable","Sealed","Dry","Not Raining","Daylight","Hit Fixed Object","01","Driver Rider","2: MI","No Control","","Y",1321350.09,1651612.12,"13213501651612"
"2018-10527-27/05/2021","2 Metropolitan","TROTT PARK","5158","CC MARION.                    ",2,0,0,0,0,2018,"October","Wednesday","09:58 am","060","T-Junction","Straight road","Crest of Hill","Not Applicable","Sealed","Dry","Not Raining","Daylight","Hit Fixed Object","01","Driver Rider","1: PDO","Give Way Sign","","",1322161.67,1654194.52,"13221621654195"
"2018-10528-27/05/2021","2 Metropolitan","PARA HILLS WEST","5096","CITY OF SALISBURY",2,1,0,0,1,2018,"October","Tuesday","08:15 pm","070","T-Junction","CURVED, VIEW OPEN","Level","Not Applicable","Sealed","Dry","Not Raining","Night","Right Angle","01","Driver Rider","2: MI","Give Way Sign","","",1332718.48,1682786.02,"13327181682786"
"2018-10529-27/05/2021","2 Metropolitan","CHRISTIE DOWNS","5164","CITY OF ONKAPARINGA",1,1,0,0,1,2018,"October","Wednesday","08:40 am","050","Not Divided","Straight road","Level","Not Applicable","Sealed","Dry","Not Raining","Daylight","Roll Over","01","Driver Rider","2: MI","No Control","","Y",1318297.63,1648105.69,"13182981648106"
"2018-10530-27/05/2021","2 Metropolitan","HALLETT COVE","5158","CC MARION.                    ",4,0,0,0,0,2018,"October","Wednesday","10:06 am","050","Not Divided","CURVED, VIEW OPEN","Slope","Not Applicable","Sealed","Dry","Not Raining","Daylight","Hit Fixed Object","01","Driver Rider","1: PDO","No Control","","",1319173.09,1654229.8,"13191731654230"
"2018-10531-27/05/2021","3 Country","BARMERA","5345","THE BERRI BARMERA COUNCIL",2,0,0,0,0,2018,"October","Tuesday","08:00 pm","100","Not Divided","Straight road","Level","Not Applicable","Sealed","Dry","Not Raining","Night","Hit Animal","01","Driver Rider","1: PDO","No Control","","",1505477.74,1734298.02,"15054781734298"
"2018-10532-27/05/2021","2 Metropolitan","MAWSON LAKES","5095","CITY OF SALISBURY",2,1,0,0,1,2018,"October","Wednesday","02:45 pm","070","Divided Road","Straight road","Level","Not Applicable","Sealed","Dry","Not Raining","Daylight","Rear End","02","Driver Rider","2: MI","No Control","","",1329525.66,1684400.34,"13295261684400"
"2018-10533-27/05/2021","2 Metropolitan","SEATON","5023","CITY OF CHARLES STURT",2,0,0,0,0,2018,"October","Wednesday","07:48 am","060","Divided Road","Straight road","Level","Not Applicable","Sealed","Dry","Not Raining","Daylight","Hit Parked Vehicle","01","Driver Rider","1: PDO","No Control","","",1320741.52,1675042.92,"13207421675043"
"2018-10534-27/05/2021","2 Metropolitan","WYNN VALE","5127","CITY OF TEA TREE GULLY",3,0,0,0,0,2018,"October","Wednesday","03:15 pm","060","Not Divided","Straight road","Slope","Not Applicable","Sealed","Dry","Not Raining","Daylight","Rear End","01","Driver Rider","1: PDO","No Control","","",1338819.63,1684584.81,"13388201684585"
"2018-10535-27/05/2021","2 Metropolitan","BROOKLYN PARK","5032","CITY OF WEST TORRENS",3,1,0,0,1,2018,"October","Wednesday","03:06 pm","060","Divided Road","Straight road","Level","Not Applicable","Sealed","Dry","Not Raining","Daylight","Hit Fixed Object","01","Driver Rider","2: MI","No Control","","",1323230.03,1670429.68,"13232301670430"
"2018-10536-27/05/2021","2 Metropolitan","GLENELG","5045","CITY OF HOLDFAST BAY",2,0,0,0,0,2018,"September","Wednesday","04:45 pm","040","Not Divided","Straight road","Level","Not Applicable","Sealed","Dry","Not Raining","Daylight","Hit Parked Vehicle","02","Driver Rider","1: PDO","No Control","","",1320837.56,1664895.21,"13208381664895"
"2018-10537-27/05/2021","2 Metropolitan","TOTNESS","5250","DC MT.BARKER.                 ",2,0,0,0,0,2018,"October","Wednesday","04:00 pm","060","T-Junction","Straight road","Level","Not Applicable","Sealed","Dry","Not Raining","Daylight","Side Swipe","02","Driver Rider","1: PDO","Roundabout","","",1351073.68,1655554.69,"13510741655555"
"2018-10538-27/05/2021","2 Metropolitan","FITZROY","5082","CITY OF PROSPECT",2,0,0,0,0,2018,"October","Tuesday","04:00 pm","060","Divided Road","Straight road","Level","Not Applicable","Sealed","Dry","Not Raining","Daylight","Side Swipe","02","Driver Rider","1: PDO","No Control","","",1328053.53,1673673.06,"13280541673673"
"2018-10539-27/05/2021","2 Metropolitan","CAVAN","5094","CITY OF SALISBURY",3,0,0,0,0,2018,"October","Wednesday","04:30 pm","080","Divided Road","Straight road","Level","Bridge, Culvert, Causeway","Sealed","Dry","Not Raining","Daylight","Rear End","01","Driver Rider","1: PDO","No Control","","",1328704.29,1682331.89,"13287041682332"
"2018-10540-27/05/2021","2 Metropolitan","NOARLUNGA DOWNS","5168","CITY OF ONKAPARINGA",5,0,0,0,0,2018,"October","Wednesday","05:15 pm","080","Divided Road","Straight road","Slope","Bridge, Culvert, Causeway","Sealed","Dry","Not Raining","Daylight","Rear End","01","Driver Rider","1: PDO","No Control","","",1318750.93,1643829.68,"13187511643830"
"2018-10541-27/05/2021","2 Metropolitan","MAWSON LAKES","5095","CITY OF SALISBURY",3,0,0,0,0,2018,"October","Wednesday","05:00 pm","080","T-Junction","Straight road","Level","Not Applicable","Sealed","Dry","Not Raining","Daylight","Rear End","01","Driver Rider","1: PDO","Traffic Signals","","",1328679,1683052.69,"13286791683053"
"2018-10542-27/05/2021","2 Metropolitan","MODBURY","5092","CITY OF TEA TREE GULLY",2,0,0,0,0,2018,"October","Wednesday","05:20 pm","050","Not Divided","Straight road","Level","Driveway or Entrance","Sealed","Dry","Not Raining","Daylight","Hit Fixed Object","01","Driver Rider","1: PDO","No Control","","",1336235.38,1680299.99,"13362351680300"
"2018-10543-27/05/2021","2 Metropolitan","EDINBURGH","5111","CITY OF SALISBURY",2,2,0,0,2,2018,"October","Wednesday","04:30 pm","060","Cross Road","Straight road","Level","Not Applicable","Sealed","Dry","Not Raining","Daylight","Rear End","02","Driver Rider","2: MI","Roundabout","","",1332506.81,1691943.52,"13325071691944"
"2018-10544-27/05/2021","2 Metropolitan","REGENCY PARK","5010","CITY OF PORT ADELAIDE ENFIELD",2,0,0,0,0,2018,"October","Wednesday","04:30 pm","060","T-Junction","Straight road","Level","Not Applicable","Sealed","Dry","Not Raining","Daylight","Right Turn","01","Driver Rider","1: PDO","Traffic Signals","","",1326449.2,1676384.02,"13264491676384"
"2018-10545-27/05/2021","2 Metropolitan","KURRALTA PARK","5037","CITY OF WEST TORRENS",2,1,0,0,1,2018,"October","Wednesday","06:20 pm","060","Divided Road","Straight road","Level","Not Applicable","Sealed","Dry","Not Raining","Daylight","Rear End","02","Driver Rider","2: MI","No Control","","",1325302.13,1667347.8,"13253021667348"
"2018-10546-27/05/2021","2 Metropolitan","CUMBERLAND PARK","5041","CC MITCHAM.                   ",2,1,0,0,1,2018,"October","Wednesday","05:30 pm","060","Divided Road","Straight road","Level","Not Applicable","Sealed","Dry","Not Raining","Daylight","Rear End","02","Driver Rider","2: MI","No Control","","",1327001.72,1666188.67,"13270021666189"
"2018-10547-27/05/2021","3 Country","HALLETT","5419","REGIONAL COUNCIL OF GOYDER",2,3,0,0,3,2018,"October","Wednesday","04:50 pm","110","Not Divided","CURVED, VIEW OPEN","Slope","Not Applicable","Sealed","Dry","Not Raining","Daylight","Head On","02","Driver Rider","2: MI","No Control","","",1361625.73,1833473.32,"13616261833473"
"2018-10548-27/05/2021","2 Metropolitan","WEST HINDMARSH","5007","CITY OF CHARLES STURT",2,0,0,0,0,2018,"October","Wednesday","07:05 pm","060","Divided Road","Straight road","Level","Roadworks","Sealed","Dry","Not Raining","Daylight","Side Swipe","02","Driver Rider","1: PDO","No Control","","",1325341.92,1672519.65,"13253421672520"
"2018-10549-27/05/2021","2 Metropolitan","GAWLER","5118","CT GAWLER.                    ",2,0,0,0,0,2018,"October","Wednesday","05:55 pm","050","Not Divided","Straight road","Level","Driveway or Entrance","Sealed","Dry","Not Raining","Daylight","Side Swipe","02","Driver Rider","1: PDO","No Control","","",1343363.45,1705849.32,"13433631705849"
"2018-10550-27/05/2021","2 Metropolitan","REGENCY PARK","5010","CITY OF PORT ADELAIDE ENFIELD",2,0,0,0,0,2018,"October","Wednesday","07:55 am","060","T-Junction","Straight road","Level","Not Applicable","Sealed","Dry","Not Raining","Daylight","Side Swipe","02","Driver Rider","1: PDO","Traffic Signals","","",1326449.52,1676375.13,"13264501676375"
"2018-10551-27/05/2021","2 Metropolitan","ST MARYS","5042","CC MITCHAM.                   ",2,1,0,0,1,2018,"October","Wednesday","07:20 am","070","Cross Road","Straight road","Slope","Roadworks","Sealed","Dry","Not Raining","Daylight","Rear End","02","Driver Rider","2: MI","Traffic Signals","","",1326004.51,1661277.67,"13260051661278"
"2018-10552-27/05/2021","3 Country","MYPONGA","5202","DC YANKALILLA.                ",2,1,0,0,1,2018,"October","Wednesday","08:00 pm","100","Not Divided","Straight road","Level","Not Applicable","Unsealed","Dry","Not Raining","Night","Hit Fixed Object","01","Driver Rider","2: MI","No Control","","",1310269.2,1617450.68,"13102691617451"
"2018-10553-27/05/2021","2 Metropolitan","BLAIR ATHOL","5084","CITY OF PORT ADELAIDE ENFIELD",2,0,0,0,0,2018,"October","Wednesday","08:45 pm","060","T-Junction","Straight road","Level","Not Applicable","Sealed","Dry","Not Raining","Night","Right Angle","01","Driver Rider","1: PDO","No Control","","",1328842.78,1677353.01,"13288431677353"
"2018-10554-27/05/2021","3 Country","WHYALLA STUART","5608","CC WHYALLA.                   ",2,0,0,0,0,2018,"October","Wednesday","04:30 pm","060","T-Junction","Straight road","Level","Not Applicable","Sealed","Dry","Not Raining","Daylight","Right Angle","01","Driver Rider","1: PDO","No Control","","",1235782.52,1884951.44,"12357831884951"
"2018-10555-27/05/2021","2 Metropolitan","SALISBURY DOWNS","5108","CITY OF SALISBURY",2,1,0,0,1,2018,"October","Thursday","05:25 am","060","Not Divided","Straight road","Level","Not Applicable","Sealed","Dry","Not Raining","Night","Hit Fixed Object","01","Driver Rider","2: MI","No Control","","",1330613.58,1687478.5,"13306141687479"
"2018-10556-27/05/2021","3 Country","LOCK","5633","DC ELLISTON.                  ",2,0,0,0,0,2018,"October","Wednesday","08:10 pm","100","Not Divided","Straight road","Level","Not Applicable","Unsealed","Dry","Not Raining","Night","Hit Fixed Object","01","Driver Rider","1: PDO","No Control","","",1065610.96,1819396.59,"10656111819397"
"2018-10557-27/05/2021","3 Country","BALD HILLS","5203","DC YANKALILLA.                ",2,0,0,0,0,2018,"October","Thursday","07:30 am","100","Not Divided","CURVED, VIEW OPEN","Level","Not Applicable","Sealed","Dry","Not Raining","Daylight","Hit Animal","02","Animal","1: PDO","No Control","","",1306361.97,1608990.66,"13063621608991"
"2018-10558-27/05/2021","2 Metropolitan","HENLEY BEACH","5022","CITY OF CHARLES STURT",2,1,0,0,1,2018,"October","Wednesday","04:30 pm","050","Cross Road","Straight road","Level","Not Applicable","Sealed","Dry","Not Raining","Daylight","Rear End","02","Driver Rider","2: MI","Roundabout","","",1318718.7,1673021.6,"13187191673022"
"2018-10559-27/05/2021","2 Metropolitan","REYNELLA","5161","CITY OF ONKAPARINGA",2,0,0,0,0,2018,"October","Wednesday","07:04 am","100","Freeway","Straight road","Level","Not Applicable","Sealed","Dry","Not Raining","Daylight","Rear End","02","Driver Rider","1: PDO","No Control","","",1320235.79,1651713.04,"13202361651713"
"2018-10560-27/05/2021","3 Country","KANYAKA","5434","THE FLINDERS RANGES COUNCIL.",1,0,0,0,0,2018,"October","Wednesday","08:00 am","110","Not Divided","Straight road","Level","Not Applicable","Sealed","Dry","Not Raining","Daylight","Roll Over","01","Driver Rider","1: PDO","No Control","","",1310877.5,1986528.66,"13108781986529"
"2018-10561-27/05/2021","2 Metropolitan","DRY CREEK","5094","CITY OF PORT ADELAIDE ENFIELD",1,0,0,0,0,2018,"October","Thursday","11:13 am","060","Divided Road","CURVED, VIEW OPEN","Level","Not Applicable","Sealed","Dry","Not Raining","Daylight","Roll Over","01","Driver Rider","1: PDO","No Control","","",1327191.05,1680217.57,"13271911680218"
"2018-10562-27/05/2021","2 Metropolitan","OTTOWAY","5013","CITY OF PORT ADELAIDE ENFIELD",3,0,0,0,0,2018,"October","Tuesday","10:15 am","060","T-Junction","Straight road","Level","Not Applicable","Sealed","Dry","Not Raining","Daylight","Right Turn","01","Driver Rider","1: PDO","Traffic Signals","","",1323011.02,1679141.01,"13230111679141"
"2018-10563-27/05/2021","2 Metropolitan","MUNNO PARA","5115","CITY OF PLAYFORD.",4,0,0,0,0,2018,"October","Thursday","12:20 pm","090","Divided Road","Straight road","Level","Not Applicable","Sealed","Dry","Not Raining","Daylight","Rear End","01","Driver Rider","1: PDO","No Control","","",1338777.04,1698820.12,"13387771698820"
"2018-10564-27/05/2021","2 Metropolitan","BIRKENHEAD","5015","CITY OF PORT ADELAIDE ENFIELD",2,1,0,0,1,2018,"October","Thursday","09:05 am","050","Not Divided","Straight road","Level","Not Applicable","Sealed","Dry","Not Raining","Daylight","Hit Fixed Object","01","Driver Rider","2: MI","No Control","","Y",1319482.48,1680835.53,"13194821680836"