"REPORT_ID","Stats Area","Suburb","Postcode","LGA Name","Total Units","Total Cas","Total Fats","Total SI","Total MI","Year","Month","Day","Time","Area Speed","Position Type","Horizontal Align","Vertical Align","Other Feat","Road Surface","Moisture Cond","Weather Cond","DayNight","Crash Type","Unit Resp","Entity Code","CSEF Severity","Traffic Ctrls","DUI Involved","Drugs Involved","ACCLOC_X","ACCLOC_Y","UNIQUE_LOC"
"2018-11287-27/05/2021","2 Metropolitan","HACKNEY","5069","CC OF NORWOOD,PAYNEHAM & ST PETERS",2,0,0,0,0,2018,"October","Monday","12:00 pm","060","Divided Road","Straight road","Level","Not Applicable","Sealed","Dry","Not Raining","Daylight","Side Swipe","02","Driver Rider","1: PDO","No Control","","",1329787.38,1671974.47,"13297871671974"
"2018-11288-27/05/2021","2 Metropolitan","EDWARDSTOWN","5039","CC MARION.                    ",2,1,0,0,1,2018,"October","Monday","03:32 pm","060","Divided Road","Straight road","Level","Not Applicable","Sealed","Dry","Not Raining","Daylight","Head On","02","Driver Rider","2: MI","No Control","","",1325821.26,1666154.82,"13258211666155"
"2018-11289-27/05/2021","2 Metropolitan","GAWLER BELT","5118","LIGHT REGIONAL COUNCIL",2,1,0,0,1,2018,"October","Monday","02:35 pm","050","Not Divided","Straight road","Level","Not Applicable","Sealed","Dry","Not Raining","Daylight","Hit Fixed Object","01","Driver Rider","2: MI","No Control","","",1340663.76,1708813.61,"13406641708814"
"2018-11290-27/05/2021","2 Metropolitan","GLENELG","5045","CITY OF HOLDFAST BAY",2,0,0,0,0,2018,"October","Monday","07:40 am","060","T-Junction","Straight road","Level","Not Applicable","Sealed","Dry","Not Raining","Daylight","Right Angle","02","Driver Rider","1: PDO","No Control","","",1321025.48,1664682.13,"13210251664682"
"2018-11291-27/05/2021","2 Metropolitan","MODBURY","5092","CITY OF TEA TREE GULLY",2,0,0,0,0,2018,"October","Monday","03:50 pm","060","T-Junction","Straight road","Level","Not Applicable","Sealed","Dry","Not Raining","Daylight","Right Turn","01","Driver Rider","1: PDO","Traffic Signals","","",1337045.81,1680961.79,"13370461680962"
"2018-11292-27/05/2021","2 Metropolitan","PARA VISTA","5093","CITY OF SALISBURY",2,0,0,0,0,2018,"October","Monday","04:03 pm","060","Divided Road","Straight road","Slope","Not Applicable","Sealed","Dry","Not Raining","Daylight","Side Swipe","01","Driver Rider","1: PDO","No Control","","",1334751.08,1681130.07,"13347511681130"
"2018-11293-27/05/2021","2 Metropolitan","MCLAREN VALE","5171","CITY OF ONKAPARINGA",2,1,0,0,1,2018,"October","Monday","02:00 pm","050","Not Divided","Straight road","Level","Not Applicable","Sealed","Dry","Not Raining","Daylight","Side Swipe","01","Driver Rider","2: MI","No Control","","Y",1322090.35,1638525.05,"13220901638525"
"2018-11294-27/05/2021","2 Metropolitan","WINGFIELD","5013","CITY OF PORT ADELAIDE ENFIELD",2,0,0,0,0,2018,"October","Monday","08:00 am","060","T-Junction","Straight road","Level","Not Applicable","Sealed","Dry","Not Raining","Daylight","Side Swipe","01","Driver Rider","1: PDO","Give Way Sign","","",1325127.17,1679192.45,"13251271679192"
"2018-11295-27/05/2021","2 Metropolitan","VIRGINIA","5120","CITY OF PLAYFORD.",2,0,0,0,0,2018,"October","Monday","05:20 pm","090","T-Junction","CURVED, VIEW OPEN","Level","Not Applicable","Sealed","Dry","Not Raining","Daylight","Right Turn","02","Driver Rider","1: PDO","Give Way Sign","","",1326421.71,1696569.21,"13264221696569"
"2018-11296-27/05/2021","2 Metropolitan","STIRLING","5152","THE ADELAIDE HILLS COUNCIL",2,1,0,0,1,2018,"October","Tuesday","04:00 pm","100","Ramp On","Straight road","Slope","Not Applicable","Sealed","Wet","Not Raining","Daylight","Rear End","01","Driver Rider","2: MI","No Control","","",1338029.43,1662314.27,"13380291662314"
"2018-11297-27/05/2021","2 Metropolitan","CAVAN","5094","CITY OF SALISBURY",4,1,0,0,1,2018,"October","Monday","05:20 pm","060","Divided Road","Straight road","Level","Not Applicable","Sealed","Dry","Not Raining","Daylight","Rear End","02","Driver Rider","2: MI","No Control","","",1328589.86,1681425.89,"13285901681426"
"2018-11298-27/05/2021","2 Metropolitan","MODBURY","5092","CITY OF TEA TREE GULLY",2,0,0,0,0,2018,"October","Monday","04:00 pm","060","Divided Road","CURVED, VIEW OPEN","Level","Not Applicable","Sealed","Dry","Not Raining","Daylight","Rear End","01","Driver Rider","1: PDO","No Control","","",1336125.4,1680343.03,"13361251680343"
"2018-11299-27/05/2021","2 Metropolitan","BLEWITT SPRINGS","5171","CITY OF ONKAPARINGA",2,0,0,0,0,2018,"October","Monday","12:00 pm","080","Not Divided","CURVED, VIEW OBSCURED","Slope","Not Applicable","Sealed","Dry","Not Raining","Daylight","Hit Fixed Object","01","Driver Rider","1: PDO","No Control","","",1327432.39,1645690.63,"13274321645691"
"2018-11300-27/05/2021","2 Metropolitan","PARALOWIE","5108","CITY OF SALISBURY",3,1,0,0,1,2018,"October","Monday","06:58 pm","060","T-Junction","Straight road","Level","Not Applicable","Sealed","Dry","Not Raining","Daylight","Rear End","01","Driver Rider","2: MI","Traffic Signals","","",1331067.07,1690098.86,"13310671690099"
"2018-11301-27/05/2021","2 Metropolitan","ST GEORGES","5064","CITY OF BURNSIDE",2,0,0,0,0,2018,"October","Monday","05:20 pm","060","Not Divided","Straight road","Slope","Not Applicable","Sealed","Dry","Not Raining","Daylight","Rear End","01","Driver Rider","1: PDO","No Control","","",1332365.32,1667329.83,"13323651667330"
"2018-11302-27/05/2021","2 Metropolitan","TUSMORE","5065","CITY OF BURNSIDE",2,1,0,0,1,2018,"October","Monday","05:30 pm","060","Cross Road","Straight road","Level","Not Applicable","Sealed","Dry","Not Raining","Daylight","Hit Pedestrian","02","Driver Rider","2: MI","Traffic Signals","","",1332311.5,1669056.54,"13323121669057"
"2018-11303-27/05/2021","2 Metropolitan","SALISBURY EAST","5109","CITY OF SALISBURY",3,1,0,0,1,2018,"October","Monday","05:55 pm","060","Not Divided","Straight road","Level","Not Applicable","Sealed","Dry","Not Raining","Daylight","Side Swipe","01","Driver Rider","2: MI","No Control","","",1334395.13,1684927.77,"13343951684928"
"2018-11304-27/05/2021","2 Metropolitan","MODBURY","5092","CITY OF TEA TREE GULLY",2,0,0,0,0,2018,"October","Monday","08:43 pm","060","Cross Road","Straight road","Slope","Not Applicable","Sealed","Dry","Not Raining","Night","Rear End","02","Driver Rider","1: PDO","Traffic Signals","","",1336876.66,1680842.59,"13368771680843"
"2018-11305-27/05/2021","3 Country","MOUNT JAGGED","5211","ALEXANDRINA COUNCIL",2,1,0,1,0,2018,"October","Tuesday","01:30 am","100","Not Divided","CURVED, VIEW OPEN","Crest of Hill","Not Applicable","Sealed","Dry","Not Raining","Night","Roll Over","01","Driver Rider","3: SI","No Control","","Y",1329488.54,1619620.42,"13294891619620"
"2018-11306-27/05/2021","2 Metropolitan","DOVER GARDENS","5048","CC MARION.                    ",2,2,0,0,2,2018,"October","Tuesday","06:29 am","060","Divided Road","Straight road","Slope","Not Applicable","Sealed","Dry","Not Raining","Daylight","Side Swipe","01","Driver Rider","2: MI","No Control","","",1322454.57,1660594.99,"13224551660595"
"2018-11307-27/05/2021","2 Metropolitan","BEVERLEY","5009","CITY OF CHARLES STURT",2,1,0,0,1,2018,"October","Tuesday","07:10 am","060","T-Junction","Straight road","Level","Not Applicable","Sealed","Dry","Not Raining","Daylight","Right Angle","01","Driver Rider","2: MI","Give Way Sign","","",1323496.29,1675173.01,"13234961675173"
"2018-11308-27/05/2021","2 Metropolitan","TORRENSVILLE","5031","CITY OF WEST TORRENS",2,0,0,0,0,2018,"October","Monday","06:50 pm","060","Divided Road","Straight road","Level","Driveway or Entrance","Sealed","Dry","Not Raining","Daylight","Hit Pedestrian","02","Driver Rider","1: PDO","No Control","","",1325691.82,1670980.47,"13256921670980"
"2018-11309-27/05/2021","2 Metropolitan","WINGFIELD","5013","CITY OF PORT ADELAIDE ENFIELD",2,0,0,0,0,2018,"October","Monday","05:45 pm","060","Cross Road","Straight road","Level","Not Applicable","Sealed","Dry","Not Raining","Daylight","Side Swipe","02","Driver Rider","1: PDO","Traffic Signals","","",1325526.71,1679203.7,"13255271679204"
"2018-11310-27/05/2021","2 Metropolitan","WINGFIELD","5013","CITY OF PORT ADELAIDE ENFIELD",2,0,0,0,0,2018,"October","Monday","04:30 pm","060","Divided Road","Straight road","Level","Not Applicable","Sealed","Dry","Not Raining","Daylight","Rear End","02","Driver Rider","1: PDO","No Control","","",1324022.77,1679155.48,"13240231679155"
"2018-11311-27/05/2021","2 Metropolitan","BEDFORD PARK","5042","CC MITCHAM.                   ",2,1,0,0,1,2018,"October","Tuesday","09:50 am","050","T-Junction","Straight road","Level","Not Applicable","Unsealed","Dry","Not Raining","Daylight","Side Swipe","02","Driver Rider","2: MI","Traffic Signals","","",1325133.01,1660421,"13251331660421"
"2018-11312-27/05/2021","2 Metropolitan","SALISBURY","5108","CITY OF SALISBURY",2,0,0,0,0,2018,"October","Tuesday","08:45 am","060","Divided Road","Straight road","Level","Not Applicable","Sealed","Dry","Not Raining","Daylight","Hit Pedestrian","02","Pedestrian","1: PDO","No Control","","",1332490.54,1688140.69,"13324911688141"
"2018-11313-27/05/2021","2 Metropolitan","PLYMPTON","5038","CITY OF WEST TORRENS",2,0,0,0,0,2018,"October","Tuesday","11:15 am","050","Not Divided","Straight road","Level","Not Applicable","Sealed","Dry","Not Raining","Daylight","Rear End","02","Driver Rider","1: PDO","No Control","","",1323855.53,1666132.72,"13238561666133"
"2018-11314-27/05/2021","2 Metropolitan","WILLASTON","5118","CT GAWLER.                    ",2,0,0,0,0,2018,"October","Tuesday","09:10 am","050","T-Junction","Straight road","Level","Not Applicable","Sealed","Dry","Not Raining","Daylight","Right Turn","02","Driver Rider","1: PDO","No Control","","",1343214.84,1709176.99,"13432151709177"
"2018-11315-27/05/2021","2 Metropolitan","HOLDEN HILL","5088","CITY OF TEA TREE GULLY",2,1,0,0,1,2018,"October","Monday","02:20 pm","060","T-Junction","Straight road","Level","Not Applicable","Sealed","Dry","Not Raining","Daylight","Rear End","01","Driver Rider","2: MI","Traffic Signals","","",1334706.55,1678555.71,"13347071678556"
"2018-11316-27/05/2021","2 Metropolitan","THORNGATE","5082","CITY OF PROSPECT",2,1,0,0,1,2018,"October","Monday","10:30 am","060","Cross Road","Straight road","Level","Not Applicable","Sealed","Dry","Not Raining","Daylight","Rear End","01","Driver Rider","2: MI","Traffic Signals","","",1328121.33,1673675.94,"13281211673676"
"2018-11317-27/05/2021","2 Metropolitan","WINGFIELD","5013","CITY OF PORT ADELAIDE ENFIELD",2,0,0,0,0,2018,"October","Monday","04:30 pm","090","Freeway","Straight road","Level","Not Applicable","Sealed","Dry","Not Raining","Daylight","Rear End","02","Driver Rider","1: PDO","No Control","","",1325691.72,1681077.38,"13256921681077"
"2018-11318-27/05/2021","2 Metropolitan","DRY CREEK","5094","CITY OF SALISBURY",2,0,0,0,0,2018,"October","Tuesday","10:30 am","090","Freeway","Straight road","Level","Not Applicable","Sealed","Dry","Not Raining","Daylight","Rear End","02","Driver Rider","1: PDO","No Control","","",1327913.16,1682372.66,"13279131682373"
"2018-11319-27/05/2021","2 Metropolitan","URRBRAE","5064","CC MITCHAM.                   ",3,0,0,0,0,2018,"October","Thursday","02:40 pm","060","Not Divided","Straight road","Level","Not Applicable","Sealed","Dry","Not Raining","Daylight","Rear End","01","Driver Rider","1: PDO","No Control","","",1330773.67,1666121.3,"13307741666121"
"2018-11320-27/05/2021","2 Metropolitan","SOMERTON PARK","5044","CITY OF HOLDFAST BAY",2,0,0,0,0,2018,"October","Tuesday","02:55 pm","060","Not Divided","Straight road","Level","Not Applicable","Sealed","Dry","Not Raining","Daylight","Side Swipe","02","Driver Rider","1: PDO","No Control","","",1321064.31,1663433.55,"13210641663434"
"2018-11321-27/05/2021","2 Metropolitan","MORPHETT VALE","5162","CITY OF ONKAPARINGA",3,0,0,0,0,2018,"October","Monday","10:20 pm","060","Not Divided","Straight road","Level","Not Applicable","Sealed","Dry","Not Raining","Night","Hit Fixed Object","01","Driver Rider","1: PDO","No Control","","",1321926.25,1650181.27,"13219261650181"
"2018-11322-27/05/2021","2 Metropolitan","EDWARDSTOWN","5039","CC MARION.                    ",2,0,0,0,0,2018,"October","Tuesday","03:41 pm","050","T-Junction","Straight road","Level","Not Applicable","Sealed","Dry","Not Raining","Daylight","Right Angle","02","Driver Rider","1: PDO","No Control","","",1325597.36,1663781.16,"13255971663781"
"2018-11323-27/05/2021","2 Metropolitan","INGLE FARM","5098","CITY OF SALISBURY",3,1,0,1,0,2018,"October","Tuesday","02:08 pm","060","Divided Road","Straight road","Level","Driveway or Entrance","Sealed","Dry","Not Raining","Daylight","Hit Fixed Object","01","Driver Rider","3: SI","No Control","","",1333396.6,1681303.26,"13333971681303"
"2018-11324-27/05/2021","2 Metropolitan","MCLAREN FLAT","5171","CITY OF ONKAPARINGA",2,0,0,0,0,2018,"October","Tuesday","03:40 pm","050","Cross Road","Straight road","Level","Not Applicable","Sealed","Dry","Not Raining","Daylight","Right Angle","02","Driver Rider","1: PDO","Give Way Sign","","",1326919.12,1639611.16,"13269191639611"
"2018-11325-27/05/2021","3 Country","MIDDLETON","5213","ALEXANDRINA COUNCIL",2,1,0,0,1,2018,"October","Tuesday","03:30 pm","050","T-Junction","CURVED, VIEW OPEN","Level","Not Applicable","Sealed","Dry","Not Raining","Daylight","Rear End","02","Driver Rider","2: MI","No Control","","",1336342.12,1605883.33,"13363421605883"
"2018-11326-27/05/2021","2 Metropolitan","PARA VISTA","5093","CITY OF SALISBURY",2,1,0,0,1,2018,"October","Tuesday","03:45 pm","060","Pedestrian Crossing","Straight road","Level","Not Applicable","Sealed","Dry","Not Raining","Daylight","Rear End","02","Driver Rider","2: MI","Traffic Signals","","",1335076.37,1681147.97,"13350761681148"
"2018-11327-27/05/2021","3 Country","PORT LINCOLN","5606","CC PT.LINCOLN.                ",2,0,0,0,0,2018,"October","Tuesday","03:25 pm","060","Cross Road","Straight road","Level","Not Applicable","Sealed","Dry","Not Raining","Daylight","Right Angle","01","Driver Rider","1: PDO","Stop Sign","","",1077833.51,1698380.77,"10778341698381"
"2018-11328-27/05/2021","2 Metropolitan","EASTWOOD","5063","CITY OF BURNSIDE",5,0,0,0,0,2018,"October","Tuesday","04:30 pm","060","Divided Road","Straight road","Level","Not Applicable","Sealed","Dry","Not Raining","Daylight","Rear End","01","Driver Rider","1: PDO","No Control","","",1329934.15,1668986.25,"13299341668986"
"2018-11329-27/05/2021","2 Metropolitan","NAIRNE","5252","DC MT.BARKER.                 ",4,1,0,0,1,2018,"October","Tuesday","03:20 pm","080","Not Divided","Straight road","Level","Driveway or Entrance","Sealed","Dry","Not Raining","Daylight","Rear End","01","Driver Rider","2: MI","No Control","","",1354811.29,1656200.22,"13548111656200"
"2018-11330-27/05/2021","3 Country","WHYALLA NORRIE","5608","CC WHYALLA.                   ",2,1,0,0,1,2018,"October","Tuesday","03:45 pm","060","Divided Road","Straight road","Level","Driveway or Entrance","Sealed","Dry","Not Raining","Daylight","Hit Fixed Object","01","Driver Rider","2: MI","No Control","","",1235849.16,1883588.01,"12358491883588"
"2018-11331-27/05/2021","2 Metropolitan","ASCOT PARK","5043","CC MARION.                    ",2,0,0,0,0,2018,"October","Tuesday","11:00 am","050","Not Divided","Straight road","Level","Not Applicable","Sealed","Dry","Not Raining","Daylight","Hit Parked Vehicle","01","Driver Rider","1: PDO","No Control","","",1324718.07,1663588.7,"13247181663589"
"2018-11332-27/05/2021","3 Country","LONG FLAT","5253","RC MURRAY BRIDGE.             ",2,0,0,0,0,2018,"October","Tuesday","10:30 am","110","T-Junction","Straight road","Level","Not Applicable","Sealed","Dry","Not Raining","Daylight","Rear End","01","Driver Rider","1: PDO","No Control","","",1393023.45,1643889.88,"13930231643890"
"2018-11333-27/05/2021","2 Metropolitan","WOODCROFT","5162","CITY OF ONKAPARINGA",2,0,0,0,0,2018,"October","Tuesday","05:00 pm","080","Cross Road","Straight road","Level","Not Applicable","Sealed","Dry","Not Raining","Daylight","Rear End","01","Driver Rider","1: PDO","Traffic Signals","","",1323025.87,1652240.92,"13230261652241"
"2018-11334-27/05/2021","2 Metropolitan","HINDMARSH","5007","CITY OF CHARLES STURT",2,0,0,0,0,2018,"October","Tuesday","05:25 pm","060","Divided Road","Straight road","Level","Not Applicable","Sealed","Dry","Not Raining","Daylight","Rear End","02","Driver Rider","1: PDO","No Control","","",1325802.81,1673244.8,"13258031673245"
"2018-11335-27/05/2021","2 Metropolitan","PROSPECT","5082","CITY OF PROSPECT",3,0,0,0,0,2018,"October","Tuesday","05:43 pm","060","Divided Road","Straight road","Slope","Not Applicable","Sealed","Dry","Not Raining","Daylight","Rear End","01","Driver Rider","1: PDO","No Control","","",1327996.2,1676421.1,"13279961676421"
"2018-11336-27/05/2021","2 Metropolitan","GOODWOOD","5034","CITY OF UNLEY",3,0,0,0,0,2018,"October","Tuesday","05:55 pm","050","T-Junction","Straight road","Level","Not Applicable","Sealed","Dry","Not Raining","Daylight","Rear End","01","Driver Rider","1: PDO","Stop Sign","","",1327465.92,1667626.2,"13274661667626"
"2018-11337-27/05/2021","2 Metropolitan","GREEN FIELDS","5107","CITY OF SALISBURY",2,0,0,0,0,2018,"October","Tuesday","09:15 am","005","Not Divided","Straight road","Level","Not Applicable","Unsealed","Dry","Not Raining","Daylight","Hit Parked Vehicle","02","Driver Rider","1: PDO","No Control","","",1329486.58,1685122.1,"13294871685122"
"2018-11338-27/05/2021","2 Metropolitan","CUDLEE CREEK","5232","THE ADELAIDE HILLS COUNCIL",2,1,0,0,1,2018,"October","Sunday","08:30 am","080","Y-Junction","Straight road","Crest of Hill","Not Applicable","Sealed","Dry","Not Raining","Daylight","Right Angle","01","Driver Rider","2: MI","No Control","","",1352653.1,1676011.65,"13526531676012"
"2018-11339-27/05/2021","1 City","NORTH ADELAIDE","5006","CITY OF ADELAIDE",3,1,0,0,1,2018,"October","Tuesday","05:50 pm","050","Not Divided","Straight road","Level","Not Applicable","Sealed","Dry","Not Raining","Daylight","Rear End","01","Driver Rider","2: MI","No Control","","",1327873.17,1672418.05,"13278731672418"
"2018-11340-27/05/2021","2 Metropolitan","PROSPECT","5082","CITY OF PROSPECT",2,2,0,0,2,2018,"October","Tuesday","09:29 pm","060","Cross Road","Straight road","Level","Not Applicable","Sealed","Dry","Not Raining","Night","Right Turn","01","Driver Rider","2: MI","Traffic Signals","","",1328862.28,1676441.72,"13288621676442"
"2018-11341-27/05/2021","2 Metropolitan","MILE END","5031","CITY OF WEST TORRENS",2,0,0,0,0,2018,"October","Wednesday","12:26 am","050","Not Divided","Straight road","Level","Not Applicable","Sealed","Dry","Not Raining","Night","Hit Parked Vehicle","01","Driver Rider","1: PDO","No Control","","",1325432.29,1670548.75,"13254321670549"
"2018-11342-27/05/2021","1 City","ADELAIDE","5000","CITY OF ADELAIDE",2,0,0,0,0,2018,"October","Wednesday","05:15 am","060","T-Junction","Straight road","Level","Not Applicable","Sealed","Dry","Not Raining","Night","Right Angle","02","Driver Rider","1: PDO","Traffic Signals","","",1327346.5,1670948.68,"13273471670949"
"2018-11343-27/05/2021","2 Metropolitan","MEDINDIE","5081","WALKERVILLE TOWN COUNCIL",2,0,0,0,0,2018,"October","Wednesday","07:55 am","060","Divided Road","Straight road","Level","Not Applicable","Sealed","Dry","Not Raining","Daylight","Rear End","01","Driver Rider","1: PDO","No Control","","",1329456.97,1674242.8,"13294571674243"
"2018-11344-27/05/2021","2 Metropolitan","YATTALUNGA","5114","CITY OF PLAYFORD.",3,0,0,0,0,2018,"October","Tuesday","07:40 am","100","Not Divided","Straight road","Level","Not Applicable","Sealed","Dry","Not Raining","Daylight","Hit Animal","01","Driver Rider","1: PDO","No Control","","",1347134.96,1694328.35,"13471351694328"
"2018-11345-27/05/2021","2 Metropolitan","MOUNT BARKER","5251","DC MT.BARKER.                 ",2,0,0,0,0,2018,"October","Friday","09:10 pm","080","Not Divided","Straight road","Level","Not Applicable","Sealed","Dry","Not Raining","Night","Other","09","Other","1: PDO","No Control","","",1350108,1652076.48,"13501081652076"
"2018-11346-27/05/2021","1 City","ADELAIDE","5000","CITY OF ADELAIDE",2,1,0,0,1,2018,"October","Wednesday","08:50 am","050","Divided Road","Straight road","Level","Not Applicable","Sealed","Dry","Not Raining","Daylight","Hit Pedestrian","02","Pedestrian","2: MI","No Control","","",1328353.6,1671145.33,"13283541671145"
"2018-11347-27/05/2021","2 Metropolitan","CRAFERS WEST","5152","THE ADELAIDE HILLS COUNCIL",1,1,0,0,1,2018,"October","Sunday","12:10 pm","060","Not Divided","CURVED, VIEW OPEN","Slope","Not Applicable","Sealed","Dry","Not Raining","Daylight","Left Road - Out of Control","01","Driver Rider","2: MI","No Control","","",1337162.97,1660932.68,"13371631660933"
"2018-11348-27/05/2021","3 Country","ARDROSSAN","5571","YORKE PENINSULA COUNCIL",3,0,0,0,0,2018,"October","Tuesday","09:00 am","100","Not Divided","Straight road","Level","Not Applicable","Sealed","Dry","Not Raining","Daylight","Hit Object on Road","01","Driver Rider","1: PDO","No Control","","",1266548.4,1726369.5,"12665481726370"
"2018-11349-27/05/2021","2 Metropolitan","PARK HOLME","5043","CC MARION.                    ",2,0,0,0,0,2018,"October","Tuesday","03:00 pm","060","Cross Road","Straight road","Level","Not Applicable","Sealed","Dry","Not Raining","Daylight","Rear End","01","Driver Rider","1: PDO","Traffic Signals","","",1324312.05,1664025.1,"13243121664025"
"2018-11350-27/05/2021","2 Metropolitan","PARA HILLS","5096","CITY OF SALISBURY",4,0,0,0,0,2018,"October","Wednesday","08:28 am","060","Divided Road","Straight road","Slope","Not Applicable","Sealed","Dry","Not Raining","Daylight","Rear End","01","Driver Rider","1: PDO","No Control","","",1334227.17,1684594.57,"13342271684595"
"2018-11351-27/05/2021","2 Metropolitan","EDINBURGH","5111","CITY OF SALISBURY",2,0,0,0,0,2018,"October","Wednesday","07:50 am","050","Not Divided","Straight road","Level","Not Applicable","Sealed","Dry","Not Raining","Daylight","Head On","01","Driver Rider","1: PDO","No Control","","",1332969.26,1690083.28,"13329691690083"
"2018-11352-27/05/2021","2 Metropolitan","KURRALTA PARK","5037","CITY OF WEST TORRENS",2,0,0,0,0,2018,"October","Wednesday","09:30 am","060","Cross Road","Straight road","Level","Not Applicable","Sealed","Dry","Not Raining","Daylight","Rear End","01","Driver Rider","1: PDO","Traffic Signals","","",1325778.61,1667717.09,"13257791667717"
"2018-11353-27/05/2021","2 Metropolitan","PARAFIELD GARDENS","5107","CITY OF SALISBURY",3,0,0,0,0,2018,"October","Tuesday","04:30 pm","050","Not Divided","Straight road","Level","Not Applicable","Sealed","Dry","Not Raining","Daylight","Rear End","02","Driver Rider","1: PDO","No Control","","",1330118.57,1686318.7,"13301191686319"
"2018-11354-27/05/2021","2 Metropolitan","CALLINGTON","5254","DC MT.BARKER.                 ",2,0,0,0,0,2018,"October","Wednesday","08:18 am","110","Freeway","Straight road","Slope","Not Applicable","Sealed","Dry","Not Raining","Daylight","Hit Animal","02","Animal","1: PDO","No Control","","",1367058.6,1647308.09,"13670591647308"
"2018-11355-27/05/2021","2 Metropolitan","WINGFIELD","5013","CITY OF PORT ADELAIDE ENFIELD",2,0,0,0,0,2018,"October","Wednesday","11:09 am","050","Cross Road","Straight road","Level","Not Applicable","Sealed","Dry","Not Raining","Daylight","Right Angle","02","Driver Rider","1: PDO","Traffic Signals","","",1323891.5,1680181.33,"13238921680181"
"2018-11356-27/05/2021","2 Metropolitan","UNDERDALE","5032","CITY OF WEST TORRENS",2,0,0,0,0,2018,"October","Wednesday","08:35 am","050","Not Divided","Straight road","Level","Driveway or Entrance","Sealed","Dry","Not Raining","Daylight","Right Angle","01","Driver Rider","1: PDO","No Control","","",1324312.07,1671564.4,"13243121671564"
"2018-11357-27/05/2021","2 Metropolitan","ENFIELD","5085","CITY OF PORT ADELAIDE ENFIELD",2,3,0,0,3,2018,"October","Wednesday","01:01 pm","060","Divided Road","Straight road","Level","Median Opening (not at I/S)","Sealed","Dry","Not Raining","Daylight","Rear End","02","Driver Rider","2: MI","No Control","","",1328840.91,1677826.79,"13288411677827"
"2018-11358-27/05/2021","2 Metropolitan","PARALOWIE","5108","CITY OF SALISBURY",2,0,0,0,0,2018,"October","Tuesday","10:00 am","060","Divided Road","Straight road","Level","Not Applicable","Sealed","Dry","Not Raining","Daylight","Hit Pedestrian","02","Pedestrian","1: PDO","No Control","","",1328578.84,1688745.62,"13285791688746"
"2018-11359-27/05/2021","2 Metropolitan","TOTNESS","5250","DC MT.BARKER.                 ",2,1,0,0,1,2018,"October","Wednesday","03:20 pm","060","Divided Road","Straight road","Level","Not Applicable","Sealed","Dry","Not Raining","Daylight","Rear End","02","Driver Rider","2: MI","No Control","","",1351017.84,1655477.83,"13510181655478"
"2018-11360-27/05/2021","2 Metropolitan","WINDSOR GARDENS","5087","CITY OF PORT ADELAIDE ENFIELD",2,0,0,0,0,2018,"October","Tuesday","08:00 pm","050","Not Divided","Straight road","Level","Not Applicable","Sealed","Dry","Not Raining","Night","Hit Fixed Object","01","Driver Rider","1: PDO","No Control","","",1333951.28,1677574.65,"13339511677575"
"2018-11361-27/05/2021","2 Metropolitan","LONSDALE","5160","CITY OF ONKAPARINGA",3,0,0,0,0,2018,"October","Wednesday","03:45 pm","080","Cross Road","Straight road","Level","Not Applicable","Sealed","Dry","Not Raining","Daylight","Hit Fixed Object","01","Driver Rider","1: PDO","Traffic Signals","","",1317823.83,1649782.83,"13178241649783"
"2018-11362-27/05/2021","2 Metropolitan","SALISBURY EAST","5109","CITY OF SALISBURY",3,1,0,0,1,2018,"October","Wednesday","04:00 pm","060","Cross Road","Straight road","Slope","Not Applicable","Sealed","Dry","Not Raining","Daylight","Rear End","02","Driver Rider","2: MI","Traffic Signals","","",1334189.82,1684652.72,"13341901684653"
"2018-11363-27/05/2021","2 Metropolitan","DRY CREEK","5094","CITY OF PORT ADELAIDE ENFIELD",2,0,0,0,0,2018,"October","Wednesday","04:50 pm","060","Divided Road","CURVED, VIEW OPEN","Level","Not Applicable","Sealed","Dry","Not Raining","Daylight","Hit Fixed Object","01","Driver Rider","1: PDO","No Control","","",1327192.97,1680077.81,"13271931680078"
"2018-11364-27/05/2021","2 Metropolitan","PAYNEHAM","5070","CC OF NORWOOD,PAYNEHAM & ST PETERS",2,1,0,0,1,2018,"October","Wednesday","05:00 pm","060","Divided Road","Straight road","Level","Driveway or Entrance","Sealed","Dry","Not Raining","Daylight","Rear End","02","Driver Rider","2: MI","No Control","","",1332701.7,1674044.8,"13327021674045"
"2018-11365-27/05/2021","2 Metropolitan","PROSPECT","5082","CITY OF PROSPECT",3,0,0,0,0,2018,"October","Wednesday","05:10 pm","060","Divided Road","Straight road","Slope","Median Opening (not at I/S)","Sealed","Dry","Not Raining","Daylight","Rear End","01","Driver Rider","1: PDO","No Control","","",1328782.36,1676439.58,"13287821676440"
"2018-11366-27/05/2021","2 Metropolitan","HOPE VALLEY","5090","CITY OF TEA TREE GULLY",2,1,0,0,1,2018,"October","Tuesday","08:30 pm","060","T-Junction","Straight road","Level","Not Applicable","Sealed","Dry","Not Raining","Night","Right Angle","02","Driver Rider","2: MI","Traffic Signals","","",1337377.5,1679470.92,"13373781679471"