"REPORT_ID","Stats Area","Suburb","Postcode","LGA Name","Total Units","Total Cas","Total Fats","Total SI","Total MI","Year","Month","Day","Time","Area Speed","Position Type","Horizontal Align","Vertical Align","Other Feat","Road Surface","Moisture Cond","Weather Cond","DayNight","Crash Type","Unit Resp","Entity Code","CSEF Severity","Traffic Ctrls","DUI Involved","Drugs Involved","ACCLOC_X","ACCLOC_Y","UNIQUE_LOC"
"2018-13043-27/05/2021","2 Metropolitan","ANDREWS FARM","5114","CITY OF PLAYFORD.",2,0,0,0,0,2018,"December","Friday","02:25 pm","050","Not Divided","Straight road","Level","Driveway or Entrance","Sealed","Dry","Not Raining","Daylight","Hit Parked Vehicle","01","Driver Rider","1: PDO","No Control","","",1334615.7,1697679.45,"13346161697679"
"2018-13044-27/05/2021","2 Metropolitan","STIRLING","5152","THE ADELAIDE HILLS COUNCIL",2,1,0,0,1,2018,"December","Thursday","04:30 pm","060","T-Junction","CURVED, VIEW OPEN","Level","Not Applicable","Unsealed","Dry","Not Raining","Daylight","Rear End","02","Driver Rider","2: MI","No Control","","",1338783.47,1661765.64,"13387831661766"
"2018-13045-27/05/2021","3 Country","HINDMARSH VALLEY","5211","DC VICTOR HARBOR.             ",2,0,0,0,0,2018,"December","Friday","02:52 pm","100","Not Divided","CURVED, VIEW OPEN","Slope","Not Applicable","Sealed","Wet","Unknown","Daylight","Hit Fixed Object","01","Driver Rider","1: PDO","No Control","","",1329846.87,1609830.37,"13298471609830"
"2018-13046-27/05/2021","2 Metropolitan","ECHUNGA","5153","DC MT.BARKER.                 ",2,2,0,2,0,2018,"December","Friday","03:57 pm","100","Not Divided","CURVED, VIEW OPEN","Crest of Hill","Not Applicable","Sealed","Wet","Raining","Daylight","Head On","01","Driver Rider","3: SI","No Control","","",1345328.33,1648627.59,"13453281648628"
"2018-13047-27/05/2021","2 Metropolitan","KUDLA","5115","CT GAWLER.                    ",2,1,0,0,1,2018,"December","Thursday","04:30 pm","080","T-Junction","Straight road","Level","Not Applicable","Sealed","Wet","Not Raining","Daylight","Rear End","02","Driver Rider","2: MI","Stop Sign","","",1338632.39,1700810.66,"13386321700811"
"2018-13048-27/05/2021","3 Country","POLTALLOCH","5259","COORONG DISTRICT COUNCIL",1,1,0,0,1,2018,"December","Friday","05:30 pm","110","Not Divided","CURVED, VIEW OPEN","Level","Not Applicable","Sealed","Wet","Raining","Daylight","Roll Over","01","Driver Rider","2: MI","No Control","","",1395953.93,1596920.63,"13959541596921"
"2018-13049-27/05/2021","2 Metropolitan","WINGFIELD","5013","CITY OF PORT ADELAIDE ENFIELD",3,1,0,0,1,2018,"December","Friday","06:55 pm","060","Cross Road","Straight road","Level","Not Applicable","Sealed","Dry","Not Raining","Daylight","Rear End","01","Driver Rider","2: MI","Traffic Signals","Y","",1325526.91,1679186.68,"13255271679187"
"2018-13050-27/05/2021","2 Metropolitan","TORRENSVILLE","5031","CITY OF WEST TORRENS",2,0,0,0,0,2018,"December","Friday","06:50 am","060","Divided Road","Straight road","Level","Not Applicable","Sealed","Dry","Not Raining","Daylight","Side Swipe","02","Driver Rider","1: PDO","No Control","","",1325539.27,1671748.9,"13255391671749"
"2018-13051-27/05/2021","2 Metropolitan","MALVERN","5061","CITY OF UNLEY",2,0,0,0,0,2018,"December","Friday","07:04 pm","060","Cross Road","Straight road","Level","Not Applicable","Sealed","Dry","Not Raining","Daylight","Right Turn","01","Driver Rider","1: PDO","Stop Sign","","",1329099.24,1667560.8,"13290991667561"
"2018-13052-27/05/2021","2 Metropolitan","GREEN FIELDS","5107","CITY OF SALISBURY",2,1,0,0,1,2018,"December","Friday","05:55 pm","070","T-Junction","Straight road","Level","Not Applicable","Sealed","Dry","Not Raining","Daylight","Right Angle","01","Driver Rider","2: MI","No Control","","",1329803.98,1684751.97,"13298041684752"
"2018-13053-27/05/2021","3 Country","YANKALILLA","5203","DC YANKALILLA.                ",1,1,0,0,1,2018,"December","Friday","07:15 pm","100","Not Divided","CURVED, VIEW OPEN","Bottom of Hill","Not Applicable","Sealed","Wet","Raining","Daylight","Roll Over","01","Driver Rider","2: MI","No Control","","",1304932.38,1613269.79,"13049321613270"
"2018-13054-27/05/2021","3 Country","BLANCHETOWN","5357","MID MURRAY DISTRICT COUNCIL",2,0,0,0,0,2018,"December","Friday","04:08 pm","110","Not Divided","Straight road","Level","Not Applicable","Sealed","Dry","Not Raining","Daylight","Rear End","01","Driver Rider","1: PDO","No Control","","",1417929.13,1729165.66,"14179291729166"
"2018-13055-27/05/2021","2 Metropolitan","HINDMARSH","5007","CITY OF CHARLES STURT",2,0,0,0,0,2018,"December","Friday","06:05 pm","050","Not Divided","Straight road","Level","Not Applicable","Sealed","Dry","Not Raining","Daylight","Hit Parked Vehicle","02","Driver Rider","1: PDO","No Control","","",1325754.79,1673186.47,"13257551673186"
"2018-13056-27/05/2021","3 Country","BLANCHETOWN","5357","MID MURRAY DISTRICT COUNCIL",2,1,0,0,1,2018,"December","Friday","02:45 pm","110","Not Divided","Straight road","Level","Not Applicable","Sealed","Dry","Not Raining","Daylight","Hit Fixed Object","01","Driver Rider","2: MI","No Control","","",1408942.72,1727103.59,"14089431727104"
"2018-13057-27/05/2021","2 Metropolitan","PARALOWIE","5108","CITY OF SALISBURY",2,0,0,0,0,2018,"December","Thursday","03:15 pm","050","Not Divided","Straight road","Level","Driveway or Entrance","Sealed","Dry","Not Raining","Daylight","Hit Pedestrian","02","Driver Rider","1: PDO","No Control","","",1328719.19,1689298.75,"13287191689299"
"2018-13058-27/05/2021","2 Metropolitan","EDINBURGH NORTH","5113","CITY OF PLAYFORD.",2,0,0,0,0,2018,"December","Friday","05:20 pm","060","T-Junction","Straight road","Level","Not Applicable","Sealed","Dry","Not Raining","Daylight","Right Angle","02","Driver Rider","1: PDO","No Control","","",1334552.92,1695064.03,"13345531695064"
"2018-13059-27/05/2021","2 Metropolitan","DOVER GARDENS","5048","CC MARION.                    ",3,0,0,0,0,2018,"December","Friday","09:45 pm","060","Divided Road","Straight road","Level","Not Applicable","Sealed","Dry","Not Raining","Night","Hit Parked Vehicle","01","Driver Rider","1: PDO","No Control","Y","",1322184.43,1660586.49,"13221841660586"
"2018-13060-27/05/2021","2 Metropolitan","WILLASTON","5118","CT GAWLER.                    ",2,0,0,0,0,2018,"December","Friday","09:25 pm","050","T-Junction","Straight road","Level","Not Applicable","Sealed","Dry","Not Raining","Night","Right Angle","01","Driver Rider","1: PDO","No Control","","",1342737.32,1707897.28,"13427371707897"
"2018-13061-27/05/2021","2 Metropolitan","BROOKLYN PARK","5032","CITY OF WEST TORRENS",2,2,0,0,2,2018,"December","Friday","09:40 pm","060","T-Junction","Straight road","Level","Not Applicable","Sealed","Dry","Not Raining","Night","Right Turn","01","Driver Rider","2: MI","Traffic Signals","","",1324123.03,1670938.82,"13241231670939"
"2018-13062-27/05/2021","3 Country","THE PINES","5577","YORKE PENINSULA COUNCIL",2,1,0,1,0,2018,"December","Friday","03:55 pm","030","Not Divided","Straight road","Level","Not Applicable","Sealed","Wet","Raining","Daylight","Hit Fixed Object","01","Driver Rider","3: SI","No Control","","",1197423.18,1675471.06,"11974231675471"
"2018-13063-27/05/2021","2 Metropolitan","MITCHELL PARK","5043","CC MARION.                    ",2,1,0,0,1,2018,"December","Friday","02:20 pm","060","Divided Road","Straight road","Level","Not Applicable","Sealed","Wet","Raining","Daylight","Rear End","02","Driver Rider","2: MI","No Control","","",1324338.02,1662885.48,"13243381662885"
"2018-13064-27/05/2021","2 Metropolitan","SURREY DOWNS","5126","CITY OF TEA TREE GULLY",2,0,0,0,0,2018,"December","Friday","10:15 pm","050","Not Divided","CURVED, VIEW OPEN","Level","Not Applicable","Sealed","Dry","Not Raining","Night","Hit Fixed Object","01","Driver Rider","1: PDO","No Control","","",1339582.19,1684616.4,"13395821684616"
"2018-13065-27/05/2021","2 Metropolitan","BEDFORD PARK","5042","CC MITCHAM.                   ",2,1,0,0,1,2018,"December","Saturday","12:30 am","060","T-Junction","CURVED, VIEW OPEN","Level","Not Applicable","Sealed","Dry","Not Raining","Night","Rear End","02","Driver Rider","2: MI","No Control","","",1324909.71,1660120.09,"13249101660120"
"2018-13066-27/05/2021","2 Metropolitan","MAWSON LAKES","5095","CITY OF SALISBURY",2,0,0,0,0,2018,"December","Saturday","03:50 am","070","T-Junction","Straight road","Level","Not Applicable","Sealed","Dry","Not Raining","Night","Side Swipe","01","Driver Rider","1: PDO","Give Way Sign","","",1329252.14,1684034.21,"13292521684034"
"2018-13067-27/05/2021","2 Metropolitan","PROSPECT","5082","CITY OF PROSPECT",2,0,0,0,0,2018,"December","Saturday","04:15 am","050","Not Divided","Straight road","Bottom of Hill","Not Applicable","Sealed","Dry","Not Raining","Night","Hit Parked Vehicle","02","Driver Rider","1: PDO","No Control","","",1327390.5,1674178.14,"13273911674178"
"2018-13068-27/05/2021","2 Metropolitan","SMITHFIELD","5114","CITY OF PLAYFORD.",2,1,0,0,1,2018,"December","Saturday","06:03 am","050","T-Junction","Straight road","Level","Not Applicable","Sealed","Dry","Not Raining","Daylight","Right Angle","02","Driver Rider","2: MI","Traffic Signals","","",1337904.44,1697173.62,"13379041697174"
"2018-13069-27/05/2021","2 Metropolitan","LIGHTSVIEW","5085","CITY OF PORT ADELAIDE ENFIELD",2,1,0,0,1,2018,"December","Saturday","06:25 am","060","Divided Road","Straight road","Level","Not Applicable","Sealed","Dry","Not Raining","Daylight","Hit Fixed Object","01","Driver Rider","2: MI","No Control","","Y",1330406.46,1677790.11,"13304061677790"
"2018-13070-27/05/2021","2 Metropolitan","LONSDALE","5160","CITY OF ONKAPARINGA",2,0,0,0,0,2018,"December","Friday","10:30 am","070","T-Junction","Straight road","Slope","Not Applicable","Sealed","Wet","Raining","Daylight","Right Turn","02","Driver Rider","1: PDO","No Control","","",1318106.31,1649778.67,"13181061649779"
"2018-13071-27/05/2021","2 Metropolitan","SHEIDOW PARK","5158","CC MARION.                    ",2,0,0,0,0,2018,"December","Saturday","07:00 am","060","T-Junction","Straight road","Level","Not Applicable","Sealed","Dry","Not Raining","Daylight","Hit Fixed Object","01","Driver Rider","1: PDO","Roundabout","","",1321796.95,1654205.83,"13217971654206"
"2018-13072-27/05/2021","2 Metropolitan","VISTA","5091","CITY OF TEA TREE GULLY",1,1,0,0,1,2018,"December","Saturday","12:30 am","060","Not Divided","CURVED, VIEW OBSCURED","Slope","Not Applicable","Sealed","Dry","Not Raining","Night","Roll Over","01","Driver Rider","2: MI","No Control","","",1340219,1679764.01,"13402191679764"
"2018-13073-27/05/2021","2 Metropolitan","CLELAND","5152","THE ADELAIDE HILLS COUNCIL",2,2,0,0,2,2018,"December","Saturday","09:26 am","080","Not Divided","CURVED, VIEW OBSCURED","Slope","Not Applicable","Sealed","Wet","Not Raining","Daylight","Hit Fixed Object","01","Driver Rider","2: MI","No Control","","",1338440.81,1665825.34,"13384411665825"
"2018-13074-27/05/2021","2 Metropolitan","PASADENA","5042","CC MITCHAM.                   ",2,0,0,0,0,2018,"December","Friday","08:00 am","060","Divided Road","Straight road","Slope","Not Applicable","Sealed","Wet","Raining","Daylight","Rear End","01","Driver Rider","1: PDO","No Control","","",1326929.56,1661465.29,"13269301661465"
"2018-13075-27/05/2021","2 Metropolitan","SALISBURY","5108","CITY OF SALISBURY",2,1,0,0,1,2018,"December","Saturday","10:55 am","050","T-Junction","Straight road","Level","Not Applicable","Sealed","Dry","Not Raining","Daylight","Right Angle","02","Driver Rider","2: MI","Give Way Sign","","",1332728.57,1688571.7,"13327291688572"
"2018-13076-27/05/2021","2 Metropolitan","TOTNESS","5250","DC MT.BARKER.                 ",4,3,0,0,3,2018,"December","Saturday","09:25 am","080","Cross Road","Straight road","Level","Not Applicable","Sealed","Dry","Not Raining","Daylight","Roll Over","01","Driver Rider","2: MI","Traffic Signals","","",1350984.56,1655305.14,"13509851655305"
"2018-13077-27/05/2021","2 Metropolitan","URRBRAE","5064","CC MITCHAM.                   ",2,1,0,0,1,2018,"December","Saturday","11:20 am","060","T-Junction","Straight road","Level","Not Applicable","Sealed","Dry","Not Raining","Daylight","Right Angle","01","Driver Rider","2: MI","Stop Sign","","",1331592.03,1666315.48,"13315921666315"
"2018-13078-27/05/2021","2 Metropolitan","GREEN FIELDS","5107","CITY OF SALISBURY",2,0,0,0,0,2018,"December","Saturday","11:13 am","080","T-Junction","Straight road","Level","Not Applicable","Sealed","Dry","Not Raining","Daylight","Hit Fixed Object","01","Driver Rider","1: PDO","Traffic Signals","","",1328689.4,1685255.52,"13286891685256"
"2018-13079-27/05/2021","2 Metropolitan","DARLINGTON","5047","CITY OF ONKAPARINGA",2,1,0,0,1,2018,"December","Saturday","11:00 am","080","Divided Road","CURVED, VIEW OBSCURED","Slope","Not Applicable","Sealed","Dry","Not Raining","Daylight","Hit Fixed Object","01","Driver Rider","2: MI","No Control","","",1324103.56,1659099.52,"13241041659100"
"2018-13080-27/05/2021","2 Metropolitan","HAHNDORF","5245","DC MT.BARKER.                 ",2,1,0,0,1,2018,"December","Saturday","11:30 am","060","Not Divided","CURVED, VIEW OPEN","Level","Not Applicable","Sealed","Dry","Not Raining","Daylight","Hit Fixed Object","01","Driver Rider","2: MI","No Control","","",1346744.16,1659470.24,"13467441659470"
"2018-13081-27/05/2021","2 Metropolitan","PARK HOLME","5043","CC MARION.                    ",3,1,0,0,1,2018,"December","Saturday","11:30 am","060","Divided Road","Straight road","Level","Not Applicable","Sealed","Dry","Not Raining","Daylight","Rear End","02","Driver Rider","2: MI","No Control","","",1324311.26,1664054.98,"13243111664055"
"2018-13082-27/05/2021","1 City","NORTH ADELAIDE","5006","CITY OF ADELAIDE",2,2,0,0,2,2018,"December","Saturday","12:40 pm","050","Cross Road","Straight road","Crest of Hill","Not Applicable","Sealed","Dry","Not Raining","Daylight","Side Swipe","02","Driver Rider","2: MI","Traffic Signals","Y","",1327944.4,1672141.81,"13279441672142"
"2018-13083-27/05/2021","2 Metropolitan","ALBERT PARK","5014","CITY OF CHARLES STURT",2,0,0,0,0,2018,"December","Saturday","12:00 pm","060","Divided Road","Straight road","Level","Driveway or Entrance","Sealed","Dry","Not Raining","Daylight","Right Angle","01","Driver Rider","1: PDO","No Control","","",1321781.28,1676654.4,"13217811676654"
"2018-13084-27/05/2021","2 Metropolitan","PARA HILLS WEST","5096","CITY OF SALISBURY",2,1,0,1,0,2018,"December","Saturday","12:02 pm","060","T-Junction","Straight road","Level","Not Applicable","Sealed","Dry","Not Raining","Daylight","Right Angle","02","Driver Rider","3: SI","No Control","","",1334052.2,1684481.31,"13340521684481"
"2018-13085-27/05/2021","2 Metropolitan","CAMPBELLTOWN","5074","CC CAMPBELLTOWN.              ",3,2,0,0,2,2018,"December","Saturday","01:00 pm","060","T-Junction","Straight road","Level","Not Applicable","Sealed","Dry","Not Raining","Daylight","Rear End","01","Driver Rider","2: MI","Traffic Signals","","",1334468.27,1675734.19,"13344681675734"
"2018-13086-27/05/2021","2 Metropolitan","CLARENCE GARDENS","5039","CC MITCHAM.                   ",2,0,0,0,0,2018,"December","Friday","07:55 pm","060","Rail Xing","Straight road","Level","Not Applicable","Sealed","Dry","Not Raining","Daylight","Right Angle","02","Driver Rider","1: PDO","Traffic Signals","","",1325891.6,1666151.9,"13258921666152"
"2018-13087-27/05/2021","2 Metropolitan","MORPHETTVILLE","5043","CC MARION.                    ",2,0,0,0,0,2018,"December","Saturday","12:20 pm","060","T-Junction","Straight road","Level","Not Applicable","Sealed","Dry","Not Raining","Daylight","Right Turn","01","Driver Rider","1: PDO","No Control","","",1322660.95,1664507.42,"13226611664507"
"2018-13088-27/05/2021","3 Country","MIDGEE","5602","DC FRANKLIN HARBOR.           ",2,0,0,0,0,2018,"December","Saturday","12:15 pm","110","Not Divided","Straight road","Slope","Not Applicable","Sealed","Wet","Raining","Daylight","Hit Fixed Object","01","Driver Rider","1: PDO","No Control","","",1190420.54,1838850.35,"11904211838850"
"2018-13089-27/05/2021","2 Metropolitan","MEDINDIE","5081","WALKERVILLE TOWN COUNCIL",4,1,0,0,1,2018,"December","Friday","02:00 pm","060","Divided Road","Straight road","Level","Not Applicable","Sealed","Dry","Not Raining","Daylight","Rear End","01","Driver Rider","2: MI","No Control","","",1329224.52,1673356.48,"13292251673356"
"2018-13090-27/05/2021","2 Metropolitan","BIRKENHEAD","5015","CITY OF PORT ADELAIDE ENFIELD",2,0,0,0,0,2018,"December","Saturday","02:30 pm","060","Cross Road","Straight road","Level","Not Applicable","Sealed","Dry","Not Raining","Daylight","Right Turn","02","Driver Rider","1: PDO","Traffic Signals","","",1319898.07,1680563.63,"13198981680564"
"2018-13091-27/05/2021","2 Metropolitan","EXETER","5019","CITY OF PORT ADELAIDE ENFIELD",2,0,0,0,0,2018,"December","Saturday","03:35 pm","050","T-Junction","Straight road","Level","Not Applicable","Sealed","Dry","Not Raining","Daylight","Right Turn","02","Driver Rider","1: PDO","Traffic Signals","","",1319005.86,1680428.29,"13190061680428"
"2018-13092-27/05/2021","2 Metropolitan","ANGLE VALE","5117","CITY OF PLAYFORD.",3,0,0,0,0,2018,"December","Saturday","02:15 pm","050","Pedestrian Crossing","Straight road","Level","Not Applicable","Sealed","Dry","Not Raining","Daylight","Hit Fixed Object","01","Driver Rider","1: PDO","Traffic Signals","","",1333880.53,1701718.76,"13338811701719"
"2018-13093-27/05/2021","2 Metropolitan","NOARLUNGA CENTRE","5168","CITY OF ONKAPARINGA",2,0,0,0,0,2018,"December","Saturday","03:15 pm","050","Not Divided","Straight road","Level","Driveway or Entrance","Sealed","Dry","Not Raining","Daylight","Right Angle","01","Driver Rider","1: PDO","No Control","","",1317978.25,1647266.93,"13179781647267"
"2018-13094-27/05/2021","2 Metropolitan","SEAFORD","5169","CITY OF ONKAPARINGA",3,0,0,0,0,2018,"December","Saturday","04:15 pm","050","Not Divided","Straight road","Level","Not Applicable","Sealed","Dry","Not Raining","Daylight","Hit Parked Vehicle","01","Driver Rider","1: PDO","No Control","","",1316186.38,1642677.6,"13161861642678"
"2018-13095-27/05/2021","2 Metropolitan","KIDMAN PARK","5025","CITY OF CHARLES STURT",2,0,0,0,0,2018,"December","Saturday","04:30 pm","060","T-Junction","Straight road","Level","Not Applicable","Sealed","Dry","Not Raining","Daylight","Right Angle","02","Driver Rider","1: PDO","No Control","","",1321925.68,1673105.84,"13219261673106"
"2018-13096-27/05/2021","2 Metropolitan","PARALOWIE","5108","CITY OF SALISBURY",1,1,0,0,1,2018,"December","Saturday","04:43 pm","050","Not Divided","Straight road","Level","Not Applicable","Sealed","Dry","Not Raining","Daylight","Roll Over","01","Driver Rider","2: MI","No Control","","",1329803.7,1688883.01,"13298041688883"
"2018-13097-27/05/2021","2 Metropolitan","COLLINSWOOD","5081","CITY OF PROSPECT",3,0,0,0,0,2018,"December","Saturday","10:55 am","060","T-Junction","Straight road","Level","Not Applicable","Sealed","Dry","Not Raining","Daylight","Rear End","02","Driver Rider","1: PDO","No Control","","",1330290.51,1675041.21,"13302911675041"
"2018-13098-27/05/2021","2 Metropolitan","SOUTH PLYMPTON","5038","CC MARION.                    ",2,1,0,0,1,2018,"December","Friday","06:02 pm","060","Cross Road","Straight road","Level","Not Applicable","Sealed","Dry","Not Raining","Daylight","Right Turn","01","Driver Rider","2: MI","Traffic Signals","","",1324247.86,1666104.37,"13242481666104"
"2018-13099-27/05/2021","2 Metropolitan","PARADISE","5075","CC CAMPBELLTOWN.              ",2,0,0,0,0,2018,"December","Thursday","03:00 pm","060","Cross Road","Straight road","Level","Not Applicable","Sealed","Wet","Raining","Daylight","Hit Fixed Object","01","Driver Rider","1: PDO","Traffic Signals","","",1334976.63,1676238.55,"13349771676239"
"2018-13100-27/05/2021","2 Metropolitan","KURRALTA PARK","5037","CITY OF WEST TORRENS",4,1,0,0,1,2018,"December","Friday","08:20 pm","060","T-Junction","Straight road","Level","Not Applicable","Sealed","Dry","Not Raining","Daylight","Rear End","01","Driver Rider","2: MI","No Control","","",1325217.14,1667305.99,"13252171667306"
"2018-13101-27/05/2021","3 Country","DUBLIN","5501","DC MALLALA.                   ",2,1,0,1,0,2018,"December","Saturday","01:54 pm","110","Divided Road","Straight road","Level","Not Applicable","Sealed","Dry","Not Raining","Daylight","Hit Pedestrian","02","Pedestrian","3: SI","No Control","Y","",1307070.6,1724551.72,"13070711724552"
"2018-13102-27/05/2021","2 Metropolitan","MILE END","5031","CITY OF WEST TORRENS",3,0,0,0,0,2018,"December","Saturday","09:40 pm","050","Not Divided","Straight road","Level","Not Applicable","Sealed","Dry","Not Raining","Night","Hit Parked Vehicle","01","Driver Rider","1: PDO","No Control","Y","",1325305.97,1670653.16,"13253061670653"
"2018-13103-27/05/2021","2 Metropolitan","HIGHBURY","5089","CITY OF TEA TREE GULLY",2,0,0,0,0,2018,"December","Saturday","11:35 pm","050","Not Divided","Straight road","Level","Not Applicable","Sealed","Dry","Not Raining","Night","Hit Parked Vehicle","01","Driver Rider","1: PDO","No Control","Y","",1338557.35,1678879.76,"13385571678880"
"2018-13104-27/05/2021","2 Metropolitan","ALDINGA","5173","CITY OF ONKAPARINGA",2,0,0,0,0,2018,"December","Sunday","12:25 am","090","Divided Road","Straight road","Slope","Not Applicable","Sealed","Wet","Raining","Night","Hit Fixed Object","01","Driver Rider","1: PDO","No Control","","",1317579.17,1634387.26,"13175791634387"
"2018-13105-27/05/2021","2 Metropolitan","WOODVILLE GARDENS","5012","CITY OF PORT ADELAIDE ENFIELD",2,1,0,0,1,2018,"December","Sunday","01:40 am","050","Not Divided","Straight road","Level","Not Applicable","Sealed","Wet","Raining","Night","Hit Fixed Object","01","Driver Rider","2: MI","No Control","","",1324379.67,1676850.08,"13243801676850"
"2018-13106-27/05/2021","2 Metropolitan","CHRISTIES BEACH","5165","CITY OF ONKAPARINGA",2,0,0,0,0,2018,"December","Sunday","01:25 am","060","Divided Road","Straight road","Level","Not Applicable","Sealed","Wet","Raining","Night","Hit Fixed Object","01","Driver Rider","1: PDO","No Control","","",1316785.92,1647406.57,"13167861647407"
"2018-13107-27/05/2021","2 Metropolitan","SEAFORD","5169","CITY OF ONKAPARINGA",3,0,0,0,0,2018,"December","Saturday","12:30 pm","070","Divided Road","Straight road","Level","Driveway or Entrance","Sealed","Dry","Not Raining","Daylight","Rear End","01","Driver Rider","1: PDO","No Control","","",1316370.61,1641853.51,"13163711641854"
"2018-13108-27/05/2021","2 Metropolitan","THORNGATE","5082","CITY OF PROSPECT",2,1,0,0,1,2018,"December","Sunday","08:51 am","060","Cross Road","Straight road","Level","Not Applicable","Sealed","Wet","Raining","Daylight","Right Turn","01","Driver Rider","2: MI","Traffic Signals","","",1328127.05,1673664.08,"13281271673664"
"2018-13109-27/05/2021","3 Country","THE PINES","5577","YORKE PENINSULA COUNCIL",2,1,0,0,1,2018,"December","Saturday","11:45 pm","100","Not Divided","Straight road","Level","Not Applicable","Unsealed","Dry","Not Raining","Night","Hit Fixed Object","01","Driver Rider","2: MI","No Control","","Y",1201952.71,1674682.3,"12019531674682"
"2018-13110-27/05/2021","2 Metropolitan","HOPE VALLEY","5090","CITY OF TEA TREE GULLY",2,0,0,0,0,2018,"December","Sunday","10:20 am","060","T-Junction","Straight road","Level","Not Applicable","Sealed","Wet","Raining","Daylight","Right Angle","01","Driver Rider","1: PDO","Traffic Signals","","",1336918.1,1679461.71,"13369181679462"
"2018-13111-27/05/2021","3 Country","BEAUFORT","5550","WAKEFIELD REGIONAL COUNCIL",2,0,0,0,0,2018,"December","Sunday","11:00 am","100","T-Junction","Straight road","Level","Not Applicable","Unsealed","Dry","Not Raining","Daylight","Hit Fixed Object","01","Driver Rider","1: PDO","No Control","","",1289629.2,1763134.37,"12896291763134"
"2018-13112-27/05/2021","2 Metropolitan","SEATON","5023","CITY OF CHARLES STURT",2,0,0,0,0,2018,"December","Sunday","01:27 pm","050","Not Divided","Straight road","Level","Not Applicable","Sealed","Dry","Not Raining","Daylight","Hit Parked Vehicle","01","Driver Rider","1: PDO","No Control","","",1321191.36,1673919.85,"13211911673920"
"2018-13113-27/05/2021","2 Metropolitan","MALVERN","5061","CITY OF UNLEY",2,1,0,0,1,2018,"December","Sunday","02:15 pm","060","Cross Road","Straight road","Level","Not Applicable","Sealed","Dry","Not Raining","Daylight","Right Turn","01","Driver Rider","2: MI","Stop Sign","","",1329099.24,1667560.8,"13290991667561"
"2018-13114-27/05/2021","2 Metropolitan","SEATON","5023","CITY OF CHARLES STURT",3,1,0,0,1,2018,"December","Sunday","01:55 pm","060","Divided Road","Straight road","Level","Not Applicable","Sealed","Dry","Not Raining","Daylight","Hit Fixed Object","01","Driver Rider","2: MI","No Control","","",1320750.9,1674755.5,"13207511674756"
"2018-13115-27/05/2021","2 Metropolitan","NORTHFIELD","5085","CITY OF PORT ADELAIDE ENFIELD",2,0,0,0,0,2018,"December","Sunday","04:00 pm","060","Divided Road","Straight road","Slope","Not Applicable","Sealed","Dry","Not Raining","Daylight","Rear End","02","Driver Rider","1: PDO","No Control","","",1330725.13,1679296.15,"13307251679296"
"2018-13116-27/05/2021","2 Metropolitan","PAYNEHAM","5070","CC OF NORWOOD,PAYNEHAM & ST PETERS",2,0,0,0,0,2018,"December","Sunday","03:45 pm","060","Divided Road","Straight road","Level","Not Applicable","Sealed","Dry","Not Raining","Daylight","Rear End","01","Driver Rider","1: PDO","No Control","","",1332181.81,1673675.07,"13321821673675"
"2018-13117-27/05/2021","2 Metropolitan","BRIGHTON","5048","CITY OF HOLDFAST BAY",3,0,0,0,0,2018,"December","Saturday","03:30 pm","060","Divided Road","Straight road","Level","Not Applicable","Sealed","Dry","Not Raining","Daylight","Rear End","01","Driver Rider","1: PDO","No Control","","",1321153.87,1660365.39,"13211541660365"
"2018-13118-27/05/2021","2 Metropolitan","KENSINGTON PARK","5068","CITY OF BURNSIDE",2,0,0,0,0,2018,"December","Sunday","02:15 pm","060","Not Divided","Straight road","Level","Not Applicable","Sealed","Dry","Not Raining","Daylight","Right Turn","01","Driver Rider","1: PDO","No Control","","",1333893.85,1670641.47,"13338941670641"
"2018-13119-27/05/2021","3 Country","FISHER","5354","MID MURRAY DISTRICT COUNCIL",1,0,0,0,0,2018,"December","Saturday","03:15 pm","100","Not Divided","CURVED, VIEW OBSCURED","Level","Not Applicable","Unsealed","Dry","Not Raining","Daylight","Roll Over","01","Driver Rider","1: PDO","No Control","","",1420072.53,1716914.27,"14200731716914"
"2018-13120-27/05/2021","3 Country","BURRA","5417","REGIONAL COUNCIL OF GOYDER",2,0,0,0,0,2018,"December","Sunday","12:50 am","110","Not Divided","CURVED, VIEW OPEN","Level","Not Applicable","Sealed","Dry","Not Raining","Night","Hit Fixed Object","01","Driver Rider","1: PDO","No Control","","",1360747.65,1805415.81,"13607481805416"
"2018-13121-27/05/2021","2 Metropolitan","COROMANDEL VALLEY","5051","CITY OF ONKAPARINGA",2,0,0,0,0,2018,"December","Sunday","08:30 pm","060","T-Junction","CURVED, VIEW OBSCURED","Slope","Not Applicable","Sealed","Dry","Not Raining","Night","Hit Fixed Object","01","Driver Rider","1: PDO","No Control","","",1330288.11,1657609.31,"13302881657609"