"REPORT_ID","Stats Area","Suburb","Postcode","LGA Name","Total Units","Total Cas","Total Fats","Total SI","Total MI","Year","Month","Day","Time","Area Speed","Position Type","Horizontal Align","Vertical Align","Other Feat","Road Surface","Moisture Cond","Weather Cond","DayNight","Crash Type","Unit Resp","Entity Code","CSEF Severity","Traffic Ctrls","DUI Involved","Drugs Involved","ACCLOC_X","ACCLOC_Y","UNIQUE_LOC"
"2018-13361-27/05/2021","2 Metropolitan","FORESTVILLE","5035","CITY OF UNLEY",2,0,0,0,0,2018,"December","Sunday","11:45 am","050","Not Divided","Straight road","Level","Not Applicable","Unsealed","Dry","Not Raining","Daylight","Head On","02","Driver Rider","1: PDO","No Control","","",1326691.68,1667814.19,"13266921667814"
"2018-13362-27/05/2021","2 Metropolitan","NORWOOD","5067","CC OF NORWOOD,PAYNEHAM & ST PETERS",1,1,0,0,1,2018,"December","Sunday","04:35 pm","050","Divided Road","Straight road","Level","Not Applicable","Sealed","Dry","Not Raining","Daylight","Roll Over","01","Driver Rider","2: MI","No Control","Y","",1331423.87,1671473.89,"13314241671474"
"2018-13363-27/05/2021","3 Country","MOUNT GAMBIER","5290","CC MT.GAMBIER.                ",2,0,0,0,0,2018,"December","Sunday","05:20 pm","060","Cross Road","Straight road","Level","Not Applicable","Sealed","Dry","Not Raining","Daylight","Right Angle","01","Driver Rider","1: PDO","Roundabout","","",1511198.82,1338402.67,"15111991338403"
"2018-13364-27/05/2021","1 City","ADELAIDE","5000","CITY OF ADELAIDE",2,0,0,0,0,2018,"December","Sunday","06:25 pm","050","Cross Road","Straight road","Level","Not Applicable","Sealed","Dry","Not Raining","Daylight","Right Turn","02","Driver Rider","1: PDO","Traffic Signals","","",1329244.29,1670538.33,"13292441670538"
"2018-13365-27/05/2021","2 Metropolitan","SALISBURY EAST","5109","CITY OF SALISBURY",2,0,0,0,0,2018,"December","Sunday","08:26 pm","060","Not Divided","Straight road","Level","Not Applicable","Sealed","Dry","Not Raining","Daylight","Rear End","02","Driver Rider","1: PDO","No Control","","",1334357.48,1685999.39,"13343571685999"
"2018-13366-27/05/2021","2 Metropolitan","SEAFORD MEADOWS","5169","CITY OF ONKAPARINGA",2,1,0,0,1,2018,"December","Sunday","08:28 pm","050","Cross Road","Straight road","Level","Not Applicable","Sealed","Dry","Not Raining","Daylight","Right Angle","01","Driver Rider","2: MI","Roundabout","","",1316580.21,1643238.39,"13165801643238"
"2018-13367-27/05/2021","3 Country","MIDDLETON","5213","ALEXANDRINA COUNCIL",1,1,0,1,0,2018,"December","Sunday","05:05 pm","050","Not Divided","Straight road","Level","Not Applicable","Sealed","Dry","Not Raining","Daylight","Roll Over","01","Driver Rider","3: SI","No Control","","",1338926.28,1605019.29,"13389261605019"
"2018-13368-27/05/2021","2 Metropolitan","TERINGIE","5072","THE ADELAIDE HILLS COUNCIL",3,1,0,0,1,2018,"December","Sunday","10:00 pm","060","Not Divided","CURVED, VIEW OBSCURED","Bottom of Hill","Road hump or Slow point","Sealed","Dry","Not Raining","Night","Hit Fixed Object","01","Driver Rider","2: MI","No Control","","",1337623.47,1672079.11,"13376231672079"
"2018-13369-27/05/2021","2 Metropolitan","DAVOREN PARK","5113","CITY OF PLAYFORD.",2,1,0,0,1,2018,"December","Monday","12:05 am","050","Not Divided","Straight road","Level","Driveway or Entrance","Sealed","Dry","Not Raining","Night","Rear End","02","Driver Rider","2: MI","No Control","","",1335739.83,1696232.04,"13357401696232"
"2018-13370-27/05/2021","3 Country","DUBLIN","5501","DC MALLALA.                   ",1,1,0,0,1,2018,"December","Monday","03:20 am","110","T-Junction","Straight road","Level","Not Applicable","Sealed","Dry","Not Raining","Night","Roll Over","01","Driver Rider","2: MI","No Control","","Y",1307332.35,1724114.67,"13073321724115"
"2018-13371-27/05/2021","2 Metropolitan","EDINBURGH","5111","CITY OF SALISBURY",2,2,0,0,2,2018,"December","Monday","05:56 am","060","Not Divided","Straight road","Level","Not Applicable","Sealed","Dry","Not Raining","Night","Head On","01","Driver Rider","2: MI","No Control","","",1333432.91,1690524.47,"13334331690524"
"2018-13372-27/05/2021","2 Metropolitan","SEMAPHORE","5019","CITY OF PORT ADELAIDE ENFIELD",2,1,0,0,1,2018,"December","Monday","09:00 am","060","Cross Road","Straight road","Level","Not Applicable","Sealed","Dry","Not Raining","Daylight","Hit Object on Road","01","Driver Rider","2: MI","Traffic Signals","","",1318227.43,1680640.39,"13182271680640"
"2018-13373-27/05/2021","2 Metropolitan","IRONBANK","5153","THE ADELAIDE HILLS COUNCIL",1,1,0,0,1,2018,"December","Monday","06:30 am","060","T-Junction","Straight road","Slope","Not Applicable","Sealed","Wet","Raining","Daylight","Roll Over","01","Driver Rider","2: MI","Give Way Sign","","",1336563.06,1656915.96,"13365631656916"
"2018-13374-27/05/2021","2 Metropolitan","MYRTLE BANK","5064","CITY OF UNLEY",3,0,0,0,0,2018,"December","Wednesday","01:00 pm","050","Not Divided","Straight road","Level","Not Applicable","Sealed","Dry","Not Raining","Daylight","Hit Parked Vehicle","01","Driver Rider","1: PDO","No Control","","",1331005.63,1666931.33,"13310061666931"
"2018-13375-27/05/2021","2 Metropolitan","NORWOOD","5067","CC OF NORWOOD,PAYNEHAM & ST PETERS",2,0,0,0,0,2018,"December","Sunday","02:30 pm","060","Cross Road","Straight road","Level","Not Applicable","Sealed","Dry","Not Raining","Daylight","Side Swipe","02","Driver Rider","1: PDO","Roundabout","","",1330623.32,1670361.88,"13306231670362"
"2018-13376-27/05/2021","2 Metropolitan","LONSDALE","5160","CITY OF ONKAPARINGA",1,1,0,0,1,2018,"December","Sunday","01:30 pm","100","Divided Road","CURVED, VIEW OPEN","Crest of Hill","Not Applicable","Sealed","Dry","Not Raining","Daylight","Roll Over","01","Driver Rider","2: MI","No Control","","Y",1318703.01,1651569.18,"13187031651569"
"2018-13377-27/05/2021","2 Metropolitan","ELIZABETH SOUTH","5112","CITY OF PLAYFORD.",2,0,0,0,0,2018,"December","Monday","10:16 am","060","Divided Road","Straight road","Level","Not Applicable","Sealed","Dry","Not Raining","Daylight","Rear End","01","Driver Rider","1: PDO","No Control","","",1334427,1690536.82,"13344271690537"
"2018-13378-27/05/2021","2 Metropolitan","ELIZABETH PARK","5113","CITY OF PLAYFORD.",3,0,0,0,0,2018,"December","Monday","09:55 am","060","Cross Road","CURVED, VIEW OPEN","Bottom of Hill","Not Applicable","Sealed","Dry","Not Raining","Daylight","Right Angle","02","Driver Rider","1: PDO","Roundabout","","",1337678.77,1694613.43,"13376791694613"
"2018-13379-27/05/2021","2 Metropolitan","PROSPECT","5082","CITY OF PROSPECT",4,0,0,0,0,2018,"December","Monday","10:15 am","060","Cross Road","Straight road","Level","Not Applicable","Sealed","Dry","Not Raining","Daylight","Right Angle","02","Driver Rider","1: PDO","No Control","","",1328517.18,1676433.05,"13285171676433"
"2018-13380-27/05/2021","2 Metropolitan","URRBRAE","5064","CC MITCHAM.                   ",2,1,0,0,1,2018,"December","Monday","09:15 am","060","T-Junction","Straight road","Slope","Not Applicable","Sealed","Dry","Not Raining","Daylight","Right Turn","01","Driver Rider","2: MI","No Control","","",1332043.96,1666329.54,"13320441666330"
"2018-13381-27/05/2021","2 Metropolitan","PLYMPTON","5038","CITY OF WEST TORRENS",2,0,0,0,0,2018,"December","Sunday","04:00 pm","060","Divided Road","CURVED, VIEW OPEN","Level","Not Applicable","Sealed","Dry","Not Raining","Daylight","Side Swipe","02","Driver Rider","1: PDO","No Control","","",1323576.61,1666136.31,"13235771666136"
"2018-13382-27/05/2021","2 Metropolitan","MAYLANDS","5069","CC OF NORWOOD,PAYNEHAM & ST PETERS",2,1,0,0,1,2018,"December","Monday","09:31 am","060","Cross Road","Straight road","Level","Not Applicable","Sealed","Dry","Not Raining","Daylight","Rear End","01","Driver Rider","2: MI","Traffic Signals","","",1332238.21,1671761.6,"13322381671762"
"2018-13383-27/05/2021","2 Metropolitan","OTTOWAY","5013","CITY OF PORT ADELAIDE ENFIELD",2,1,0,0,1,2018,"December","Sunday","07:00 pm","050","Not Divided","Straight road","Level","Not Applicable","Sealed","Dry","Not Raining","Daylight","Hit Parked Vehicle","01","Driver Rider","2: MI","No Control","","",1322909.46,1679813.1,"13229091679813"
"2018-13384-27/05/2021","3 Country","TANUNDA","5352","THE BAROSSA COUNCIL.",2,0,0,0,0,2018,"December","Monday","11:29 am","080","Cross Road","Straight road","Level","Not Applicable","Sealed","Dry","Not Raining","Daylight","Right Angle","01","Driver Rider","1: PDO","Stop Sign","","",1364042.61,1713570.72,"13640431713571"
"2018-13385-27/05/2021","2 Metropolitan","WOODVILLE","5011","CITY OF CHARLES STURT",3,0,0,0,0,2018,"December","Monday","01:27 pm","050","Not Divided","Straight road","Level","Not Applicable","Sealed","Dry","Not Raining","Daylight","Rear End","01","Driver Rider","1: PDO","No Control","","",1323486.42,1676710.23,"13234861676710"
"2018-13386-27/05/2021","2 Metropolitan","WARRADALE","5046","CC MARION.                    ",2,2,0,0,2,2018,"December","Monday","01:50 pm","060","Not Divided","Straight road","Level","Driveway or Entrance","Sealed","Dry","Not Raining","Daylight","Right Angle","01","Driver Rider","2: MI","No Control","","",1322764.27,1661027.83,"13227641661028"
"2018-13387-27/05/2021","2 Metropolitan","NEWTON","5074","CC CAMPBELLTOWN.              ",2,0,0,0,0,2018,"December","Monday","02:21 pm","060","Cross Road","Straight road","Level","Not Applicable","Sealed","Dry","Not Raining","Daylight","Rear End","02","Driver Rider","1: PDO","Traffic Signals","","",1335409.35,1674554.22,"13354091674554"
"2018-13388-27/05/2021","2 Metropolitan","TAPEROO","5017","CITY OF PORT ADELAIDE ENFIELD",2,0,0,0,0,2018,"December","Monday","02:14 pm","060","Cross Road","Straight road","Level","Not Applicable","Sealed","Dry","Not Raining","Daylight","Right Angle","02","Driver Rider","1: PDO","Give Way Sign","","",1319893.71,1683541.99,"13198941683542"
"2018-13389-27/05/2021","2 Metropolitan","LINDEN PARK","5065","CITY OF BURNSIDE",2,0,0,0,0,2018,"December","Monday","01:24 pm","060","Divided Road","Straight road","Level","Not Applicable","Sealed","Dry","Not Raining","Daylight","Hit Parked Vehicle","02","Driver Rider","1: PDO","No Control","","",1332344.77,1668081.25,"13323451668081"
"2018-13390-27/05/2021","2 Metropolitan","KESWICK","5035","CITY OF WEST TORRENS",2,0,0,0,0,2018,"December","Sunday","03:26 pm","060","Cross Road","Straight road","Level","Not Applicable","Sealed","Dry","Not Raining","Daylight","Side Swipe","02","Driver Rider","1: PDO","Traffic Signals","","",1325794.33,1668947.63,"13257941668948"
"2018-13391-27/05/2021","3 Country","HYNAM","5262","DC NARACOORTE & LUCINDALE.",2,1,0,0,1,2018,"December","Monday","03:45 pm","100","Not Divided","Straight road","Level","Not Applicable","Sealed","Dry","Not Raining","Daylight","Hit Fixed Object","01","Driver Rider","2: MI","No Control","","",1520121.45,1438861.48,"15201211438861"
"2018-13392-27/05/2021","3 Country","YORKETOWN","5576","YORKE PENINSULA COUNCIL",2,0,0,0,0,2018,"December","Saturday","03:00 pm","100","T-Junction","CURVED, VIEW OBSCURED","Level","Not Applicable","Sealed","Dry","Not Raining","Daylight","Right Angle","01","Driver Rider","1: PDO","Give Way Sign","","",1242787.23,1663436.88,"12427871663437"
"2018-13393-27/05/2021","2 Metropolitan","FLAGSTAFF HILL","5159","CITY OF ONKAPARINGA",3,0,0,0,0,2018,"December","Monday","05:15 pm","070","Divided Road","CURVED, VIEW OPEN","Slope","Not Applicable","Sealed","Dry","Not Raining","Daylight","Rear End","01","Driver Rider","1: PDO","No Control","","",1324797.19,1658537.81,"13247971658538"
"2018-13394-27/05/2021","2 Metropolitan","MCLAREN VALE","5171","CITY OF ONKAPARINGA",3,2,0,0,2,2018,"December","Monday","04:10 pm","060","Cross Road","Straight road","Level","Not Applicable","Sealed","Dry","Not Raining","Daylight","Right Angle","01","Driver Rider","2: MI","Give Way Sign","","",1322927.48,1637161.46,"13229271637161"
"2018-13395-27/05/2021","2 Metropolitan","SEAFORD MEADOWS","5169","CITY OF ONKAPARINGA",2,0,0,0,0,2018,"December","Monday","03:10 pm","070","Cross Road","Straight road","Level","Not Applicable","Sealed","Dry","Not Raining","Daylight","Right Turn","01","Driver Rider","1: PDO","Traffic Signals","","",1316341.55,1642778.25,"13163421642778"
"2018-13396-27/05/2021","2 Metropolitan","CHANDLERS HILL","5159","CITY OF ONKAPARINGA",2,1,0,0,1,2018,"December","Monday","07:40 pm","080","T-Junction","CURVED, VIEW OPEN","Level","Not Applicable","Sealed","Dry","Not Raining","Daylight","Hit Fixed Object","01","Driver Rider","2: MI","Stop Sign","","",1328990.87,1651888.16,"13289911651888"
"2018-13397-27/05/2021","2 Metropolitan","HAZELWOOD PARK","5066","CITY OF BURNSIDE",2,0,0,0,0,2018,"December","Monday","07:25 pm","060","Not Divided","Straight road","Slope","Not Applicable","Sealed","Dry","Not Raining","Daylight","Side Swipe","01","Driver Rider","1: PDO","No Control","","",1333955.69,1668532.91,"13339561668533"
"2018-13398-27/05/2021","3 Country","WHYALLA PLAYFORD","5600","CC WHYALLA.                   ",2,1,0,0,1,2018,"December","Monday","05:10 pm","060","Cross Road","Straight road","Slope","Not Applicable","Sealed","Dry","Not Raining","Daylight","Right Turn","02","Driver Rider","2: MI","Traffic Signals","","",1239373,1883265.76,"12393731883266"
"2018-13399-27/05/2021","2 Metropolitan","GOLDEN GROVE","5125","CITY OF TEA TREE GULLY",2,0,0,0,0,2018,"December","Monday","09:56 pm","060","Not Divided","Straight road","Slope","Not Applicable","Sealed","Dry","Not Raining","Night","Hit Fixed Object","01","Driver Rider","1: PDO","No Control","","",1340874.46,1686895.88,"13408741686896"
"2018-13400-27/05/2021","2 Metropolitan","BLAIR ATHOL","5084","CITY OF PORT ADELAIDE ENFIELD",2,0,0,0,0,2018,"December","Monday","09:43 pm","050","Not Divided","Straight road","Level","Not Applicable","Sealed","Dry","Not Raining","Night","Head On","02","Driver Rider","1: PDO","No Control","","",1328367.24,1677428.28,"13283671677428"
"2018-13401-27/05/2021","2 Metropolitan","BRIGHTON","5048","CITY OF HOLDFAST BAY",3,0,0,0,0,2018,"December","Monday","10:00 pm","060","Cross Road","Straight road","Level","Not Applicable","Sealed","Dry","Not Raining","Night","Right Turn","02","Driver Rider","1: PDO","Traffic Signals","","",1321148.27,1660553.89,"13211481660554"
"2018-13402-27/05/2021","2 Metropolitan","STURT","5047","CC MARION.                    ",2,0,0,0,0,2018,"December","Tuesday","01:30 am","060","Cross Road","Straight road","Level","Not Applicable","Sealed","Dry","Not Raining","Night","Right Angle","01","Driver Rider","1: PDO","Traffic Signals","","",1324404.88,1660668.91,"13244051660669"
"2018-13403-27/05/2021","2 Metropolitan","WARRADALE","5046","CC MARION.                    ",3,2,0,0,2,2018,"December","Tuesday","09:08 am","060","Cross Road","Straight road","Level","Not Applicable","Sealed","Dry","Not Raining","Daylight","Right Turn","01","Driver Rider","2: MI","Traffic Signals","","",1322704.43,1663065.16,"13227041663065"
"2018-13404-27/05/2021","2 Metropolitan","BLAKEVIEW","5114","CITY OF PLAYFORD.",2,1,0,1,0,2018,"December","Tuesday","03:10 am","060","Not Divided","Straight road","Slope","Not Applicable","Sealed","Dry","Not Raining","Night","Hit Pedestrian","01","Pedestrian","3: SI","No Control","","",1338688.16,1697399.8,"13386881697400"
"2018-13405-27/05/2021","3 Country","MURRAY BRIDGE","5253","RC MURRAY BRIDGE.             ",2,1,0,0,1,2018,"December","Tuesday","10:15 am","050","Cross Road","Straight road","Level","Not Applicable","Sealed","Dry","Not Raining","Daylight","Right Angle","02","Driver Rider","2: MI","Give Way Sign","","",1388679.58,1646477.14,"13886801646477"
"2018-13406-27/05/2021","3 Country","GOMERSAL","5352","LIGHT REGIONAL COUNCIL",2,0,0,0,0,2018,"December","Monday","04:24 pm","050","Not Divided","Straight road","Level","Not Applicable","Sealed","Dry","Not Raining","Daylight","Hit Parked Vehicle","01","Driver Rider","1: PDO","No Control","","",1356486.16,1711717.98,"13564861711718"
"2018-13407-27/05/2021","2 Metropolitan","SEAFORD RISE","5169","CITY OF ONKAPARINGA",2,0,0,0,0,2018,"December","Tuesday","11:30 am","050","Not Divided","CURVED, VIEW OPEN","Level","Not Applicable","Sealed","Dry","Not Raining","Daylight","Hit Fixed Object","01","Driver Rider","1: PDO","No Control","","Y",1317116.24,1640324.3,"13171161640324"
"2018-13408-27/05/2021","3 Country","MURRAY BRIDGE","5253","RC MURRAY BRIDGE.             ",2,0,0,0,0,2018,"December","Tuesday","06:45 am","060","Not Divided","Straight road","Level","Not Applicable","Sealed","Dry","Not Raining","Daylight","Hit Fixed Object","01","Driver Rider","1: PDO","No Control","","",1388569.59,1644724.12,"13885701644724"
"2018-13409-27/05/2021","2 Metropolitan","STURT","5047","CC MARION.                    ",2,0,0,0,0,2018,"December","Tuesday","11:30 am","070","Ramp Off","Straight road","Level","Not Applicable","Sealed","Dry","Not Raining","Daylight","Rear End","02","Driver Rider","1: PDO","No Control","","",1324323.04,1659853.57,"13243231659854"
"2018-13410-27/05/2021","2 Metropolitan","MEDINDIE","5081","WALKERVILLE TOWN COUNCIL",2,1,0,1,0,2018,"December","Tuesday","12:25 pm","050","Not Divided","Straight road","Level","Not Applicable","Sealed","Dry","Not Raining","Daylight","Hit Parked Vehicle","01","Driver Rider","3: SI","No Control","","",1329206.9,1673959.07,"13292071673959"
"2018-13411-27/05/2021","2 Metropolitan","MODBURY","5092","CITY OF TEA TREE GULLY",2,1,0,0,1,2018,"December","Tuesday","12:20 pm","060","T-Junction","Straight road","Crest of Hill","Not Applicable","Sealed","Dry","Not Raining","Daylight","Right Turn","01","Driver Rider","2: MI","No Control","","Y",1335345.67,1680576.19,"13353461680576"
"2018-13412-27/05/2021","2 Metropolitan","HOLDEN HILL","5088","CITY OF PORT ADELAIDE ENFIELD",2,1,0,0,1,2018,"December","Tuesday","11:30 am","060","Divided Road","Straight road","Level","Median Opening (not at I/S)","Sealed","Dry","Not Raining","Daylight","Rear End","01","Driver Rider","2: MI","No Control","","",1334370.49,1678370.6,"13343701678371"
"2018-13413-27/05/2021","2 Metropolitan","GLENELG SOUTH","5045","CITY OF HOLDFAST BAY",2,1,0,0,1,2018,"December","Tuesday","02:25 pm","050","Cross Road","Straight road","Level","Not Applicable","Sealed","Dry","Not Raining","Daylight","Right Angle","02","Driver Rider","2: MI","Roundabout","","",1320398.15,1664002.19,"13203981664002"
"2018-13414-27/05/2021","2 Metropolitan","THORNGATE","5082","WALKERVILLE TOWN COUNCIL",3,0,0,0,0,2018,"December","Tuesday","04:55 pm","060","Divided Road","Straight road","Level","Not Applicable","Sealed","Dry","Not Raining","Daylight","Side Swipe","01","Driver Rider","1: PDO","No Control","","",1328475.41,1673803.3,"13284751673803"
"2018-13415-27/05/2021","3 Country","TAYLORVILLE","5330","LOXTON WAIKERIE DISTRICT COUNCIL",2,0,0,0,0,2018,"December","Tuesday","03:40 pm","110","Not Divided","Straight road","Level","Not Applicable","Sealed","Dry","Not Raining","Daylight","Hit Fixed Object","01","Driver Rider","1: PDO","No Control","","",1454995.09,1759875.72,"14549951759876"
"2018-13416-27/05/2021","2 Metropolitan","WEST LAKES","5021","CITY OF CHARLES STURT",2,0,0,0,0,2018,"December","Tuesday","05:30 pm","060","Divided Road","Straight road","Level","Not Applicable","Sealed","Dry","Not Raining","Daylight","Hit Object on Road","01","Driver Rider","1: PDO","No Control","","",1319847.45,1678892.65,"13198471678893"
"2018-13417-27/05/2021","2 Metropolitan","KILKENNY","5009","CITY OF CHARLES STURT",2,0,0,0,0,2018,"December","Tuesday","07:25 pm","060","T-Junction","Straight road","Level","Not Applicable","Sealed","Dry","Not Raining","Daylight","Right Angle","02","Driver Rider","1: PDO","No Control","","",1324138.49,1676014.31,"13241381676014"
"2018-13418-27/05/2021","2 Metropolitan","URRBRAE","5064","CC MITCHAM.                   ",2,0,0,0,0,2018,"December","Tuesday","05:35 pm","060","T-Junction","Straight road","Slope","Not Applicable","Sealed","Dry","Not Raining","Daylight","Right Angle","02","Driver Rider","1: PDO","Stop Sign","","",1331592.03,1666315.48,"13315921666315"
"2018-13419-27/05/2021","2 Metropolitan","ABERFOYLE PARK","5159","CITY OF ONKAPARINGA",2,0,0,0,0,2018,"December","Monday","06:00 am","050","Not Divided","Straight road","Level","Not Applicable","Sealed","Dry","Not Raining","Daylight","Hit Parked Vehicle","02","Driver Rider","1: PDO","No Control","","",1327742.13,1654948.38,"13277421654948"
"2018-13420-27/05/2021","3 Country","WHYALLA NORRIE","5608","CC WHYALLA.                   ",1,0,0,0,0,2018,"December","Tuesday","07:50 pm","060","T-Junction","Straight road","Level","Not Applicable","Sealed","Dry","Not Raining","Daylight","Roll Over","01","Driver Rider","1: PDO","No Control","","",1236521.82,1883006.77,"12365221883007"
"2018-13421-27/05/2021","2 Metropolitan","BRIDGEWATER","5155","THE ADELAIDE HILLS COUNCIL",2,0,0,0,0,2018,"December","Tuesday","09:30 pm","050","Not Divided","CURVED, VIEW OPEN","Slope","Not Applicable","Sealed","Dry","Not Raining","Night","Hit Fixed Object","01","Driver Rider","1: PDO","No Control","","",1343341.59,1660823.81,"13433421660824"
"2018-13422-27/05/2021","2 Metropolitan","SALISBURY HEIGHTS","5109","CITY OF SALISBURY",2,1,0,0,1,2018,"December","Tuesday","10:20 pm","060","T-Junction","Straight road","Level","Not Applicable","Sealed","Dry","Not Raining","Night","Rear End","02","Driver Rider","2: MI","No Control","","",1336258.37,1687698.86,"13362581687699"
"2018-13423-27/05/2021","2 Metropolitan","SEAFORD","5169","CITY OF ONKAPARINGA",2,0,0,0,0,2018,"December","Tuesday","10:50 pm","050","T-Junction","Straight road","Level","Not Applicable","Sealed","Dry","Not Raining","Night","Hit Fixed Object","01","Driver Rider","1: PDO","No Control","","",1315670.07,1642110.62,"13156701642111"
"2018-13424-27/05/2021","3 Country","ANGASTON","5353","THE BAROSSA COUNCIL.",3,0,0,0,0,2018,"December","Tuesday","11:30 pm","050","Not Divided","CURVED, VIEW OPEN","Slope","Not Applicable","Sealed","Dry","Not Raining","Night","Hit Fixed Object","01","Driver Rider","1: PDO","No Control","","",1370830.51,1716478.75,"13708311716479"
"2018-13425-27/05/2021","2 Metropolitan","HYDE PARK","5061","CITY OF UNLEY",2,0,0,0,0,2018,"December","Tuesday","09:00 am","050","Not Divided","Straight road","Level","Not Applicable","Sealed","Dry","Not Raining","Daylight","Side Swipe","02","Driver Rider","1: PDO","No Control","","",1328398.84,1667347.3,"13283991667347"
"2018-13426-27/05/2021","3 Country","STREAKY BAY","5680","DC STREAKY BAY.               ",2,1,0,0,1,2018,"December","Monday","12:00 pm","110","Not Divided","Straight road","Level","Not Applicable","Sealed","Dry","Not Raining","Daylight","Hit Fixed Object","01","Driver Rider","2: MI","No Control","","",940328.3,1902345.87,"09403281902346"
"2018-13427-27/05/2021","2 Metropolitan","HOVE","5048","CITY OF HOLDFAST BAY",2,0,0,0,0,2018,"December","Tuesday","04:50 pm","060","T-Junction","Straight road","Level","Not Applicable","Sealed","Dry","Not Raining","Daylight","Right Angle","02","Driver Rider","1: PDO","No Control","","",1321118.12,1661543.33,"13211181661543"
"2018-13428-27/05/2021","2 Metropolitan","ANDREWS FARM","5114","CITY OF PLAYFORD.",2,0,0,0,0,2018,"December","Wednesday","11:00 am","050","T-Junction","Straight road","Level","Not Applicable","Sealed","Dry","Not Raining","Daylight","Rear End","02","Driver Rider","1: PDO","No Control","","",1335533.14,1698802.7,"13355331698803"
"2018-13429-27/05/2021","3 Country","WOOL BAY","5575","YORKE PENINSULA COUNCIL",2,1,0,0,1,2018,"December","Tuesday","06:10 am","100","Not Divided","Straight road","Crest of Hill","Not Applicable","Sealed","Dry","Not Raining","Daylight","Hit Animal","02","Animal","2: MI","No Control","","",1248844.66,1664424.08,"12488451664424"
"2018-13430-27/05/2021","2 Metropolitan","MONTACUTE","5134","THE ADELAIDE HILLS COUNCIL",1,1,0,0,1,2018,"December","Wednesday","09:40 am","080","Not Divided","Straight road","Level","Not Applicable","Sealed","Dry","Not Raining","Daylight","Roll Over","01","Driver Rider","2: MI","No Control","","",1340385.44,1674108.39,"13403851674108"
"2018-13431-27/05/2021","2 Metropolitan","CAREY GULLY","5144","THE ADELAIDE HILLS COUNCIL",1,1,0,0,1,2018,"December","Wednesday","11:45 am","080","Not Divided","CURVED, VIEW OBSCURED","Level","Not Applicable","Sealed","Dry","Not Raining","Daylight","Roll Over","01","Driver Rider","2: MI","No Control","","Y",1343927.11,1665196.81,"13439271665197"
"2018-13432-27/05/2021","2 Metropolitan","TUSMORE","5065","CITY OF BURNSIDE",2,3,0,0,3,2018,"December","Wednesday","01:27 pm","060","Cross Road","Straight road","Level","Not Applicable","Sealed","Dry","Not Raining","Daylight","Right Turn","01","Driver Rider","2: MI","Traffic Signals","","",1332324.24,1669046.54,"13323241669047"
"2018-13433-27/05/2021","3 Country","NARRUNG","5259","COORONG DISTRICT COUNCIL",1,1,0,1,0,2018,"December","Wednesday","08:10 am","100","Not Divided","Straight road","Level","Not Applicable","Unsealed","Dry","Not Raining","Daylight","Roll Over","01","Driver Rider","3: SI","No Control","","",1375282.12,1602329.32,"13752821602329"
"2018-13434-27/05/2021","3 Country","GLOSSOP","5344","THE BERRI BARMERA COUNCIL",2,0,0,0,0,2018,"December","Wednesday","10:00 am","050","Not Divided","Straight road","Level","Driveway or Entrance","Sealed","Dry","Not Raining","Daylight","Right Angle","01","Driver Rider","1: PDO","No Control","","",1508449.67,1735625.78,"15084501735626"
"2018-13435-27/05/2021","2 Metropolitan","FLINDERS PARK","5025","CITY OF CHARLES STURT",2,0,0,0,0,2018,"December","Tuesday","04:30 pm","060","Divided Road","Straight road","Level","Not Applicable","Sealed","Dry","Not Raining","Daylight","Rear End","01","Driver Rider","1: PDO","No Control","","",1324163.62,1673172.05,"13241641673172"
"2018-13436-27/05/2021","3 Country","KINGSCOTE","5223","KANGAROO ISLAND COUNCIL",2,1,0,0,1,2018,"December","Wednesday","01:30 pm","060","Cross Road","Straight road","Level","Not Applicable","Sealed","Dry","Not Raining","Daylight","Right Angle","01","Driver Rider","2: MI","Give Way Sign","","",1238435.37,1592618.69,"12384351592619"
"2018-13437-27/05/2021","3 Country","MOUNT LIGHT","5271","DC NARACOORTE & LUCINDALE.",1,0,0,0,0,2018,"December","Wednesday","02:30 pm","110","Not Divided","Straight road","Level","Not Applicable","Sealed","Dry","Not Raining","Daylight","Left Road - Out of Control","09","Other","1: PDO","No Control","","",1512109.29,1430085.49,"15121091430085"
"2018-13438-27/05/2021","2 Metropolitan","GLENELG SOUTH","5045","CITY OF HOLDFAST BAY",2,3,0,0,3,2018,"December","Wednesday","05:30 pm","060","Cross Road","Straight road","Level","Not Applicable","Sealed","Dry","Not Raining","Daylight","Right Turn","02","Driver Rider","2: MI","Traffic Signals","","",1321038.91,1664346.95,"13210391664347"
"2018-13439-27/05/2021","3 Country","CYGNET RIVER","5223","KANGAROO ISLAND COUNCIL",2,1,0,0,1,2018,"December","Wednesday","01:10 pm","110","T-Junction","Straight road","Level","Not Applicable","Sealed","Dry","Not Raining","Daylight","Right Angle","01","Driver Rider","2: MI","No Control","","",1231561.71,1584766.72,"12315621584767"
"2018-13440-27/05/2021","2 Metropolitan","HENLEY BEACH","5022","CITY OF CHARLES STURT",2,2,0,0,2,2018,"December","Wednesday","06:35 pm","060","Divided Road","Straight road","Level","Driveway or Entrance","Sealed","Dry","Not Raining","Daylight","Right Angle","02","Driver Rider","2: MI","No Control","","",1319896.86,1673052.05,"13198971673052"